Distance,Diameter,Radius,FFR,Text File Input
0,3.16413,1.582065,0.79,0 1.582065 0
0.0178619,3.16506,1.58253,,0.0178619 1.58253 0
0.121403,3.176,1.588,,0.121403 1.588 0
0.208624,3.18914,1.59457,,0.208624 1.59457 0
0.238848,3.194,1.597,,0.238848 1.597 0
0.308827,3.20517,1.602585,,0.308827 1.602585 0
0.31438,3.20601,1.603005,,0.31438 1.603005 0
0.346404,3.20987,1.604935,,0.346404 1.604935 0
0.36563,3.21182,1.60591,,0.36563 1.60591 0
0.36925,3.21218,1.60609,,0.36925 1.60609 0
0.439434,3.21609,1.608045,,0.439434 1.608045 0
0.450911,3.21682,1.60841,,0.450911 1.60841 0
0.465602,3.21729,1.608645,,0.465602 1.608645 0
0.509487,3.21662,1.60831,,0.509487 1.60831 0
0.548136,3.2146,1.6073,,0.548136 1.6073 0
0.564717,3.21303,1.606515,,0.564717 1.606515 0
0.602097,3.20842,1.60421,,0.602097 1.60421 0
0.739612,3.18855,1.594275,,0.739612 1.594275 0
0.76716,3.18708,1.59354,,0.76716 1.59354 0
0.773116,3.18692,1.59346,,0.773116 1.59346 0
0.835396,3.17954,1.58977,,0.835396 1.58977 0
0.865891,3.17285,1.586425,,0.865891 1.586425 0
0.924342,3.15897,1.579485,,0.924342 1.579485 0
1.16844,3.11876,1.55938,,1.16844 1.55938 0
1.25359,3.11135,1.555675,,1.25359 1.555675 0
1.2857,3.10727,1.553635,,1.2857 1.553635 0
1.4123,3.09781,1.548905,,1.4123 1.548905 0
1.45846,3.09635,1.548175,,1.45846 1.548175 0
1.57281,3.09304,1.54652,,1.57281 1.54652 0
1.66963,3.09734,1.54867,,1.66963 1.54867 0
1.71052,3.0979,1.54895,,1.71052 1.54895 0
1.72613,3.09784,1.54892,,1.72613 1.54892 0
1.75756,3.09745,1.548725,,1.75756 1.548725 0
1.95957,3.10145,1.550725,,1.95957 1.550725 0
2.00096,3.10387,1.551935,,2.00096 1.551935 0
2.01694,3.10402,1.55201,,2.01694 1.55201 0
2.07411,3.10114,1.55057,,2.07411 1.55057 0
2.09405,3.0997,1.54985,,2.09405 1.54985 0
2.27541,3.09488,1.54744,,2.27541 1.54744 0
2.30646,3.09486,1.54743,,2.30646 1.54743 0
2.312,3.0948,1.5474,,2.312 1.5474 0
2.39852,3.09342,1.54671,,2.39852 1.54671 0
2.44844,3.09245,1.546225,,2.44844 1.546225 0
2.47038,3.09162,1.54581,,2.47038 1.54581 0
2.54573,3.08711,1.543555,,2.54573 1.543555 0
2.64668,3.08217,1.541085,,2.64668 1.541085 0
2.69214,3.07975,1.539875,,2.69214 1.539875 0
2.73818,3.07599,1.537995,,2.73818 1.537995 0
2.77665,3.07296,1.53648,,2.77665 1.53648 0
2.78359,3.07236,1.53618,,2.78359 1.53618 0
2.79168,3.07163,1.535815,,2.79168 1.535815 0
2.79891,3.07078,1.53539,,2.79891 1.53539 0
3.00878,3.04163,1.520815,,3.00878 1.520815 0
3.07064,3.03678,1.51839,,3.07064 1.51839 0
3.07084,3.03677,1.518385,,3.07084 1.518385 0
3.07927,3.03603,1.518015,,3.07927 1.518015 0
3.16626,3.02688,1.51344,,3.16626 1.51344 0
3.18826,3.02253,1.511265,,3.18826 1.511265 0
3.37071,2.99392,1.49696,,3.37071 1.49696 0
3.42454,2.98771,1.493855,,3.42454 1.493855 0
3.45767,2.98337,1.491685,,3.45767 1.491685 0
3.46565,2.982,1.491,,3.46565 1.491 0
3.53084,2.96732,1.48366,,3.53084 1.48366 0
3.53105,2.96727,1.483635,,3.53105 1.483635 0
3.54857,2.96316,1.48158,,3.54857 1.48158 0
3.57478,2.95691,1.478455,,3.57478 1.478455 0
3.6634,2.93084,1.46542,,3.6634 1.46542 0
3.75499,2.90848,1.45424,,3.75499 1.45424 0
3.75501,2.90848,1.45424,,3.75501 1.45424 0
3.7573,2.90784,1.45392,,3.7573 1.45392 0
3.86043,2.87966,1.43983,,3.86043 1.43983 0
3.96938,2.85052,1.42526,,3.96938 1.42526 0
4.00163,2.8432,1.4216,,4.00163 1.4216 0
4.00924,2.84092,1.42046,,4.00924 1.42046 0
4.09273,2.81811,1.409055,,4.09273 1.409055 0
4.10481,2.81514,1.40757,,4.10481 1.40757 0
4.14701,2.80517,1.402585,,4.14701 1.402585 0
4.22807,2.78393,1.391965,,4.22807 1.391965 0
4.32413,2.76428,1.38214,,4.32413 1.38214 0
4.32543,2.76402,1.38201,,4.32543 1.38201 0
4.43829,2.74055,1.370275,,4.43829 1.370275 0
4.44342,2.73974,1.36987,,4.44342 1.36987 0
4.50151,2.7287,1.36435,,4.50151 1.36435 0
4.62418,2.71296,1.35648,,4.62418 1.35648 0
4.66656,2.71062,1.35531,,4.66656 1.35531 0
4.69051,2.70856,1.35428,,4.69051 1.35428 0
4.70877,2.70652,1.35326,,4.70877 1.35326 0
4.75608,2.70135,1.350675,,4.75608 1.350675 0
4.79708,2.69374,1.34687,,4.79708 1.34687 0
4.87538,2.68191,1.340955,,4.87538 1.340955 0
4.92394,2.67464,1.33732,,4.92394 1.33732 0
4.93554,2.67285,1.336425,,4.93554 1.336425 0
5.0098,2.65764,1.32882,,5.0098 1.32882 0
5.03452,2.6531,1.32655,,5.03452 1.32655 0
5.07802,2.64208,1.32104,,5.07802 1.32104 0
5.07812,2.64206,1.32103,,5.07812 1.32103 0
5.10091,2.63708,1.31854,,5.10091 1.31854 0
5.10101,2.63706,1.31853,,5.10101 1.31853 0
5.11243,2.6342,1.3171,,5.11243 1.3171 0
5.14372,2.62605,1.313025,,5.14372 1.313025 0
5.16398,2.61968,1.30984,,5.16398 1.30984 0
5.16878,2.61804,1.30902,,5.16878 1.30902 0
5.22499,2.59597,1.297985,,5.22499 1.297985 0
5.23532,2.59141,1.295705,,5.23532 1.295705 0
5.30477,2.55854,1.27927,,5.30477 1.27927 0
5.31522,2.55335,1.276675,,5.31522 1.276675 0
5.40494,2.50975,1.254875,,5.40494 1.254875 0
5.41884,2.50356,1.25178,,5.41884 1.25178 0
5.42125,2.50238,1.25119,,5.42125 1.25119 0
5.4849,2.46901,1.234505,,5.4849 1.234505 0
5.5,2.46133,1.230665,,5.5 1.230665 0
5.50085,2.46087,1.230435,,5.50085 1.230435 0
5.53172,2.444,1.222,,5.53172 1.222 0
5.54854,2.43403,1.217015,,5.54854 1.217015 0
5.58955,2.41008,1.20504,,5.58955 1.20504 0
5.62651,2.38831,1.194155,,5.62651 1.194155 0
5.65426,2.37197,1.185985,,5.65426 1.185985 0
5.68936,2.35107,1.175535,,5.68936 1.175535 0
5.71233,2.33681,1.168405,,5.71233 1.168405 0
5.77374,2.29926,1.14963,,5.77374 1.14963 0
5.78792,2.29035,1.145175,,5.78792 1.145175 0
5.85336,2.24998,1.12499,,5.85336 1.12499 0
5.85677,2.24784,1.12392,,5.85677 1.12392 0
5.92391,2.20601,1.103005,,5.92391 1.103005 0
6.00865,2.15731,1.078655,,6.00865 1.078655 0
6.00886,2.1572,1.0786,,6.00886 1.0786 0
6.01697,2.15279,1.076395,,6.01697 1.076395 0
6.07397,2.12102,1.06051,,6.07397 1.06051 0
6.08005,2.11757,1.058785,,6.08005 1.058785 0
6.09799,2.10725,1.053625,,6.09799 1.053625 0
6.10469,2.10339,1.051695,,6.10469 1.051695 0
6.14086,2.08326,1.04163,,6.14086 1.04163 0
6.16571,2.07021,1.035105,,6.16571 1.035105 0
6.16707,2.06941,1.034705,,6.16707 1.034705 0
6.20033,2.05023,1.025115,,6.20033 1.025115 0
6.23568,2.03087,1.015435,,6.23568 1.015435 0
6.25614,2.02,1.01,,6.25614 1.01 0
6.29013,2.00037,1.000185,,6.29013 1.000185 0
6.3606,1.9631,0.98155,,6.3606 0.98155 0
6.36906,1.95907,0.979535,,6.36906 0.979535 0
6.39701,1.94552,0.97276,,6.39701 0.97276 0
6.39819,1.94494,0.97247,,6.39819 0.97247 0
6.43283,1.92789,0.963945,,6.43283 0.963945 0
6.44403,1.92206,0.96103,,6.44403 0.96103 0
6.4988,1.89566,0.94783,,6.4988 0.94783 0
6.50686,1.89209,0.946045,,6.50686 0.946045 0
6.55013,1.87144,0.93572,,6.55013 0.93572 0
6.55292,1.87019,0.935095,,6.55292 0.935095 0
6.56969,1.86257,0.931285,,6.56969 0.931285 0
6.61228,1.84323,0.921615,,6.61228 0.921615 0
6.67059,1.81853,0.909265,,6.67059 0.909265 0
6.718,1.79807,0.899035,,6.718 0.899035 0
6.73136,1.79211,0.896055,,6.73136 0.896055 0
6.82171,1.75668,0.87834,,6.82171 0.87834 0
6.82991,1.75405,0.877025,,6.82991 0.877025 0
6.88607,1.7349,0.86745,,6.88607 0.86745 0
6.89264,1.7327,0.86635,,6.89264 0.86635 0
6.90261,1.72945,0.864725,,6.90261 0.864725 0
6.98284,1.70483,0.852415,,6.98284 0.852415 0
6.98712,1.70362,0.85181,,6.98712 0.85181 0
6.99971,1.70003,0.850015,,6.99971 0.850015 0
7.0439,1.68686,0.84343,,7.0439 0.84343 0
7.09208,1.67328,0.83664,,7.09208 0.83664 0
7.16993,1.65523,0.827615,,7.16993 0.827615 0
7.22379,1.64499,0.822495,,7.22379 0.822495 0
7.22399,1.64496,0.82248,,7.22399 0.82248 0
7.23595,1.6428,0.8214,,7.23595 0.8214 0
7.30491,1.62926,0.81463,,7.30491 0.81463 0
7.32588,1.62632,0.81316,,7.32588 0.81316 0
7.33672,1.62386,0.81193,,7.33672 0.81193 0
7.38844,1.61377,0.806885,,7.38844 0.806885 0
7.38859,1.61374,0.80687,,7.38859 0.80687 0
7.54987,1.59989,0.799945,,7.54987 0.799945 0
7.57197,1.60091,0.800455,,7.57197 0.800455 0
7.58523,1.60099,0.800495,,7.58523 0.800495 0
7.59493,1.6007,0.80035,,7.59493 0.80035 0
7.61296,1.59923,0.799615,,7.61296 0.799615 0
7.62997,1.59747,0.798735,,7.62997 0.798735 0
7.68235,1.59307,0.796535,,7.68235 0.796535 0
7.71293,1.5923,0.79615,,7.71293 0.79615 0
7.74577,1.59175,0.795875,,7.74577 0.795875 0
7.80426,1.59589,0.797945,,7.80426 0.797945 0
7.80847,1.59617,0.798085,,7.80847 0.798085 0
7.84603,1.59828,0.79914,,7.84603 0.79914 0
7.8677,1.59955,0.799775,,7.8677 0.799775 0
7.87098,1.59964,0.79982,,7.87098 0.79982 0
7.87782,1.59975,0.799875,,7.87782 0.799875 0
7.89312,1.59934,0.79967,,7.89312 0.79967 0
7.93805,1.59924,0.79962,,7.93805 0.79962 0
7.96437,1.6001,0.80005,,7.96437 0.80005 0
7.96979,1.60037,0.800185,,7.96979 0.800185 0
7.98651,1.6012,0.8006,,7.98651 0.8006 0
7.98653,1.60121,0.800605,,7.98653 0.800605 0
7.99205,1.60147,0.800735,,7.99205 0.800735 0
7.99311,1.60158,0.80079,,7.99311 0.80079 0
8.02995,1.60538,0.80269,,8.02995 0.80269 0
8.05285,1.609,0.8045,,8.05285 0.8045 0
8.06717,1.61119,0.805595,,8.06717 0.805595 0
8.07647,1.61267,0.806335,,8.07647 0.806335 0
8.10234,1.61672,0.80836,,8.10234 0.80836 0
8.14187,1.62229,0.811145,,8.14187 0.811145 0
8.14255,1.62237,0.811185,,8.14255 0.811185 0
8.1811,1.62633,0.813165,,8.1811 0.813165 0
8.18585,1.62687,0.813435,,8.18585 0.813435 0
8.22365,1.62991,0.814955,,8.22365 0.814955 0
8.22724,1.63022,0.81511,,8.22724 0.81511 0
8.23286,1.63067,0.815335,,8.23286 0.815335 0
8.24739,1.63148,0.81574,,8.24739 0.81574 0
8.3099,1.63917,0.819585,,8.3099 0.819585 0
8.33968,1.64469,0.822345,,8.33968 0.822345 0
8.35812,1.648,0.824,,8.35812 0.824 0
8.37782,1.65135,0.825675,,8.37782 0.825675 0
8.38006,1.65167,0.825835,,8.38006 0.825835 0
8.39729,1.65348,0.82674,,8.39729 0.82674 0
8.42958,1.65607,0.828035,,8.42958 0.828035 0
8.43651,1.65671,0.828355,,8.43651 0.828355 0
8.46924,1.65864,0.82932,,8.46924 0.82932 0
8.51799,1.66335,0.831675,,8.51799 0.831675 0
8.55968,1.66905,0.834525,,8.55968 0.834525 0
8.57172,1.671,0.8355,,8.57172 0.8355 0
8.58291,1.6725,0.83625,,8.58291 0.83625 0
8.58784,1.67325,0.836625,,8.58784 0.836625 0
8.60133,1.67534,0.83767,,8.60133 0.83767 0
8.60185,1.6754,0.8377,,8.60185 0.8377 0
8.60615,1.67573,0.837865,,8.60615 0.837865 0
8.61086,1.67601,0.838005,,8.61086 0.838005 0
8.62384,1.67653,0.838265,,8.62384 0.838265 0
8.6733,1.6794,0.8397,,8.6733 0.8397 0
8.7088,1.68329,0.841645,,8.7088 0.841645 0
8.72615,1.68558,0.84279,,8.72615 0.84279 0
8.75282,1.68897,0.844485,,8.75282 0.844485 0
8.76738,1.69034,0.84517,,8.76738 0.84517 0
8.79821,1.69333,0.846665,,8.79821 0.846665 0
8.80343,1.69377,0.846885,,8.80343 0.846885 0
8.85045,1.69649,0.848245,,8.85045 0.848245 0
8.86143,1.69714,0.84857,,8.86143 0.84857 0
8.86283,1.69721,0.848605,,8.86283 0.848605 0
8.88952,1.69839,0.849195,,8.88952 0.849195 0
8.93887,1.69431,0.847155,,8.93887 0.847155 0
8.99771,1.69138,0.84569,,8.99771 0.84569 0
9.00357,1.69115,0.845575,,9.00357 0.845575 0
9.0605,1.69126,0.84563,,9.0605 0.84563 0
9.06181,1.69121,0.845605,,9.06181 0.845605 0
9.12342,1.68832,0.84416,,9.12342 0.84416 0
9.15226,1.68584,0.84292,,9.15226 0.84292 0
9.2165,1.68374,0.84187,,9.2165 0.84187 0
9.22675,1.6841,0.84205,,9.22675 0.84205 0
9.23156,1.68406,0.84203,,9.23156 0.84203 0
9.26943,1.68336,0.84168,,9.26943 0.84168 0
9.29077,1.6829,0.84145,,9.29077 0.84145 0
9.29078,1.6829,0.84145,,9.29078 0.84145 0
9.29091,1.6829,0.84145,,9.29091 0.84145 0
9.33911,1.68089,0.840445,,9.33911 0.840445 0
9.35326,1.68051,0.840255,,9.35326 0.840255 0
9.40719,1.67896,0.83948,,9.40719 0.83948 0
9.43346,1.67859,0.839295,,9.43346 0.839295 0
9.44678,1.67868,0.83934,,9.44678 0.83934 0
9.48394,1.67811,0.839055,,9.48394 0.839055 0
9.48464,1.67807,0.839035,,9.48464 0.839035 0
9.53664,1.67591,0.837955,,9.53664 0.837955 0
9.6149,1.6634,0.8317,,9.6149 0.8317 0
9.68343,1.65821,0.829105,,9.68343 0.829105 0
9.69747,1.65752,0.82876,,9.69747 0.82876 0
9.71353,1.65647,0.828235,,9.71353 0.828235 0
9.72927,1.65576,0.82788,,9.72927 0.82788 0
9.7397,1.65494,0.82747,,9.7397 0.82747 0
9.78536,1.64926,0.82463,,9.78536 0.82463 0
9.78546,1.64925,0.824625,,9.78546 0.824625 0
9.79769,1.64776,0.82388,,9.79769 0.82388 0
9.83949,1.64313,0.821565,,9.83949 0.821565 0
9.85621,1.64033,0.820165,,9.85621 0.820165 0
9.88212,1.63528,0.81764,,9.88212 0.81764 0
9.88377,1.63494,0.81747,,9.88377 0.81747 0
9.91299,1.62863,0.814315,,9.91299 0.814315 0
9.974,1.61509,0.807545,,9.974 0.807545 0
10.0343,1.60204,0.80102,,10.0343 0.80102 0
10.0373,1.60149,0.800745,,10.0373 0.800745 0
10.1048,1.59036,0.79518,,10.1048 0.79518 0
10.1133,1.58843,0.794215,,10.1133 0.794215 0
10.1691,1.57672,0.78836,,10.1691 0.78836 0
10.1871,1.57282,0.78641,,10.1871 0.78641 0
10.236,1.56333,0.781665,,10.236 0.781665 0
10.2907,1.55519,0.777595,,10.2907 0.777595 0
10.3142,1.55182,0.77591,,10.3142 0.77591 0
10.3162,1.55146,0.77573,,10.3162 0.77573 0
10.3228,1.55008,0.77504,,10.3228 0.77504 0
10.3588,1.54102,0.77051,,10.3588 0.77051 0
10.3589,1.54099,0.770495,,10.3589 0.770495 0
10.4079,1.52441,0.762205,,10.4079 0.762205 0
10.408,1.52438,0.76219,,10.408 0.76219 0
10.4646,1.50585,0.752925,,10.4646 0.752925 0
10.51,1.49529,0.747645,,10.51 0.747645 0
10.5478,1.48866,0.74433,,10.5478 0.74433 0
10.5703,1.48535,0.742675,,10.5703 0.742675 0
10.603,1.48164,0.74082,,10.603 0.74082 0
10.6307,1.47813,0.739065,,10.6307 0.739065 0
10.6787,1.4724,0.7362,,10.6787 0.7362 0
10.6788,1.47239,0.736195,,10.6788 0.736195 0
10.6793,1.47233,0.736165,,10.6793 0.736165 0
10.7382,1.46593,0.732965,,10.7382 0.732965 0
10.7615,1.46385,0.731925,,10.7615 0.731925 0
10.7648,1.4634,0.7317,,10.7648 0.7317 0
10.7881,1.46042,0.73021,,10.7881 0.73021 0
10.8062,1.4581,0.72905,,10.8062 0.72905 0
10.8233,1.45587,0.727935,,10.8233 0.727935 0
10.8429,1.45337,0.726685,,10.8429 0.726685 0
10.846,1.45294,0.72647,,10.846 0.72647 0
10.8844,1.44844,0.72422,,10.8844 0.72422 0
10.885,1.44834,0.72417,,10.885 0.72417 0
10.9381,1.44236,0.72118,,10.9381 0.72118 0
10.9419,1.44203,0.721015,,10.9419 0.721015 0
10.9549,1.4413,0.72065,,10.9549 0.72065 0
10.96,1.44056,0.72028,,10.96 0.72028 0
10.9601,1.44055,0.720275,,10.9601 0.720275 0
11.038,1.43625,0.718125,,11.038 0.718125 0
11.0802,1.43607,0.718035,,11.0802 0.718035 0
11.1147,1.43743,0.718715,,11.1147 0.718715 0
11.1256,1.43754,0.71877,,11.1256 0.71877 0
11.1268,1.43747,0.718735,,11.1268 0.718735 0
11.1431,1.4369,0.71845,,11.1431 0.71845 0
11.2016,1.43803,0.719015,,11.2016 0.719015 0
11.2169,1.43898,0.71949,,11.2169 0.71949 0
11.2255,1.43964,0.71982,,11.2255 0.71982 0
11.2294,1.43998,0.71999,,11.2294 0.71999 0
11.2478,1.44151,0.720755,,11.2478 0.720755 0
11.2533,1.44193,0.720965,,11.2533 0.720965 0
11.2534,1.44194,0.72097,,11.2534 0.72097 0
11.2777,1.44183,0.720915,,11.2777 0.720915 0
11.2922,1.44177,0.720885,,11.2922 0.720885 0
11.3269,1.44131,0.720655,,11.3269 0.720655 0
11.3945,1.44529,0.722645,,11.3945 0.722645 0
11.4137,1.44787,0.723935,,11.4137 0.723935 0
11.422,1.44895,0.724475,,11.422 0.724475 0
11.4551,1.45475,0.727375,,11.4551 0.727375 0
11.4618,1.45582,0.72791,,11.4618 0.72791 0
11.5099,1.46132,0.73066,,11.5099 0.73066 0
11.5144,1.46211,0.731055,,11.5144 0.731055 0
11.5331,1.46479,0.732395,,11.5331 0.732395 0
11.5834,1.47371,0.736855,,11.5834 0.736855 0
11.6092,1.47938,0.73969,,11.6092 0.73969 0
11.6636,1.49049,0.745245,,11.6636 0.745245 0
11.6896,1.49703,0.748515,,11.6896 0.748515 0
11.7166,1.5041,0.75205,,11.7166 0.75205 0
11.727,1.50672,0.75336,,11.727 0.75336 0
11.728,1.50694,0.75347,,11.728 0.75347 0
11.7446,1.51058,0.75529,,11.7446 0.75529 0
11.7573,1.51376,0.75688,,11.7573 0.75688 0
11.7885,1.52233,0.761165,,11.7885 0.761165 0
11.7887,1.52237,0.761185,,11.7887 0.761185 0
11.8224,1.5325,0.76625,,11.8224 0.76625 0
11.8346,1.53583,0.767915,,11.8346 0.767915 0
11.8348,1.5359,0.76795,,11.8348 0.76795 0
11.8546,1.54123,0.770615,,11.8546 0.770615 0
11.8547,1.54124,0.77062,,11.8547 0.77062 0
11.8683,1.54521,0.772605,,11.8683 0.772605 0
11.8683,1.54521,0.772605,,11.8683 0.772605 0
11.8714,1.54594,0.77297,,11.8714 0.77297 0
11.8715,1.54598,0.77299,,11.8715 0.77299 0
11.8902,1.55024,0.77512,,11.8902 0.77512 0
11.9059,1.55444,0.77722,,11.9059 0.77722 0
11.9062,1.55455,0.777275,,11.9062 0.777275 0
11.9335,1.56316,0.78158,,11.9335 0.78158 0
11.9336,1.5632,0.7816,,11.9336 0.7816 0
11.9579,1.5713,0.78565,,11.9579 0.78565 0
11.9579,1.57131,0.785655,,11.9579 0.785655 0
11.9607,1.57219,0.786095,,11.9607 0.786095 0
11.9658,1.57369,0.786845,,11.9658 0.786845 0
11.9733,1.57584,0.78792,,11.9733 0.78792 0
12.0243,1.5904,0.7952,,12.0243 0.7952 0
12.0278,1.59151,0.795755,,12.0278 0.795755 0
12.0281,1.59161,0.795805,,12.0281 0.795805 0
12.0465,1.59762,0.79881,,12.0465 0.79881 0
12.0521,1.59958,0.79979,,12.0521 0.79979 0
12.0769,1.60865,0.804325,,12.0769 0.804325 0
12.0769,1.60866,0.80433,,12.0769 0.80433 0
12.0791,1.60939,0.804695,,12.0791 0.804695 0
12.0833,1.6108,0.8054,,12.0833 0.8054 0
12.0934,1.61426,0.80713,,12.0934 0.80713 0
12.0958,1.61514,0.80757,,12.0958 0.80757 0
12.136,1.62994,0.81497,,12.136 0.81497 0
12.1405,1.63125,0.815625,,12.1405 0.815625 0
12.1634,1.6378,0.8189,,12.1634 0.8189 0
12.1705,1.63909,0.819545,,12.1705 0.819545 0
12.1742,1.63953,0.819765,,12.1742 0.819765 0
12.2235,1.64586,0.82293,,12.2235 0.82293 0
12.2473,1.65035,0.825175,,12.2473 0.825175 0
12.2557,1.65161,0.825805,,12.2557 0.825805 0
12.304,1.65871,0.829355,,12.304 0.829355 0
12.3129,1.66014,0.83007,,12.3129 0.83007 0
12.3243,1.66156,0.83078,,12.3243 0.83078 0
12.3264,1.66178,0.83089,,12.3264 0.83089 0
12.3575,1.665,0.8325,,12.3575 0.8325 0
12.3575,1.66501,0.832505,,12.3575 0.832505 0
12.3663,1.66625,0.833125,,12.3663 0.833125 0
12.3666,1.6663,0.83315,,12.3666 0.83315 0
12.3863,1.66901,0.834505,,12.3863 0.834505 0
12.4015,1.67122,0.83561,,12.4015 0.83561 0
12.4504,1.6753,0.83765,,12.4504 0.83765 0
12.4605,1.67609,0.838045,,12.4605 0.838045 0
12.4605,1.67609,0.838045,,12.4605 0.838045 0
12.4657,1.67641,0.838205,,12.4657 0.838205 0
12.4892,1.67798,0.83899,,12.4892 0.83899 0
12.5188,1.67999,0.839995,,12.5188 0.839995 0
12.5204,1.68012,0.84006,,12.5204 0.84006 0
12.5587,1.68351,0.841755,,12.5587 0.841755 0
12.5763,1.68538,0.84269,,12.5763 0.84269 0
12.5955,1.68694,0.84347,,12.5955 0.84347 0
12.6162,1.68807,0.844035,,12.6162 0.844035 0
12.6382,1.68927,0.844635,,12.6382 0.844635 0
12.6686,1.69111,0.845555,,12.6686 0.845555 0
12.6808,1.69117,0.845585,,12.6808 0.845585 0
12.7098,1.69075,0.845375,,12.7098 0.845375 0
12.7375,1.69044,0.84522,,12.7375 0.84522 0
12.7705,1.69025,0.845125,,12.7705 0.845125 0
12.7774,1.6902,0.8451,,12.7774 0.8451 0
12.7981,1.69033,0.845165,,12.7981 0.845165 0
12.8224,1.69004,0.84502,,12.8224 0.84502 0
12.8726,1.69063,0.845315,,12.8726 0.845315 0
12.8912,1.69005,0.845025,,12.8912 0.845025 0
12.9502,1.68788,0.84394,,12.9502 0.84394 0
12.9574,1.68781,0.843905,,12.9574 0.843905 0
12.9845,1.68644,0.84322,,12.9845 0.84322 0
13.044,1.68537,0.842685,,13.044 0.842685 0
13.068,1.68573,0.842865,,13.068 0.842865 0
13.1033,1.68587,0.842935,,13.1033 0.842935 0
13.1299,1.68618,0.84309,,13.1299 0.84309 0
13.1632,1.68676,0.84338,,13.1632 0.84338 0
13.1663,1.68682,0.84341,,13.1663 0.84341 0
13.1672,1.68682,0.84341,,13.1672 0.84341 0
13.1695,1.68678,0.84339,,13.1695 0.84339 0
13.2061,1.68507,0.842535,,13.2061 0.842535 0
13.2611,1.68282,0.84141,,13.2611 0.84141 0
13.2977,1.68219,0.841095,,13.2977 0.841095 0
13.3296,1.6822,0.8411,,13.3296 0.8411 0
13.3965,1.68251,0.841255,,13.3965 0.841255 0
13.4076,1.683,0.8415,,13.4076 0.8415 0
13.426,1.68354,0.84177,,13.426 0.84177 0
13.4375,1.6837,0.84185,,13.4375 0.84185 0
13.4935,1.68576,0.84288,,13.4935 0.84288 0
13.5047,1.68637,0.843185,,13.5047 0.843185 0
13.5076,1.68647,0.843235,,13.5076 0.843235 0
13.5661,1.68951,0.844755,,13.5661 0.844755 0
13.6135,1.69221,0.846105,,13.6135 0.846105 0
13.6137,1.69223,0.846115,,13.6137 0.846115 0
13.6277,1.69384,0.84692,,13.6277 0.84692 0
13.6277,1.69384,0.84692,,13.6277 0.84692 0
13.6307,1.69425,0.847125,,13.6307 0.847125 0
13.6354,1.69417,0.847085,,13.6354 0.847085 0
13.6914,1.69431,0.847155,,13.6914 0.847155 0
13.6917,1.69428,0.84714,,13.6917 0.84714 0
13.7417,1.6926,0.8463,,13.7417 0.8463 0
13.7905,1.69415,0.847075,,13.7905 0.847075 0
13.8069,1.69511,0.847555,,13.8069 0.847555 0
13.8208,1.69648,0.84824,,13.8208 0.84824 0
13.8264,1.69709,0.848545,,13.8264 0.848545 0
13.8344,1.69773,0.848865,,13.8344 0.848865 0
13.836,1.69777,0.848885,,13.836 0.848885 0
13.8546,1.69793,0.848965,,13.8546 0.848965 0
13.8773,1.69788,0.84894,,13.8773 0.84894 0
13.879,1.69783,0.848915,,13.879 0.848915 0
13.9179,1.69546,0.84773,,13.9179 0.84773 0
13.9434,1.69372,0.84686,,13.9434 0.84686 0
13.9592,1.69325,0.846625,,13.9592 0.846625 0
13.9601,1.69324,0.84662,,13.9601 0.84662 0
14.0073,1.69339,0.846695,,14.0073 0.846695 0
14.0583,1.69615,0.848075,,14.0583 0.848075 0
14.0611,1.69631,0.848155,,14.0611 0.848155 0
14.0731,1.69672,0.84836,,14.0731 0.84836 0
14.1213,1.6964,0.8482,,14.1213 0.8482 0
14.1346,1.69587,0.847935,,14.1346 0.847935 0
14.2029,1.69423,0.847115,,14.2029 0.847115 0
14.203,1.69423,0.847115,,14.203 0.847115 0
14.2126,1.69462,0.84731,,14.2126 0.84731 0
14.2202,1.69489,0.847445,,14.2202 0.847445 0
14.2254,1.69483,0.847415,,14.2254 0.847415 0
14.3004,1.69458,0.84729,,14.3004 0.84729 0
14.3364,1.69471,0.847355,,14.3364 0.847355 0
14.3639,1.69505,0.847525,,14.3639 0.847525 0
14.4224,1.69787,0.848935,,14.4224 0.848935 0
14.4227,1.69789,0.848945,,14.4227 0.848945 0
14.4286,1.69832,0.84916,,14.4286 0.84916 0
14.4359,1.69874,0.84937,,14.4359 0.84937 0
14.4579,1.69971,0.849855,,14.4579 0.849855 0
14.4645,1.70013,0.850065,,14.4645 0.850065 0
14.4728,1.70082,0.85041,,14.4728 0.85041 0
14.4841,1.70137,0.850685,,14.4841 0.850685 0
14.5126,1.70241,0.851205,,14.5126 0.851205 0
14.5225,1.70289,0.851445,,14.5225 0.851445 0
14.5226,1.70289,0.851445,,14.5226 0.851445 0
14.5343,1.70302,0.85151,,14.5343 0.85151 0
14.552,1.70292,0.85146,,14.552 0.85146 0
14.5899,1.70292,0.85146,,14.5899 0.85146 0
14.607,1.70367,0.851835,,14.607 0.851835 0
14.6167,1.70392,0.85196,,14.6167 0.85196 0
14.6174,1.70393,0.851965,,14.6174 0.851965 0
14.6256,1.70371,0.851855,,14.6256 0.851855 0
14.6817,1.70452,0.85226,,14.6817 0.85226 0
14.7038,1.70546,0.85273,,14.7038 0.85273 0
14.7358,1.70678,0.85339,,14.7358 0.85339 0
14.7393,1.70693,0.853465,,14.7393 0.853465 0
14.7443,1.70696,0.85348,,14.7443 0.85348 0
14.7557,1.7069,0.85345,,14.7557 0.85345 0
14.8081,1.7063,0.85315,,14.8081 0.85315 0
14.8164,1.7064,0.8532,,14.8164 0.8532 0
14.8259,1.70634,0.85317,,14.8259 0.85317 0
14.8382,1.70592,0.85296,,14.8382 0.85296 0
14.8537,1.70534,0.85267,,14.8537 0.85267 0
14.8832,1.70432,0.85216,,14.8832 0.85216 0
14.9165,1.70229,0.851145,,14.9165 0.851145 0
14.9801,1.70062,0.85031,,14.9801 0.85031 0
14.9834,1.70064,0.85032,,14.9834 0.85032 0
15.0325,1.69921,0.849605,,15.0325 0.849605 0
15.0402,1.69909,0.849545,,15.0402 0.849545 0
15.0599,1.69793,0.848965,,15.0599 0.848965 0
15.0877,1.69624,0.84812,,15.0877 0.84812 0
15.0986,1.69548,0.84774,,15.0986 0.84774 0
15.1444,1.69285,0.846425,,15.1444 0.846425 0
15.2248,1.69085,0.845425,,15.2248 0.845425 0
15.243,1.69039,0.845195,,15.243 0.845195 0
15.2653,1.68867,0.844335,,15.2653 0.844335 0
15.2718,1.68809,0.844045,,15.2718 0.844045 0
15.2759,1.68767,0.843835,,15.2759 0.843835 0
15.3107,1.68329,0.841645,,15.3107 0.841645 0
15.3883,1.67608,0.83804,,15.3883 0.83804 0
15.422,1.67335,0.836675,,15.422 0.836675 0
15.4228,1.67327,0.836635,,15.4228 0.836635 0
15.4497,1.67091,0.835455,,15.4497 0.835455 0
15.4855,1.66717,0.833585,,15.4855 0.833585 0
15.4964,1.66587,0.832935,,15.4964 0.832935 0
15.5281,1.66109,0.830545,,15.5281 0.830545 0
15.606,1.65267,0.826335,,15.606 0.826335 0
15.6308,1.65125,0.825625,,15.6308 0.825625 0
15.6554,1.64941,0.824705,,15.6554 0.824705 0
15.6558,1.64939,0.824695,,15.6558 0.824695 0
15.6727,1.64856,0.82428,,15.6727 0.82428 0
15.7038,1.64698,0.82349,,15.7038 0.82349 0
15.7245,1.64475,0.822375,,15.7245 0.822375 0
15.7746,1.64018,0.82009,,15.7746 0.82009 0
15.7979,1.63671,0.818355,,15.7979 0.818355 0
15.8467,1.63006,0.81503,,15.8467 0.81503 0
15.9044,1.61976,0.80988,,15.9044 0.80988 0
15.9272,1.61464,0.80732,,15.9272 0.80732 0
15.939,1.61187,0.805935,,15.939 0.805935 0
15.9828,1.60188,0.80094,,15.9828 0.80094 0
16.0502,1.58964,0.79482,,16.0502 0.79482 0
16.0504,1.58962,0.79481,,16.0504 0.79481 0
16.0601,1.58826,0.79413,,16.0601 0.79413 0
16.0887,1.5835,0.79175,,16.0887 0.79175 0
16.1147,1.57889,0.789445,,16.1147 0.789445 0
16.1704,1.56602,0.78301,,16.1704 0.78301 0
16.1704,1.56602,0.78301,,16.1704 0.78301 0
16.1711,1.56588,0.78294,,16.1711 0.78294 0
16.2056,1.55785,0.778925,,16.2056 0.778925 0
16.27,1.54629,0.773145,,16.27 0.773145 0
16.2911,1.54337,0.771685,,16.2911 0.771685 0
16.3251,1.53871,0.769355,,16.3251 0.769355 0
16.3291,1.53812,0.76906,,16.3291 0.76906 0
16.3329,1.5375,0.76875,,16.3329 0.76875 0
16.3442,1.53566,0.76783,,16.3442 0.76783 0
16.3907,1.52673,0.763365,,16.3907 0.763365 0
16.4395,1.51723,0.758615,,16.4395 0.758615 0
16.5018,1.50974,0.75487,,16.5018 0.75487 0
16.5116,1.50881,0.754405,,16.5116 0.754405 0
16.521,1.50767,0.753835,,16.521 0.753835 0
16.5421,1.50453,0.752265,,16.5421 0.752265 0
16.5759,1.49962,0.74981,,16.5759 0.74981 0
16.5799,1.499,0.7495,,16.5799 0.7495 0
16.5952,1.49635,0.748175,,16.5952 0.748175 0
16.6302,1.49067,0.745335,,16.6302 0.745335 0
16.6303,1.49064,0.74532,,16.6303 0.74532 0
16.6771,1.48243,0.741215,,16.6771 0.741215 0
16.6889,1.48064,0.74032,,16.6889 0.74032 0
16.6972,1.4794,0.7397,,16.6972 0.7397 0
16.7256,1.47611,0.738055,,16.7256 0.738055 0
16.7476,1.47391,0.736955,,16.7476 0.736955 0
16.7619,1.47263,0.736315,,16.7619 0.736315 0
16.8067,1.46952,0.73476,,16.8067 0.73476 0
16.8208,1.46884,0.73442,,16.8208 0.73442 0
16.8394,1.46812,0.73406,,16.8394 0.73406 0
16.8665,1.467,0.7335,,16.8665 0.7335 0
16.8867,1.46659,0.733295,,16.8867 0.733295 0
16.8984,1.46624,0.73312,,16.8984 0.73312 0
16.903,1.46611,0.733055,,16.903 0.733055 0
16.9399,1.46396,0.73198,,16.9399 0.73198 0
16.978,1.46095,0.730475,,16.978 0.730475 0
17.0085,1.46002,0.73001,,17.0085 0.73001 0
17.0113,1.46003,0.730015,,17.0113 0.730015 0
17.0911,1.46361,0.731805,,17.0911 0.731805 0
17.1014,1.4646,0.7323,,17.1014 0.7323 0
17.1015,1.4646,0.7323,,17.1015 0.7323 0
17.1038,1.46476,0.73238,,17.1038 0.73238 0
17.1064,1.46487,0.732435,,17.1064 0.732435 0
17.138,1.4658,0.7329,,17.138 0.7329 0
17.1396,1.46583,0.732915,,17.1396 0.732915 0
17.1625,1.466,0.733,,17.1625 0.733 0
17.1768,1.46631,0.733155,,17.1768 0.733155 0
17.1772,1.46631,0.733155,,17.1772 0.733155 0
17.2148,1.46669,0.733345,,17.2148 0.733345 0
17.233,1.46703,0.733515,,17.233 0.733515 0
17.2455,1.46736,0.73368,,17.2455 0.73368 0
17.2668,1.46808,0.73404,,17.2668 0.73404 0
17.2802,1.46845,0.734225,,17.2802 0.734225 0
17.3363,1.47199,0.735995,,17.3363 0.735995 0
17.3398,1.47223,0.736115,,17.3398 0.736115 0
17.3711,1.47423,0.737115,,17.3711 0.737115 0
17.3789,1.47494,0.73747,,17.3789 0.73747 0
17.3943,1.47629,0.738145,,17.3943 0.738145 0
17.397,1.47641,0.738205,,17.397 0.738205 0
17.4393,1.47908,0.73954,,17.4393 0.73954 0
17.4812,1.48173,0.740865,,17.4812 0.740865 0
17.4939,1.48094,0.74047,,17.4939 0.74047 0
17.5152,1.47927,0.739635,,17.5152 0.739635 0
17.5153,1.47926,0.73963,,17.5153 0.73963 0
17.5243,1.47851,0.739255,,17.5243 0.739255 0
17.5516,1.47522,0.73761,,17.5516 0.73761 0
17.5846,1.47101,0.735505,,17.5846 0.735505 0
17.6178,1.46643,0.733215,,17.6178 0.733215 0
17.6593,1.46242,0.73121,,17.6593 0.73121 0
17.6608,1.46229,0.731145,,17.6608 0.731145 0
17.6717,1.46114,0.73057,,17.6717 0.73057 0
17.6733,1.46089,0.730445,,17.6733 0.730445 0
17.7093,1.45465,0.727325,,17.7093 0.727325 0
17.7442,1.44998,0.72499,,17.7442 0.72499 0
17.7983,1.44488,0.72244,,17.7983 0.72244 0
17.8069,1.44437,0.722185,,17.8069 0.722185 0
17.8073,1.44433,0.722165,,17.8073 0.722165 0
17.8185,1.44287,0.721435,,17.8185 0.721435 0
17.8436,1.43986,0.71993,,17.8436 0.71993 0
17.8578,1.43759,0.718795,,17.8578 0.718795 0
17.8698,1.43564,0.71782,,17.8698 0.71782 0
17.8698,1.43564,0.71782,,17.8698 0.71782 0
17.8719,1.43523,0.717615,,17.8719 0.717615 0
17.9027,1.42869,0.714345,,17.9027 0.714345 0
17.9952,1.4193,0.70965,,17.9952 0.70965 0
17.9953,1.4193,0.70965,,17.9953 0.70965 0
18.0098,1.41903,0.709515,,18.0098 0.709515 0
18.0429,1.41863,0.709315,,18.0429 0.709315 0
18.0608,1.41718,0.70859,,18.0608 0.70859 0
18.0635,1.41691,0.708455,,18.0635 0.708455 0
18.0744,1.41577,0.707885,,18.0744 0.707885 0
18.0975,1.41286,0.70643,,18.0975 0.70643 0
18.1322,1.40901,0.704505,,18.1322 0.704505 0
18.15,1.40738,0.70369,,18.15 0.70369 0
18.1607,1.40634,0.70317,,18.1607 0.70317 0
18.1897,1.40423,0.702115,,18.1897 0.702115 0
18.2201,1.40149,0.700745,,18.2201 0.700745 0
18.2305,1.40035,0.700175,,18.2305 0.700175 0
18.2542,1.39637,0.698185,,18.2542 0.698185 0
18.3146,1.38143,0.690715,,18.3146 0.690715 0
18.3271,1.37822,0.68911,,18.3271 0.68911 0
18.4478,1.35748,0.67874,,18.4478 0.67874 0
18.4731,1.35561,0.677805,,18.4731 0.677805 0
18.5193,1.35106,0.67553,,18.5193 0.67553 0
18.5475,1.34985,0.674925,,18.5475 0.674925 0
18.5971,1.3472,0.6736,,18.5971 0.6736 0
18.613,1.34644,0.67322,,18.613 0.67322 0
18.6404,1.34296,0.67148,,18.6404 0.67148 0
18.6437,1.34248,0.67124,,18.6437 0.67124 0
18.6798,1.33683,0.668415,,18.6798 0.668415 0
18.7249,1.33215,0.666075,,18.7249 0.666075 0
18.7359,1.33134,0.66567,,18.7359 0.66567 0
18.7494,1.32985,0.664925,,18.7494 0.664925 0
18.7548,1.3289,0.66445,,18.7548 0.66445 0
18.7936,1.32353,0.661765,,18.7936 0.661765 0
18.7936,1.32353,0.661765,,18.7936 0.661765 0
18.8002,1.32291,0.661455,,18.8002 0.661455 0
18.8135,1.32078,0.66039,,18.8135 0.66039 0
18.8144,1.3206,0.6603,,18.8144 0.6603 0
18.8302,1.31679,0.658395,,18.8302 0.658395 0
18.8827,1.30608,0.65304,,18.8827 0.65304 0
18.892,1.30409,0.652045,,18.892 0.652045 0
18.9175,1.29921,0.649605,,18.9175 0.649605 0
18.9539,1.29261,0.646305,,18.9539 0.646305 0
18.9676,1.29011,0.645055,,18.9676 0.645055 0
18.9904,1.2859,0.64295,,18.9904 0.64295 0
19.0051,1.28361,0.641805,,19.0051 0.641805 0
19.0233,1.28069,0.640345,,19.0233 0.640345 0
19.0899,1.27372,0.63686,,19.0899 0.63686 0
19.1135,1.2694,0.6347,,19.1135 0.6347 0
19.1692,1.26091,0.630455,,19.1692 0.630455 0
19.1762,1.26017,0.630085,,19.1762 0.630085 0
19.1933,1.25731,0.628655,,19.1933 0.628655 0
19.2026,1.25535,0.627675,,19.2026 0.627675 0
19.2271,1.25082,0.62541,,19.2271 0.62541 0
19.2354,1.24913,0.624565,,19.2354 0.624565 0
19.2676,1.24303,0.621515,,19.2676 0.621515 0
19.2712,1.24236,0.62118,,19.2712 0.62118 0
19.2912,1.23854,0.61927,,19.2912 0.61927 0
19.297,1.23744,0.61872,,19.297 0.61872 0
19.3131,1.23402,0.61701,,19.3131 0.61701 0
19.3287,1.22997,0.614985,,19.3287 0.614985 0
19.4136,1.21843,0.609215,,19.4136 0.609215 0
19.4308,1.21861,0.609305,,19.4308 0.609305 0
19.4472,1.21708,0.60854,,19.4472 0.60854 0
19.4681,1.21559,0.607795,,19.4681 0.607795 0
19.4682,1.21559,0.607795,,19.4682 0.607795 0
19.4716,1.21539,0.607695,,19.4716 0.607695 0
19.4843,1.21434,0.60717,,19.4843 0.60717 0
19.5085,1.21119,0.605595,,19.5085 0.605595 0
19.5197,1.21008,0.60504,,19.5197 0.60504 0
19.5198,1.21007,0.605035,,19.5198 0.605035 0
19.5206,1.20996,0.60498,,19.5206 0.60498 0
19.561,1.20582,0.60291,,19.561 0.60291 0
19.6012,1.20433,0.602165,,19.6012 0.602165 0
19.613,1.20418,0.60209,,19.613 0.60209 0
19.6131,1.20418,0.60209,,19.6131 0.60209 0
19.62,1.20385,0.601925,,19.62 0.601925 0
19.6216,1.20377,0.601885,,19.6216 0.601885 0
19.6651,1.2035,0.60175,,19.6651 0.60175 0
19.6773,1.20318,0.60159,,19.6773 0.60159 0
19.6896,1.20287,0.601435,,19.6896 0.601435 0
19.7012,1.20182,0.60091,,19.7012 0.60091 0
19.7224,1.19935,0.599675,,19.7224 0.599675 0
19.7475,1.19742,0.59871,,19.7475 0.59871 0
19.7552,1.19672,0.59836,,19.7552 0.59836 0
19.7905,1.1937,0.59685,,19.7905 0.59685 0
19.7936,1.19342,0.59671,,19.7936 0.59671 0
19.8461,1.19,0.595,,19.8461 0.595 0
19.8803,1.18998,0.59499,,19.8803 0.59499 0
19.9113,1.18983,0.594915,,19.9113 0.594915 0
19.9529,1.18819,0.594095,,19.9529 0.594095 0
19.954,1.18817,0.594085,,19.954 0.594085 0
19.9887,1.18749,0.593745,,19.9887 0.593745 0
20.006,1.18761,0.593805,,20.006 0.593805 0
20.0218,1.18758,0.59379,,20.0218 0.59379 0
20.0337,1.18754,0.59377,,20.0337 0.59377 0
20.0538,1.18742,0.59371,,20.0538 0.59371 0
20.058,1.18734,0.59367,,20.058 0.59367 0
20.0629,1.18724,0.59362,,20.0629 0.59362 0
20.1047,1.18583,0.592915,,20.1047 0.592915 0
20.1417,1.18566,0.59283,,20.1417 0.59283 0
20.1494,1.18575,0.592875,,20.1494 0.592875 0
20.1581,1.18571,0.592855,,20.1581 0.592855 0
20.1686,1.18531,0.592655,,20.1686 0.592655 0
20.1952,1.18469,0.592345,,20.1952 0.592345 0
20.2018,1.18437,0.592185,,20.2018 0.592185 0
20.2041,1.18418,0.59209,,20.2041 0.59209 0
20.2268,1.1811,0.59055,,20.2268 0.59055 0
20.269,1.17674,0.58837,,20.269 0.58837 0
20.2694,1.17673,0.588365,,20.2694 0.588365 0
20.3019,1.17559,0.587795,,20.3019 0.587795 0
20.3373,1.17478,0.58739,,20.3373 0.58739 0
20.3848,1.17904,0.58952,,20.3848 0.58952 0
20.3959,1.18011,0.590055,,20.3959 0.590055 0
20.4009,1.18036,0.59018,,20.4009 0.59018 0
20.4401,1.18335,0.591675,,20.4401 0.591675 0
20.4445,1.18378,0.59189,,20.4445 0.59189 0
20.4493,1.1842,0.5921,,20.4493 0.5921 0
20.4627,1.18531,0.592655,,20.4627 0.592655 0
20.4916,1.18759,0.593795,,20.4916 0.593795 0
20.5218,1.19061,0.595305,,20.5218 0.595305 0
20.5413,1.19312,0.59656,,20.5413 0.59656 0
20.5644,1.19708,0.59854,,20.5644 0.59854 0
20.5645,1.19709,0.598545,,20.5645 0.598545 0
20.5727,1.19844,0.59922,,20.5727 0.59922 0
20.588,1.20037,0.600185,,20.588 0.600185 0
20.5941,1.2006,0.6003,,20.5941 0.6003 0
20.6182,1.20152,0.60076,,20.6182 0.60076 0
20.6592,1.2033,0.60165,,20.6592 0.60165 0
20.6595,1.20334,0.60167,,20.6595 0.60167 0
20.6949,1.20553,0.602765,,20.6949 0.602765 0
20.7041,1.2062,0.6031,,20.7041 0.6031 0
20.7043,1.2062,0.6031,,20.7043 0.6031 0
20.7216,1.20722,0.60361,,20.7216 0.60361 0
20.7326,1.20769,0.603845,,20.7326 0.603845 0
20.7328,1.2077,0.60385,,20.7328 0.60385 0
20.7518,1.20778,0.60389,,20.7518 0.60389 0
20.7717,1.20797,0.603985,,20.7717 0.603985 0
20.7925,1.20909,0.604545,,20.7925 0.604545 0
20.8011,1.20949,0.604745,,20.8011 0.604745 0
20.8135,1.20964,0.60482,,20.8135 0.60482 0
20.8167,1.20961,0.604805,,20.8167 0.604805 0
20.8201,1.20938,0.60469,,20.8201 0.60469 0
20.8351,1.20824,0.60412,,20.8351 0.60412 0
20.9204,1.2066,0.6033,,20.9204 0.6033 0
20.9338,1.20672,0.60336,,20.9338 0.60336 0
20.9559,1.20647,0.603235,,20.9559 0.603235 0
20.9744,1.20585,0.602925,,20.9744 0.602925 0
20.9928,1.20531,0.602655,,20.9928 0.602655 0
20.9948,1.20496,0.60248,,20.9948 0.60248 0
21.017,1.20094,0.60047,,21.017 0.60047 0
21.1271,1.19946,0.59973,,21.1271 0.59973 0
21.1562,1.20363,0.601815,,21.1562 0.601815 0
21.1629,1.20467,0.602335,,21.1629 0.602335 0
21.1634,1.2047,0.60235,,21.1634 0.60235 0
21.1869,1.20639,0.603195,,21.1869 0.603195 0
21.1913,1.20659,0.603295,,21.1913 0.603295 0
21.2282,1.20672,0.60336,,21.2282 0.60336 0
21.2343,1.20707,0.603535,,21.2343 0.603535 0
21.2655,1.20863,0.604315,,21.2655 0.604315 0
21.2926,1.21061,0.605305,,21.2926 0.605305 0
21.2926,1.21062,0.60531,,21.2926 0.60531 0
21.3133,1.21262,0.60631,,21.3133 0.60631 0
21.3205,1.21286,0.60643,,21.3205 0.60643 0
21.3509,1.21322,0.60661,,21.3509 0.60661 0
21.3652,1.21316,0.60658,,21.3652 0.60658 0
21.3877,1.21303,0.606515,,21.3877 0.606515 0
21.4026,1.21314,0.60657,,21.4026 0.60657 0
21.436,1.21345,0.606725,,21.436 0.606725 0
21.4418,1.21352,0.60676,,21.4418 0.60676 0
21.4522,1.21338,0.60669,,21.4522 0.60669 0
21.4759,1.21328,0.60664,,21.4759 0.60664 0
21.4975,1.2136,0.6068,,21.4975 0.6068 0
21.5055,1.21362,0.60681,,21.5055 0.60681 0
21.5074,1.21365,0.606825,,21.5074 0.606825 0
21.5295,1.2145,0.60725,,21.5295 0.60725 0
21.5679,1.21841,0.609205,,21.5679 0.609205 0
21.5684,1.21849,0.609245,,21.5684 0.609245 0
21.5956,1.22001,0.610005,,21.5956 0.610005 0
21.6099,1.22125,0.610625,,21.6099 0.610625 0
21.6204,1.2221,0.61105,,21.6204 0.61105 0
21.6436,1.2238,0.6119,,21.6436 0.6119 0
21.6485,1.22424,0.61212,,21.6485 0.61212 0
21.652,1.22454,0.61227,,21.652 0.61227 0
21.6788,1.22511,0.612555,,21.6788 0.612555 0
21.69,1.22527,0.612635,,21.69 0.612635 0
21.7045,1.22544,0.61272,,21.7045 0.61272 0
21.7206,1.22551,0.612755,,21.7206 0.612755 0
21.7253,1.22538,0.61269,,21.7253 0.61269 0
21.7496,1.22569,0.612845,,21.7496 0.612845 0
21.7855,1.22706,0.61353,,21.7855 0.61353 0
21.8004,1.22803,0.614015,,21.8004 0.614015 0
21.8005,1.22804,0.61402,,21.8005 0.61402 0
21.8277,1.23032,0.61516,,21.8277 0.61516 0
21.8341,1.23105,0.615525,,21.8341 0.615525 0
21.8585,1.23121,0.615605,,21.8585 0.615605 0
21.9368,1.22495,0.612475,,21.9368 0.612475 0
21.968,1.22558,0.61279,,21.968 0.61279 0
21.9959,1.22649,0.613245,,21.9959 0.613245 0
22.0211,1.22609,0.613045,,22.0211 0.613045 0
22.0233,1.22604,0.61302,,22.0233 0.61302 0
22.0375,1.22475,0.612375,,22.0375 0.612375 0
22.0524,1.22313,0.611565,,22.0524 0.611565 0
22.0797,1.22019,0.610095,,22.0797 0.610095 0
22.1069,1.21706,0.60853,,22.1069 0.60853 0
22.1077,1.21695,0.608475,,22.1077 0.608475 0
22.1397,1.21188,0.60594,,22.1397 0.60594 0
22.1435,1.21125,0.605625,,22.1435 0.605625 0
22.1436,1.21124,0.60562,,22.1436 0.60562 0
22.1812,1.20495,0.602475,,22.1812 0.602475 0
22.1932,1.20288,0.60144,,22.1932 0.60144 0
22.2512,1.19398,0.59699,,22.2512 0.59699 0
22.2738,1.19166,0.59583,,22.2738 0.59583 0
22.3021,1.1893,0.59465,,22.3021 0.59465 0
22.3024,1.18927,0.594635,,22.3024 0.594635 0
22.3405,1.18524,0.59262,,22.3405 0.59262 0
22.3865,1.18213,0.591065,,22.3865 0.591065 0
22.4008,1.18155,0.590775,,22.4008 0.590775 0
22.4182,1.18076,0.59038,,22.4182 0.59038 0
22.4189,1.18072,0.59036,,22.4189 0.59036 0
22.4396,1.17931,0.589655,,22.4396 0.589655 0
22.4561,1.17836,0.58918,,22.4561 0.58918 0
22.4577,1.17824,0.58912,,22.4577 0.58912 0
22.4843,1.17647,0.588235,,22.4843 0.588235 0
22.493,1.17584,0.58792,,22.493 0.58792 0
22.5073,1.17471,0.587355,,22.5073 0.587355 0
22.5089,1.17458,0.58729,,22.5089 0.58729 0
22.5361,1.17342,0.58671,,22.5361 0.58671 0
22.562,1.17153,0.585765,,22.562 0.585765 0
22.5819,1.17067,0.585335,,22.5819 0.585335 0
22.5819,1.17067,0.585335,,22.5819 0.585335 0
22.586,1.17042,0.58521,,22.586 0.58521 0
22.611,1.16815,0.584075,,22.611 0.584075 0
22.611,1.16815,0.584075,,22.611 0.584075 0
22.614,1.16781,0.583905,,22.614 0.583905 0
22.6538,1.16436,0.58218,,22.6538 0.58218 0
22.6538,1.16436,0.58218,,22.6538 0.58218 0
22.6545,1.16434,0.58217,,22.6545 0.58217 0
22.687,1.16274,0.58137,,22.687 0.58137 0
22.6936,1.16246,0.58123,,22.6936 0.58123 0
22.7234,1.16153,0.580765,,22.7234 0.580765 0
22.7279,1.16124,0.58062,,22.7279 0.58062 0
22.7749,1.15793,0.578965,,22.7749 0.578965 0
22.7759,1.15784,0.57892,,22.7759 0.57892 0
22.8246,1.15502,0.57751,,22.8246 0.57751 0
22.8486,1.1545,0.57725,,22.8486 0.57725 0
22.8489,1.1545,0.57725,,22.8489 0.57725 0
22.8593,1.15433,0.577165,,22.8593 0.577165 0
22.8832,1.1543,0.57715,,22.8832 0.57715 0
22.9007,1.15459,0.577295,,22.9007 0.577295 0
22.9043,1.15462,0.57731,,22.9043 0.57731 0
22.9043,1.15462,0.57731,,22.9043 0.57731 0
22.9054,1.15459,0.577295,,22.9054 0.577295 0
22.9316,1.1535,0.57675,,22.9316 0.57675 0
23.0152,1.15442,0.57721,,23.0152 0.57721 0
23.0183,1.1547,0.57735,,23.0183 0.57735 0
23.0411,1.15627,0.578135,,23.0411 0.578135 0
23.0645,1.15873,0.579365,,23.0645 0.579365 0
23.0736,1.15895,0.579475,,23.0736 0.579475 0
23.1317,1.15942,0.57971,,23.1317 0.57971 0
23.1347,1.15962,0.57981,,23.1347 0.57981 0
23.1667,1.16128,0.58064,,23.1667 0.58064 0
23.1803,1.16222,0.58111,,23.1803 0.58111 0
23.1847,1.1626,0.5813,,23.1847 0.5813 0
23.2084,1.16443,0.582215,,23.2084 0.582215 0
23.2254,1.16566,0.58283,,23.2254 0.58283 0
23.2312,1.16604,0.58302,,23.2312 0.58302 0
23.2413,1.16662,0.58331,,23.2413 0.58331 0
23.2823,1.17066,0.58533,,23.2823 0.58533 0
23.328,1.17702,0.58851,,23.328 0.58851 0
23.3353,1.17794,0.58897,,23.3353 0.58897 0
23.3719,1.18381,0.591905,,23.3719 0.591905 0
23.3772,1.18462,0.59231,,23.3772 0.59231 0
23.3779,1.1847,0.59235,,23.3779 0.59235 0
23.4175,1.19052,0.59526,,23.4175 0.59526 0
23.4269,1.1918,0.5959,,23.4269 0.5959 0
23.4582,1.19655,0.598275,,23.4582 0.598275 0
23.4584,1.19658,0.59829,,23.4584 0.59829 0
23.4791,1.19755,0.598775,,23.4791 0.598775 0
23.4848,1.1978,0.5989,,23.4848 0.5989 0
23.4975,1.19718,0.59859,,23.4975 0.59859 0
23.5079,1.19651,0.598255,,23.5079 0.598255 0
23.5139,1.19612,0.59806,,23.5139 0.59806 0
23.5542,1.19388,0.59694,,23.5542 0.59694 0
23.5943,1.19459,0.597295,,23.5943 0.597295 0
23.5946,1.1946,0.5973,,23.5946 0.5973 0
23.6055,1.19451,0.597255,,23.6055 0.597255 0
23.6319,1.19312,0.59656,,23.6319 0.59656 0
23.6568,1.19032,0.59516,,23.6568 0.59516 0
23.6805,1.18832,0.59416,,23.6805 0.59416 0
23.7133,1.18494,0.59247,,23.7133 0.59247 0
23.7223,1.18415,0.592075,,23.7223 0.592075 0
23.7505,1.18193,0.590965,,23.7505 0.590965 0
23.7629,1.1809,0.59045,,23.7629 0.59045 0
23.7671,1.1805,0.59025,,23.7671 0.59025 0
23.7768,1.17922,0.58961,,23.7768 0.58961 0
23.7826,1.1782,0.5891,,23.7826 0.5891 0
23.8023,1.17457,0.587285,,23.8023 0.587285 0
23.804,1.17422,0.58711,,23.804 0.58711 0
23.812,1.17243,0.586215,,23.812 0.586215 0
23.8228,1.16986,0.58493,,23.8228 0.58493 0
23.8557,1.16162,0.58081,,23.8557 0.58081 0
23.8558,1.16161,0.580805,,23.8558 0.580805 0
23.8705,1.15844,0.57922,,23.8705 0.57922 0
23.8765,1.15703,0.578515,,23.8765 0.578515 0
23.906,1.14991,0.574955,,23.906 0.574955 0
23.9402,1.1418,0.5709,,23.9402 0.5709 0
23.9796,1.13492,0.56746,,23.9796 0.56746 0
23.9995,1.13224,0.56612,,23.9995 0.56612 0
24.0143,1.13012,0.56506,,24.0143 0.56506 0
24.0241,1.12854,0.56427,,24.0241 0.56427 0
24.0322,1.127,0.5635,,24.0322 0.5635 0
24.064,1.12119,0.560595,,24.064 0.560595 0
24.0797,1.11797,0.558985,,24.0797 0.558985 0
24.0944,1.11495,0.557475,,24.0944 0.557475 0
24.1203,1.11008,0.55504,,24.1203 0.55504 0
24.1297,1.10824,0.55412,,24.1297 0.55412 0
24.1454,1.10515,0.552575,,24.1454 0.552575 0
24.1517,1.10392,0.55196,,24.1517 0.55196 0
24.1765,1.09925,0.549625,,24.1765 0.549625 0
24.2076,1.09303,0.546515,,24.2076 0.546515 0
24.2132,1.09184,0.54592,,24.2132 0.54592 0
24.2339,1.08722,0.54361,,24.2339 0.54361 0
24.2405,1.08572,0.54286,,24.2405 0.54286 0
24.2931,1.07669,0.538345,,24.2931 0.538345 0
24.3294,1.07309,0.536545,,24.3294 0.536545 0
24.3416,1.07117,0.535585,,24.3416 0.535585 0
24.3667,1.06651,0.533255,,24.3667 0.533255 0
24.3814,1.06394,0.53197,,24.3814 0.53197 0
24.3815,1.06394,0.53197,,24.3815 0.53197 0
24.3835,1.06349,0.531745,,24.3835 0.531745 0
24.4649,1.05352,0.52676,,24.4649 0.52676 0
24.4806,1.05313,0.526565,,24.4806 0.526565 0
24.5006,1.05314,0.52657,,24.5006 0.52657 0
24.5124,1.05295,0.526475,,24.5124 0.526475 0
24.5193,1.05281,0.526405,,24.5193 0.526405 0
24.5194,1.05281,0.526405,,24.5194 0.526405 0
24.5348,1.05156,0.52578,,24.5348 0.52578 0
24.5368,1.05144,0.52572,,24.5368 0.52572 0
24.5403,1.05099,0.525495,,24.5403 0.525495 0
24.5734,1.0476,0.5238,,24.5734 0.5238 0
24.5963,1.04615,0.523075,,24.5963 0.523075 0
24.6149,1.04553,0.522765,,24.6149 0.522765 0
24.6348,1.0442,0.5221,,24.6348 0.5221 0
24.6416,1.04422,0.52211,,24.6416 0.52211 0
24.6756,1.04408,0.52204,,24.6756 0.52204 0
24.704,1.04557,0.522785,,24.704 0.522785 0
24.7259,1.04708,0.52354,,24.7259 0.52354 0
24.7452,1.04875,0.524375,,24.7452 0.524375 0
24.773,1.05133,0.525665,,24.773 0.525665 0
24.7879,1.05213,0.526065,,24.7879 0.526065 0
24.8112,1.05223,0.526115,,24.8112 0.526115 0
24.8375,1.05299,0.526495,,24.8375 0.526495 0
24.8787,1.05643,0.528215,,24.8787 0.528215 0
24.8864,1.05667,0.528335,,24.8864 0.528335 0
24.9337,1.06,0.53,,24.9337 0.53 0
24.9338,1.06001,0.530005,,24.9338 0.530005 0
24.9514,1.06236,0.53118,,24.9514 0.53118 0
24.9739,1.06496,0.53248,,24.9739 0.53248 0
25.0051,1.06741,0.533705,,25.0051 0.533705 0
25.0284,1.06777,0.533885,,25.0284 0.533885 0
25.0295,1.06781,0.533905,,25.0295 0.533905 0
25.0514,1.06855,0.534275,,25.0514 0.534275 0
25.0866,1.06979,0.534895,,25.0866 0.534895 0
25.0974,1.07058,0.53529,,25.0974 0.53529 0
25.1092,1.07159,0.535795,,25.1092 0.535795 0
25.1274,1.07296,0.53648,,25.1274 0.53648 0
25.1617,1.07593,0.537965,,25.1617 0.537965 0
25.1838,1.07696,0.53848,,25.1838 0.53848 0
25.2096,1.07833,0.539165,,25.2096 0.539165 0
25.2152,1.07864,0.53932,,25.2152 0.53932 0
25.2152,1.07864,0.53932,,25.2152 0.53932 0
25.2286,1.07955,0.539775,,25.2286 0.539775 0
25.2339,1.07968,0.53984,,25.2339 0.53984 0
25.2653,1.07974,0.53987,,25.2653 0.53987 0
25.2867,1.08023,0.540115,,25.2867 0.540115 0
25.3079,1.08049,0.540245,,25.3079 0.540245 0
25.3587,1.08366,0.54183,,25.3587 0.54183 0
25.3927,1.0865,0.54325,,25.3927 0.54325 0
25.4217,1.08985,0.544925,,25.4217 0.544925 0
25.4239,1.09002,0.54501,,25.4239 0.54501 0
25.4376,1.09073,0.545365,,25.4376 0.545365 0
25.4754,1.09368,0.54684,,25.4754 0.54684 0
25.4755,1.09368,0.54684,,25.4755 0.54684 0
25.4841,1.09426,0.54713,,25.4841 0.54713 0
25.4862,1.09439,0.547195,,25.4862 0.547195 0
25.505,1.09548,0.54774,,25.505 0.54774 0
25.5052,1.0955,0.54775,,25.5052 0.54775 0
25.5238,1.09739,0.548695,,25.5238 0.548695 0
25.5299,1.09769,0.548845,,25.5299 0.548845 0
25.5664,1.09989,0.549945,,25.5664 0.549945 0
25.5911,1.10248,0.55124,,25.5911 0.55124 0
25.6541,1.11042,0.55521,,25.6541 0.55521 0
25.6689,1.11293,0.556465,,25.6689 0.556465 0
25.669,1.11294,0.55647,,25.669 0.55647 0
25.6901,1.11613,0.558065,,25.6901 0.558065 0
25.7059,1.11885,0.559425,,25.7059 0.559425 0
25.7087,1.11923,0.559615,,25.7087 0.559615 0
25.7201,1.12075,0.560375,,25.7201 0.560375 0
25.7574,1.12611,0.563055,,25.7574 0.563055 0
25.7588,1.1263,0.56315,,25.7588 0.56315 0
25.77,1.12787,0.563935,,25.77 0.563935 0
25.7874,1.12975,0.564875,,25.7874 0.564875 0
25.8398,1.13262,0.56631,,25.8398 0.56631 0
25.8398,1.13262,0.56631,,25.8398 0.56631 0
25.8458,1.13298,0.56649,,25.8458 0.56649 0
25.8902,1.13572,0.56786,,25.8902 0.56786 0
25.9215,1.13594,0.56797,,25.9215 0.56797 0
25.9463,1.13626,0.56813,,25.9463 0.56813 0
25.9705,1.13652,0.56826,,25.9705 0.56826 0
26.0015,1.13736,0.56868,,26.0015 0.56868 0
26.0162,1.13765,0.568825,,26.0162 0.568825 0
26.022,1.13767,0.568835,,26.022 0.568835 0
26.0556,1.13805,0.569025,,26.0556 0.569025 0
26.078,1.13853,0.569265,,26.078 0.569265 0
26.1309,1.14208,0.57104,,26.1309 0.57104 0
26.1309,1.14208,0.57104,,26.1309 0.57104 0
26.1328,1.14222,0.57111,,26.1328 0.57111 0
26.1726,1.14329,0.571645,,26.1726 0.571645 0
26.1917,1.14438,0.57219,,26.1917 0.57219 0
26.1938,1.1445,0.57225,,26.1938 0.57225 0
26.2187,1.14525,0.572625,,26.2187 0.572625 0
26.2279,1.14593,0.572965,,26.2279 0.572965 0
26.2732,1.14934,0.57467,,26.2732 0.57467 0
26.2831,1.15024,0.57512,,26.2831 0.57512 0
26.3277,1.15449,0.577245,,26.3277 0.577245 0
26.3371,1.15542,0.57771,,26.3371 0.57771 0
26.3796,1.15959,0.579795,,26.3796 0.579795 0
26.3866,1.16054,0.58027,,26.3866 0.58027 0
26.4195,1.16544,0.58272,,26.4195 0.58272 0
26.4205,1.16562,0.58281,,26.4205 0.58281 0
26.4618,1.17251,0.586255,,26.4618 0.586255 0
26.4629,1.17271,0.586355,,26.4629 0.586355 0
26.4784,1.17538,0.58769,,26.4784 0.58769 0
26.5048,1.1798,0.5899,,26.5048 0.5899 0
26.5262,1.18348,0.59174,,26.5262 0.59174 0
26.5466,1.18689,0.593445,,26.5466 0.593445 0
26.547,1.18697,0.593485,,26.547 0.593485 0
26.573,1.18976,0.59488,,26.573 0.59488 0
26.5959,1.19234,0.59617,,26.5959 0.59617 0
26.6133,1.19389,0.596945,,26.6133 0.596945 0
26.6134,1.1939,0.59695,,26.6134 0.59695 0
26.634,1.19582,0.59791,,26.634 0.59791 0
26.6642,1.19834,0.59917,,26.6642 0.59917 0
26.6645,1.19839,0.599195,,26.6645 0.599195 0
26.7067,1.20453,0.602265,,26.7067 0.602265 0
26.7068,1.20455,0.602275,,26.7068 0.602275 0
26.741,1.211,0.6055,,26.741 0.6055 0
26.7583,1.21417,0.607085,,26.7583 0.607085 0
26.8008,1.22282,0.61141,,26.8008 0.61141 0
26.8027,1.22313,0.611565,,26.8027 0.611565 0
26.8623,1.233,0.6165,,26.8623 0.6165 0
26.8681,1.23412,0.61706,,26.8681 0.61706 0
26.8748,1.2354,0.6177,,26.8748 0.6177 0
26.9111,1.24341,0.621705,,26.9111 0.621705 0
26.9267,1.24686,0.62343,,26.9267 0.62343 0
26.9268,1.2469,0.62345,,26.9268 0.62345 0
26.9604,1.25631,0.628155,,26.9604 0.628155 0
26.961,1.25649,0.628245,,26.961 0.628245 0
26.9903,1.26548,0.63274,,26.9903 0.63274 0
27.0064,1.27029,0.635145,,27.0064 0.635145 0
27.0114,1.27182,0.63591,,27.0114 0.63591 0
27.0152,1.2729,0.63645,,27.0152 0.63645 0
27.058,1.28502,0.64251,,27.058 0.64251 0
27.1304,1.30967,0.654835,,27.1304 0.654835 0
27.1454,1.31545,0.657725,,27.1454 0.657725 0
27.1963,1.33525,0.667625,,27.1963 0.667625 0
27.2016,1.33735,0.668675,,27.2016 0.668675 0
27.2223,1.34572,0.67286,,27.2223 0.67286 0
27.2563,1.35877,0.679385,,27.2563 0.679385 0
27.2724,1.36514,0.68257,,27.2724 0.68257 0
27.3189,1.38249,0.691245,,27.3189 0.691245 0
27.3263,1.38536,0.69268,,27.3263 0.69268 0
27.3323,1.38757,0.693785,,27.3323 0.693785 0
27.3595,1.3981,0.69905,,27.3595 0.69905 0
27.373,1.40335,0.701675,,27.373 0.701675 0
27.3778,1.4051,0.70255,,27.3778 0.70255 0
27.3993,1.41188,0.70594,,27.3993 0.70594 0
27.4057,1.41381,0.706905,,27.4057 0.706905 0
27.4058,1.41384,0.70692,,27.4058 0.70692 0
27.408,1.41463,0.707315,,27.408 0.707315 0
27.4262,1.42007,0.710035,,27.4262 0.710035 0
27.4527,1.42729,0.713645,,27.4527 0.713645 0
27.4552,1.428,0.714,,27.4552 0.714 0
27.5356,1.45691,0.728455,,27.5356 0.728455 0
27.5651,1.47002,0.73501,,27.5651 0.73501 0
27.5716,1.47252,0.73626,,27.5716 0.73626 0
27.6021,1.48314,0.74157,,27.6021 0.74157 0
27.6199,1.48928,0.74464,,27.6199 0.74464 0
27.6524,1.50002,0.75001,,27.6524 0.75001 0
27.6771,1.50741,0.753705,,27.6771 0.753705 0
27.6804,1.50838,0.75419,,27.6804 0.75419 0
27.6804,1.50839,0.754195,,27.6804 0.754195 0
27.6864,1.50991,0.754955,,27.6864 0.754955 0
27.6925,1.51125,0.755625,,27.6925 0.755625 0
27.7185,1.51637,0.758185,,27.7185 0.758185 0
27.7319,1.51936,0.75968,,27.7319 0.75968 0
27.733,1.51961,0.759805,,27.733 0.759805 0
27.7369,1.52023,0.760115,,27.7369 0.760115 0
27.7514,1.52246,0.76123,,27.7514 0.76123 0
27.7894,1.5293,0.76465,,27.7894 0.76465 0
27.8128,1.53399,0.766995,,27.8128 0.766995 0
27.8159,1.53445,0.767225,,27.8159 0.767225 0
27.8423,1.5375,0.76875,,27.8423 0.76875 0
27.8437,1.53759,0.768795,,27.8437 0.768795 0
27.8779,1.5396,0.7698,,27.8779 0.7698 0
27.8928,1.54021,0.770105,,27.8928 0.770105 0
27.8931,1.54021,0.770105,,27.8931 0.770105 0
27.9365,1.54108,0.77054,,27.9365 0.77054 0
27.9463,1.54095,0.770475,,27.9463 0.770475 0
27.9644,1.54018,0.77009,,27.9644 0.77009 0
28.0023,1.53782,0.76891,,28.0023 0.76891 0
28.0288,1.53664,0.76832,,28.0288 0.76832 0
28.0607,1.53334,0.76667,,28.0607 0.76667 0
28.0616,1.53323,0.766615,,28.0616 0.766615 0
28.0772,1.53168,0.76584,,28.0772 0.76584 0
28.1147,1.52747,0.763735,,28.1147 0.763735 0
28.1187,1.52701,0.763505,,28.1187 0.763505 0
28.1385,1.52402,0.76201,,28.1385 0.76201 0
28.1919,1.51571,0.757855,,28.1919 0.757855 0
28.2088,1.51279,0.756395,,28.2088 0.756395 0
28.2202,1.51072,0.75536,,28.2202 0.75536 0
28.2485,1.50409,0.752045,,28.2485 0.752045 0
28.2783,1.49772,0.74886,,28.2783 0.74886 0
28.2927,1.49454,0.74727,,28.2927 0.74727 0
28.3424,1.48168,0.74084,,28.3424 0.74084 0
28.3502,1.47952,0.73976,,28.3502 0.73976 0
28.3907,1.46873,0.734365,,28.3907 0.734365 0
28.4272,1.45509,0.727545,,28.4272 0.727545 0
28.428,1.45486,0.72743,,28.428 0.72743 0
28.4837,1.43693,0.718465,,28.4837 0.718465 0
28.528,1.42577,0.712885,,28.528 0.712885 0
28.5365,1.42372,0.71186,,28.5365 0.71186 0
28.5576,1.41845,0.709225,,28.5576 0.709225 0
28.566,1.41596,0.70798,,28.566 0.70798 0
28.5899,1.4095,0.70475,,28.5899 0.70475 0
28.6002,1.40629,0.703145,,28.6002 0.703145 0
28.6093,1.40335,0.701675,,28.6093 0.701675 0
28.6326,1.39528,0.69764,,28.6326 0.69764 0
28.6682,1.38384,0.69192,,28.6682 0.69192 0
28.6691,1.38355,0.691775,,28.6691 0.691775 0
28.6871,1.37808,0.68904,,28.6871 0.68904 0
28.6914,1.37664,0.68832,,28.6914 0.68832 0
28.7,1.37367,0.686835,,28.7 0.686835 0
28.7372,1.36094,0.68047,,28.7372 0.68047 0
28.7566,1.35424,0.67712,,28.7566 0.67712 0
28.7922,1.34252,0.67126,,28.7922 0.67126 0
28.8202,1.3327,0.66635,,28.8202 0.66635 0
28.8446,1.324,0.662,,28.8446 0.662 0
28.8878,1.31025,0.655125,,28.8878 0.655125 0
28.9235,1.30073,0.650365,,28.9235 0.650365 0
28.9436,1.2952,0.6476,,28.9436 0.6476 0
28.9582,1.29072,0.64536,,28.9582 0.64536 0
28.9956,1.27957,0.639785,,28.9956 0.639785 0
29.0079,1.27597,0.637985,,29.0079 0.637985 0
29.1697,1.25086,0.62543,,29.1697 0.62543 0
29.1917,1.24997,0.624985,,29.1917 0.624985 0
29.2098,1.2492,0.6246,,29.2098 0.6246 0
29.2299,1.24826,0.62413,,29.2299 0.62413 0
29.2642,1.2476,0.6238,,29.2642 0.6238 0
29.2723,1.24728,0.62364,,29.2723 0.62364 0
29.2966,1.24795,0.623975,,29.2966 0.623975 0
29.3291,1.2498,0.6249,,29.3291 0.6249 0
29.3695,1.25415,0.627075,,29.3695 0.627075 0
29.3968,1.25829,0.629145,,29.3968 0.629145 0
29.4209,1.26246,0.63123,,29.4209 0.63123 0
29.4436,1.26658,0.63329,,29.4436 0.63329 0
29.4784,1.27257,0.636285,,29.4784 0.636285 0
29.4881,1.27395,0.636975,,29.4881 0.636975 0
29.5235,1.28074,0.64037,,29.5235 0.64037 0
29.5477,1.28671,0.643355,,29.5477 0.643355 0
29.5649,1.29081,0.645405,,29.5649 0.645405 0
29.615,1.30715,0.653575,,29.615 0.653575 0
29.6391,1.31633,0.658165,,29.6391 0.658165 0
29.6585,1.32457,0.662285,,29.6585 0.662285 0
29.6612,1.32564,0.66282,,29.6612 0.66282 0
29.6656,1.32742,0.66371,,29.6656 0.66371 0
29.6725,1.33016,0.66508,,29.6725 0.66508 0
29.6736,1.33053,0.665265,,29.6736 0.665265 0
29.6921,1.3371,0.66855,,29.6921 0.66855 0
29.7177,1.34678,0.67339,,29.7177 0.67339 0
29.7364,1.35324,0.67662,,29.7364 0.67662 0
29.7599,1.36191,0.680955,,29.7599 0.680955 0
29.7706,1.36558,0.68279,,29.7706 0.68279 0
29.8131,1.38004,0.69002,,29.8131 0.69002 0
29.905,1.42334,0.71167,,29.905 0.71167 0
29.9117,1.42651,0.713255,,29.9117 0.713255 0
29.9343,1.43856,0.71928,,29.9343 0.71928 0
29.937,1.44003,0.720015,,29.937 0.720015 0
29.9471,1.44546,0.72273,,29.9471 0.72273 0
29.9548,1.44944,0.72472,,29.9548 0.72472 0
29.9718,1.458,0.729,,29.9718 0.729 0
29.982,1.46309,0.731545,,29.982 0.731545 0
29.9924,1.46822,0.73411,,29.9924 0.73411 0
30.0264,1.48537,0.742685,,30.0264 0.742685 0
30.0325,1.4885,0.74425,,30.0325 0.74425 0
30.0444,1.4949,0.74745,,30.0444 0.74745 0
30.0464,1.49598,0.74799,,30.0464 0.74799 0
30.0783,1.51207,0.756035,,30.0783 0.756035 0
30.0912,1.51901,0.759505,,30.0912 0.759505 0
30.1002,1.52374,0.76187,,30.1002 0.76187 0
30.1005,1.5239,0.76195,,30.1005 0.76195 0
30.1094,1.52821,0.764105,,30.1094 0.764105 0
30.1488,1.54815,0.774075,,30.1488 0.774075 0
30.1773,1.56354,0.78177,,30.1773 0.78177 0
30.2142,1.58257,0.791285,,30.2142 0.791285 0
30.2372,1.59499,0.797495,,30.2372 0.797495 0
30.2508,1.60196,0.80098,,30.2508 0.80098 0
30.2526,1.60283,0.801415,,30.2526 0.801415 0
30.292,1.62076,0.81038,,30.292 0.81038 0
30.3075,1.62798,0.81399,,30.3075 0.81399 0
30.3075,1.62798,0.81399,,30.3075 0.81399 0
30.3076,1.62803,0.814015,,30.3076 0.814015 0
30.3259,1.63372,0.81686,,30.3259 0.81686 0
30.3389,1.6377,0.81885,,30.3389 0.81885 0
30.3508,1.64063,0.820315,,30.3508 0.820315 0
30.3736,1.64579,0.822895,,30.3736 0.822895 0
30.3763,1.64639,0.823195,,30.3763 0.823195 0
30.4182,1.65147,0.825735,,30.4182 0.825735 0
30.4197,1.6516,0.8258,,30.4197 0.8258 0
30.4435,1.65441,0.827205,,30.4435 0.827205 0
30.4518,1.65538,0.82769,,30.4518 0.82769 0
30.4654,1.65694,0.82847,,30.4654 0.82847 0
30.493,1.65832,0.82916,,30.493 0.82916 0
30.493,1.65832,0.82916,,30.493 0.82916 0
30.4941,1.65836,0.82918,,30.4941 0.82918 0
30.5125,1.65873,0.829365,,30.5125 0.829365 0
30.5494,1.65729,0.828645,,30.5494 0.828645 0
30.5696,1.65564,0.82782,,30.5696 0.82782 0
30.5721,1.65541,0.827705,,30.5721 0.827705 0
30.5948,1.65341,0.826705,,30.5948 0.826705 0
30.6017,1.65262,0.82631,,30.6017 0.82631 0
30.6326,1.64688,0.82344,,30.6326 0.82344 0
30.6587,1.64254,0.82127,,30.6587 0.82127 0
30.6595,1.64241,0.821205,,30.6595 0.821205 0
30.6865,1.63801,0.819005,,30.6865 0.819005 0
30.6995,1.63547,0.817735,,30.6995 0.817735 0
30.7005,1.63525,0.817625,,30.7005 0.817625 0
30.7381,1.62737,0.813685,,30.7381 0.813685 0
30.7458,1.62571,0.812855,,30.7458 0.812855 0
30.7898,1.61597,0.807985,,30.7898 0.807985 0
30.8046,1.6128,0.8064,,30.8046 0.8064 0
30.8201,1.60892,0.80446,,30.8201 0.80446 0
30.8429,1.60234,0.80117,,30.8429 0.80117 0
30.8726,1.59432,0.79716,,30.8726 0.79716 0
30.8744,1.5938,0.7969,,30.8744 0.7969 0
30.9188,1.58059,0.790295,,30.9188 0.790295 0
30.9195,1.58041,0.790205,,30.9195 0.790205 0
30.9277,1.57793,0.788965,,30.9277 0.788965 0
30.9848,1.55973,0.779865,,30.9848 0.779865 0
30.9992,1.55519,0.777595,,30.9992 0.777595 0
31.046,1.54108,0.77054,,31.046 0.77054 0
31.1045,1.52195,0.760975,,31.1045 0.760975 0
31.153,1.50625,0.753125,,31.153 0.753125 0
31.1672,1.50174,0.75087,,31.1672 0.75087 0
31.1755,1.49905,0.749525,,31.1755 0.749525 0
31.2149,1.48621,0.743105,,31.2149 0.743105 0
31.2369,1.47838,0.73919,,31.2369 0.73919 0
31.3183,1.45529,0.727645,,31.3183 0.727645 0
31.3708,1.44223,0.721115,,31.3708 0.721115 0
31.3897,1.4386,0.7193,,31.3897 0.7193 0
31.4009,1.43584,0.71792,,31.4009 0.71792 0
31.4552,1.4239,0.71195,,31.4552 0.71195 0
31.4564,1.42363,0.711815,,31.4564 0.711815 0
31.4688,1.42074,0.71037,,31.4688 0.71037 0
31.531,1.40803,0.704015,,31.531 0.704015 0
31.5526,1.40452,0.70226,,31.5526 0.70226 0
31.6411,1.39918,0.69959,,31.6411 0.69959 0
31.6421,1.39916,0.69958,,31.6421 0.69958 0
31.658,1.39835,0.699175,,31.658 0.699175 0
31.6803,1.39743,0.698715,,31.6803 0.698715 0
31.7046,1.39671,0.698355,,31.7046 0.698355 0
31.7256,1.3955,0.69775,,31.7256 0.69775 0
31.7672,1.39402,0.69701,,31.7672 0.69701 0
31.8604,1.39751,0.698755,,31.8604 0.698755 0
31.8798,1.40079,0.700395,,31.8798 0.700395 0
31.8799,1.40079,0.700395,,31.8799 0.700395 0
31.8854,1.40135,0.700675,,31.8854 0.700675 0
31.886,1.40141,0.700705,,31.886 0.700705 0
31.9166,1.40465,0.702325,,31.9166 0.702325 0
31.9295,1.40598,0.70299,,31.9295 0.70299 0
31.9723,1.41041,0.705205,,31.9723 0.705205 0
31.9892,1.41249,0.706245,,31.9892 0.706245 0
32.0474,1.42087,0.710435,,32.0474 0.710435 0
32.108,1.43472,0.71736,,32.108 0.71736 0
32.132,1.4415,0.72075,,32.132 0.72075 0
32.1338,1.44189,0.720945,,32.1338 0.720945 0
32.1839,1.45373,0.726865,,32.1839 0.726865 0
32.2283,1.46522,0.73261,,32.2283 0.73261 0
32.2905,1.48508,0.74254,,32.2905 0.74254 0
32.3529,1.50795,0.753975,,32.3529 0.753975 0
32.3576,1.5097,0.75485,,32.3576 0.75485 0
32.4004,1.52373,0.761865,,32.4004 0.761865 0
32.4511,1.54004,0.77002,,32.4511 0.77002 0
32.4727,1.54681,0.773405,,32.4727 0.773405 0
32.5347,1.56893,0.784465,,32.5347 0.784465 0
32.5349,1.56898,0.78449,,32.5349 0.78449 0
32.5393,1.57059,0.785295,,32.5393 0.785295 0
32.5968,1.59164,0.79582,,32.5968 0.79582 0
32.5986,1.59227,0.796135,,32.5986 0.796135 0
32.6177,1.59844,0.79922,,32.6177 0.79922 0
32.6616,1.61293,0.806465,,32.6616 0.806465 0
32.7142,1.62891,0.814455,,32.7142 0.814455 0
32.7208,1.6309,0.81545,,32.7208 0.81545 0
32.7747,1.64704,0.82352,,32.7747 0.82352 0
32.7894,1.65167,0.825835,,32.7894 0.825835 0
32.7913,1.65218,0.82609,,32.7913 0.82609 0
32.7917,1.65229,0.826145,,32.7917 0.826145 0
32.831,1.65937,0.829685,,32.831 0.829685 0
32.8752,1.66516,0.83258,,32.8752 0.83258 0
32.8904,1.66707,0.833535,,32.8904 0.833535 0
32.9299,1.67221,0.836105,,32.9299 0.836105 0
32.9312,1.67238,0.83619,,32.9312 0.83619 0
32.9776,1.68007,0.840035,,32.9776 0.840035 0
32.9886,1.68194,0.84097,,32.9886 0.84097 0
33.0034,1.68397,0.841985,,33.0034 0.841985 0
33.0367,1.68879,0.844395,,33.0367 0.844395 0
33.0667,1.69335,0.846675,,33.0667 0.846675 0
33.0755,1.69455,0.847275,,33.0755 0.847275 0
33.0923,1.69655,0.848275,,33.0923 0.848275 0
33.1243,1.69936,0.84968,,33.1243 0.84968 0
33.1363,1.70047,0.850235,,33.1363 0.850235 0
33.1401,1.70074,0.85037,,33.1401 0.85037 0
33.1636,1.70141,0.850705,,33.1636 0.850705 0
33.1905,1.7017,0.85085,,33.1905 0.85085 0
33.2206,1.70193,0.850965,,33.2206 0.850965 0
33.2723,1.70213,0.851065,,33.2723 0.851065 0
33.2966,1.70069,0.850345,,33.2966 0.850345 0
33.2967,1.70068,0.85034,,33.2967 0.85034 0
33.3189,1.6992,0.8496,,33.3189 0.8496 0
33.328,1.69837,0.849185,,33.328 0.849185 0
33.3416,1.69704,0.84852,,33.3416 0.84852 0
33.3827,1.69366,0.84683,,33.3827 0.84683 0
33.3943,1.69263,0.846315,,33.3943 0.846315 0
33.445,1.68823,0.844115,,33.445 0.844115 0
33.4609,1.68613,0.843065,,33.4609 0.843065 0
33.5162,1.67909,0.839545,,33.5162 0.839545 0
33.5388,1.67651,0.838255,,33.5388 0.838255 0
33.6017,1.67117,0.835585,,33.6017 0.835585 0
33.6205,1.66873,0.834365,,33.6205 0.834365 0
33.6671,1.66268,0.83134,,33.6671 0.83134 0
33.7129,1.65815,0.829075,,33.7129 0.829075 0
33.7251,1.6572,0.8286,,33.7251 0.8286 0
33.7582,1.65358,0.82679,,33.7582 0.82679 0
33.7722,1.65217,0.826085,,33.7722 0.826085 0
33.7946,1.64959,0.824795,,33.7946 0.824795 0
33.8448,1.64354,0.82177,,33.8448 0.82177 0
33.873,1.64082,0.82041,,33.873 0.82041 0
33.9317,1.63728,0.81864,,33.9317 0.81864 0
33.9371,1.63705,0.818525,,33.9371 0.818525 0
33.959,1.63624,0.81812,,33.959 0.81812 0
33.9908,1.63547,0.817735,,33.9908 0.817735 0
34.0081,1.63495,0.817475,,34.0081 0.817475 0
34.0473,1.63362,0.81681,,34.0473 0.81681 0
34.1003,1.634,0.817,,34.1003 0.817 0
34.1004,1.634,0.817,,34.1004 0.817 0
34.1046,1.63405,0.817025,,34.1046 0.817025 0
34.1536,1.63464,0.81732,,34.1536 0.81732 0
34.2054,1.63836,0.81918,,34.2054 0.81918 0
34.2061,1.63841,0.819205,,34.2061 0.819205 0
34.2573,1.64175,0.820875,,34.2573 0.820875 0
34.2656,1.64237,0.821185,,34.2656 0.821185 0
34.3213,1.64695,0.823475,,34.3213 0.823475 0
34.3482,1.65015,0.825075,,34.3482 0.825075 0
34.3737,1.65158,0.82579,,34.3737 0.82579 0
34.398,1.65323,0.826615,,34.398 0.826615 0
34.4449,1.65731,0.828655,,34.4449 0.828655 0
34.4512,1.65799,0.828995,,34.4512 0.828995 0
34.481,1.66089,0.830445,,34.481 0.830445 0
34.5004,1.66316,0.83158,,34.5004 0.83158 0
34.5159,1.66527,0.832635,,34.5159 0.832635 0
34.5298,1.66698,0.83349,,34.5298 0.83349 0
34.5439,1.66848,0.83424,,34.5439 0.83424 0
34.5921,1.67346,0.83673,,34.5921 0.83673 0
34.638,1.67819,0.839095,,34.638 0.839095 0
34.6383,1.67823,0.839115,,34.6383 0.839115 0
34.6551,1.68011,0.840055,,34.6551 0.840055 0
34.6551,1.68011,0.840055,,34.6551 0.840055 0
34.6649,1.6809,0.84045,,34.6649 0.84045 0
34.7286,1.68676,0.84338,,34.7286 0.84338 0
34.7289,1.6868,0.8434,,34.7289 0.8434 0
34.7533,1.68975,0.844875,,34.7533 0.844875 0
34.7925,1.69498,0.84749,,34.7925 0.84749 0
34.7938,1.69512,0.84756,,34.7938 0.84756 0
34.841,1.69913,0.849565,,34.841 0.849565 0
34.8428,1.69922,0.84961,,34.8428 0.84961 0
34.8908,1.69867,0.849335,,34.8908 0.849335 0
34.9115,1.69866,0.84933,,34.9115 0.84933 0
34.9632,1.69957,0.849785,,34.9632 0.849785 0
34.9704,1.69961,0.849805,,34.9704 0.849805 0
35.0114,1.69899,0.849495,,35.0114 0.849495 0
35.0484,1.6982,0.8491,,35.0484 0.8491 0
35.0543,1.69758,0.84879,,35.0543 0.84879 0
35.1093,1.69412,0.84706,,35.1093 0.84706 0
35.1162,1.69376,0.84688,,35.1162 0.84688 0
35.1357,1.69198,0.84599,,35.1357 0.84599 0
35.1479,1.69097,0.845485,,35.1479 0.845485 0
35.182,1.68794,0.84397,,35.182 0.84397 0
35.2021,1.68591,0.842955,,35.2021 0.842955 0
35.2117,1.68495,0.842475,,35.2117 0.842475 0
35.2239,1.6835,0.84175,,35.2239 0.84175 0
35.2793,1.67745,0.838725,,35.2793 0.838725 0
35.2912,1.67629,0.838145,,35.2912 0.838145 0
35.3113,1.67427,0.837135,,35.3113 0.837135 0
35.3406,1.6713,0.83565,,35.3406 0.83565 0
35.3468,1.67075,0.835375,,35.3468 0.835375 0
35.356,1.66996,0.83498,,35.356 0.83498 0
35.3826,1.66703,0.833515,,35.3826 0.833515 0
35.3938,1.66543,0.832715,,35.3938 0.832715 0
35.4461,1.65596,0.82798,,35.4461 0.82798 0
35.4642,1.65287,0.826435,,35.4642 0.826435 0
35.5232,1.64372,0.82186,,35.5232 0.82186 0
35.5396,1.64078,0.82039,,35.5396 0.82039 0
35.589,1.63302,0.81651,,35.589 0.81651 0
35.5924,1.63248,0.81624,,35.5924 0.81624 0
35.6765,1.62136,0.81068,,35.6765 0.81068 0
35.7366,1.61933,0.809665,,35.7366 0.809665 0
35.7368,1.61932,0.80966,,35.7368 0.80966 0
35.7744,1.61689,0.808445,,35.7744 0.808445 0
35.7978,1.61561,0.807805,,35.7978 0.807805 0
35.81,1.61478,0.80739,,35.81 0.80739 0
35.814,1.61441,0.807205,,35.814 0.807205 0
35.858,1.61151,0.805755,,35.858 0.805755 0
35.8727,1.61084,0.80542,,35.8727 0.80542 0
35.9225,1.60978,0.80489,,35.9225 0.80489 0
35.9467,1.60881,0.804405,,35.9467 0.804405 0
36.0012,1.60713,0.803565,,36.0012 0.803565 0
36.0563,1.60836,0.80418,,36.0563 0.80418 0
36.0884,1.61088,0.80544,,36.0884 0.80544 0
36.0965,1.61165,0.805825,,36.0965 0.805825 0
36.147,1.61399,0.806995,,36.147 0.806995 0
36.1609,1.61477,0.807385,,36.1609 0.807385 0
36.174,1.61535,0.807675,,36.174 0.807675 0
36.1742,1.61536,0.80768,,36.1742 0.80768 0
36.211,1.61663,0.808315,,36.211 0.808315 0
36.2534,1.62281,0.811405,,36.2534 0.811405 0
36.3126,1.63091,0.815455,,36.3126 0.815455 0
36.3271,1.63419,0.817095,,36.3271 0.817095 0
36.3271,1.63419,0.817095,,36.3271 0.817095 0
36.3283,1.6344,0.8172,,36.3283 0.8172 0
36.3283,1.63442,0.81721,,36.3283 0.81721 0
36.3323,1.63511,0.817555,,36.3323 0.817555 0
36.3614,1.63957,0.819785,,36.3614 0.819785 0
36.3911,1.64454,0.82227,,36.3911 0.82227 0
36.3912,1.64456,0.82228,,36.3912 0.82228 0
36.4099,1.64777,0.823885,,36.4099 0.823885 0
36.4201,1.64928,0.82464,,36.4201 0.82464 0
36.4506,1.65334,0.82667,,36.4506 0.82667 0
36.5202,1.66666,0.83333,,36.5202 0.83333 0
36.5426,1.67232,0.83616,,36.5426 0.83616 0
36.5566,1.67578,0.83789,,36.5566 0.83789 0
36.5882,1.68319,0.841595,,36.5882 0.841595 0
36.5991,1.68556,0.84278,,36.5991 0.84278 0
36.6003,1.6858,0.8429,,36.6003 0.8429 0
36.6056,1.68666,0.84333,,36.6056 0.84333 0
36.6289,1.68968,0.84484,,36.6289 0.84484 0
36.6739,1.69658,0.84829,,36.6739 0.84829 0
36.727,1.70731,0.853655,,36.727 0.853655 0
36.7982,1.72783,0.863915,,36.7982 0.863915 0
36.8344,1.7408,0.8704,,36.8344 0.8704 0
36.8514,1.74685,0.873425,,36.8514 0.873425 0
36.8541,1.74788,0.87394,,36.8541 0.87394 0
36.8652,1.75169,0.875845,,36.8652 0.875845 0
36.8943,1.76075,0.880375,,36.8943 0.880375 0
36.9183,1.7678,0.8839,,36.9183 0.8839 0
36.9417,1.7741,0.88705,,36.9417 0.88705 0
36.9993,1.791,0.8955,,36.9993 0.8955 0
37.0083,1.79286,0.89643,,37.0083 0.89643 0
37.0196,1.7948,0.8974,,37.0196 0.8974 0
37.0552,1.79964,0.89982,,37.0552 0.89982 0
37.0606,1.80026,0.90013,,37.0606 0.90013 0
37.0902,1.80339,0.901695,,37.0902 0.901695 0
37.1215,1.80726,0.90363,,37.1215 0.90363 0
37.1233,1.8074,0.9037,,37.1233 0.9037 0
37.1719,1.81002,0.90501,,37.1719 0.90501 0
37.2215,1.80937,0.904685,,37.2215 0.904685 0
37.2292,1.80892,0.90446,,37.2292 0.90446 0
37.2856,1.80591,0.902955,,37.2856 0.902955 0
37.2857,1.8059,0.90295,,37.2857 0.90295 0
37.3175,1.80224,0.90112,,37.3175 0.90112 0
37.3624,1.79628,0.89814,,37.3624 0.89814 0
37.3952,1.78891,0.894455,,37.3952 0.894455 0
37.4222,1.78236,0.89118,,37.4222 0.89118 0
37.4419,1.77723,0.888615,,37.4419 0.888615 0
37.4795,1.76566,0.88283,,37.4795 0.88283 0
37.548,1.74173,0.870865,,37.548 0.870865 0
37.6052,1.72275,0.861375,,37.6052 0.861375 0
37.6698,1.70197,0.850985,,37.6698 0.850985 0
37.731,1.68421,0.842105,,37.731 0.842105 0
37.7442,1.68092,0.84046,,37.7442 0.84046 0
37.7486,1.67975,0.839875,,37.7486 0.839875 0
37.7788,1.67043,0.835215,,37.7788 0.835215 0
37.7903,1.66685,0.833425,,37.7903 0.833425 0
37.8173,1.65794,0.82897,,37.8173 0.82897 0
37.8187,1.65737,0.828685,,37.8187 0.828685 0
37.8644,1.64033,0.820165,,37.8644 0.820165 0
37.9872,1.61044,0.80522,,37.9872 0.80522 0
38.0519,1.6061,0.80305,,38.0519 0.80305 0
38.0655,1.60533,0.802665,,38.0655 0.802665 0
38.0783,1.6046,0.8023,,38.0783 0.8023 0
38.1098,1.60186,0.80093,,38.1098 0.80093 0
38.1168,1.60102,0.80051,,38.1168 0.80051 0
38.2257,1.58808,0.79404,,38.2257 0.79404 0
38.2352,1.58823,0.794115,,38.2352 0.794115 0
38.2809,1.58909,0.794545,,38.2809 0.794545 0
38.3512,1.59197,0.795985,,38.3512 0.795985 0
38.3514,1.592,0.796,,38.3514 0.796 0
38.4031,1.59861,0.799305,,38.4031 0.799305 0
38.4038,1.59874,0.79937,,38.4038 0.79937 0
38.4447,1.6068,0.8034,,38.4447 0.8034 0
38.4452,1.60693,0.803465,,38.4452 0.803465 0
38.4682,1.612,0.806,,38.4682 0.806 0
38.4763,1.61363,0.806815,,38.4763 0.806815 0
38.5171,1.55673,0.778365,,38.5171 0.778365 0
