Distance,Diameter,Radius,,text,,,FFR
0,1.92982,0.96491,,0 0.96491 0,,,0.77
0.00138845,1.9319,0.96595,,0.00138845 0.96595 0,,,
0.0232994,1.96381,0.981905,,0.0232994 0.981905 0,,,
0.0502889,1.97209,0.986045,,0.0502889 0.986045 0,,,
0.0730312,1.9787,0.98935,,0.0730312 0.98935 0,,,
0.0757822,1.97944,0.98972,,0.0757822 0.98972 0,,,
0.160208,2.00652,1.00326,,0.160208 1.00326 0,,,
0.182772,2.01427,1.007135,,0.182772 1.007135 0,,,
0.194912,2.01847,1.009235,,0.194912 1.009235 0,,,
0.205063,2.02176,1.01088,,0.205063 1.01088 0,,,
0.223582,2.02756,1.01378,,0.223582 1.01378 0,,,
0.240391,2.03206,1.01603,,0.240391 1.01603 0,,,
0.255353,2.03564,1.01782,,0.255353 1.01782 0,,,
0.266337,2.03835,1.019175,,0.266337 1.019175 0,,,
0.302587,2.04682,1.02341,,0.302587 1.02341 0,,,
0.306962,2.04779,1.023895,,0.306962 1.023895 0,,,
0.321953,2.05106,1.02553,,0.321953 1.02553 0,,,
0.34952,2.05712,1.02856,,0.34952 1.02856 0,,,
0.367288,2.06088,1.03044,,0.367288 1.03044 0,,,
0.43266,2.07656,1.03828,,0.43266 1.03828 0,,,
0.437727,2.07779,1.038895,,0.437727 1.038895 0,,,
0.469512,2.08489,1.042445,,0.469512 1.042445 0,,,
0.491482,2.08894,1.04447,,0.491482 1.04447 0,,,
0.522557,2.09472,1.04736,,0.522557 1.04736 0,,,
0.591118,2.10922,1.05461,,0.591118 1.05461 0,,,
0.59485,2.11001,1.055005,,0.59485 1.055005 0,,,
0.621986,2.11596,1.05798,,0.621986 1.05798 0,,,
0.62614,2.1168,1.0584,,0.62614 1.0584 0,,,
0.671491,2.12555,1.062775,,0.671491 1.062775 0,,,
0.67267,2.1258,1.0629,,0.67267 1.0629 0,,,
0.685457,2.12854,1.06427,,0.685457 1.06427 0,,,
0.687366,2.12889,1.064445,,0.687366 1.064445 0,,,
0.730945,2.13597,1.067985,,0.730945 1.067985 0,,,
0.737159,2.13701,1.068505,,0.737159 1.068505 0,,,
0.789871,2.14411,1.072055,,0.789871 1.072055 0,,,
0.805478,2.14626,1.07313,,0.805478 1.07313 0,,,
0.812433,2.14724,1.07362,,0.812433 1.07362 0,,,
0.82261,2.14907,1.074535,,0.82261 1.074535 0,,,
0.825405,2.14927,1.074635,,0.825405 1.074635 0,,,
0.850643,2.14928,1.07464,,0.850643 1.07464 0,,,
0.856404,2.14888,1.07444,,0.856404 1.07444 0,,,
0.921965,2.14554,1.07277,,0.921965 1.07277 0,,,
0.934726,2.14502,1.07251,,0.934726 1.07251 0,,,
0.965104,2.14367,1.071835,,0.965104 1.071835 0,,,
0.982349,2.14307,1.071535,,0.982349 1.071535 0,,,
1.02708,2.14082,1.07041,,1.02708 1.07041 0,,,
1.06273,2.13624,1.06812,,1.06273 1.06812 0,,,
1.09156,2.13275,1.066375,,1.09156 1.066375 0,,,
1.09214,2.13267,1.066335,,1.09214 1.066335 0,,,
1.12219,2.12927,1.064635,,1.12219 1.064635 0,,,
1.1937,2.12428,1.06214,,1.1937 1.06214 0,,,
1.22078,2.12046,1.06023,,1.22078 1.06023 0,,,
1.24585,2.11749,1.058745,,1.24585 1.058745 0,,,
1.24597,2.11747,1.058735,,1.24597 1.058735 0,,,
1.2752,2.11136,1.05568,,1.2752 1.05568 0,,,
1.27554,2.1113,1.05565,,1.27554 1.05565 0,,,
1.32717,2.10033,1.050165,,1.32717 1.050165 0,,,
1.41063,2.07651,1.038255,,1.41063 1.038255 0,,,
1.55192,2.05713,1.028565,,1.55192 1.028565 0,,,
1.5738,2.05636,1.02818,,1.5738 1.02818 0,,,
1.60029,2.05536,1.02768,,1.60029 1.02768 0,,,
1.62222,2.05355,1.026775,,1.62222 1.026775 0,,,
1.62228,2.05355,1.026775,,1.62228 1.026775 0,,,
1.66536,2.04897,1.024485,,1.66536 1.024485 0,,,
1.68887,2.04685,1.023425,,1.68887 1.023425 0,,,
1.7478,2.03962,1.01981,,1.7478 1.01981 0,,,
1.76999,2.03799,1.018995,,1.76999 1.018995 0,,,
1.89521,2.04027,1.020135,,1.89521 1.020135 0,,,
1.93582,2.04535,1.022675,,1.93582 1.022675 0,,,
1.9564,2.04766,1.02383,,1.9564 1.02383 0,,,
1.99737,2.05254,1.02627,,1.99737 1.02627 0,,,
2.00477,2.05326,1.02663,,2.00477 1.02663 0,,,
2.05187,2.05719,1.028595,,2.05187 1.028595 0,,,
2.05193,2.0572,1.0286,,2.05193 1.0286 0,,,
2.05904,2.05784,1.02892,,2.05904 1.02892 0,,,
2.09984,2.06102,1.03051,,2.09984 1.03051 0,,,
2.18018,2.07203,1.036015,,2.18018 1.036015 0,,,
2.25277,2.08991,1.044955,,2.25277 1.044955 0,,,
2.27024,2.09438,1.04719,,2.27024 1.04719 0,,,
2.27028,2.09439,1.047195,,2.27028 1.047195 0,,,
2.28028,2.09688,1.04844,,2.28028 1.04844 0,,,
2.31529,2.10625,1.053125,,2.31529 1.053125 0,,,
2.31541,2.10628,1.05314,,2.31541 1.05314 0,,,
2.34488,2.1135,1.05675,,2.34488 1.05675 0,,,
2.3456,2.11364,1.05682,,2.3456 1.05682 0,,,
2.40896,2.12641,1.063205,,2.40896 1.063205 0,,,
2.41226,2.12704,1.06352,,2.41226 1.06352 0,,,
2.46196,2.13618,1.06809,,2.46196 1.06809 0,,,
2.48137,2.14012,1.07006,,2.48137 1.07006 0,,,
2.48863,2.14146,1.07073,,2.48863 1.07073 0,,,
2.49556,2.1427,1.07135,,2.49556 1.07135 0,,,
2.51843,2.14571,1.072855,,2.51843 1.072855 0,,,
2.53244,2.14766,1.07383,,2.53244 1.07383 0,,,
2.54572,2.14945,1.074725,,2.54572 1.074725 0,,,
2.58586,2.15492,1.07746,,2.58586 1.07746 0,,,
2.64754,2.16396,1.08198,,2.64754 1.08198 0,,,
2.66222,2.1657,1.08285,,2.66222 1.08285 0,,,
2.6625,2.16572,1.08286,,2.6625 1.08286 0,,,
2.68607,2.168,1.084,,2.68607 1.084 0,,,
2.705,2.16975,1.084875,,2.705 1.084875 0,,,
2.73165,2.17183,1.085915,,2.73165 1.085915 0,,,
2.74988,2.17277,1.086385,,2.74988 1.086385 0,,,
2.75555,2.17289,1.086445,,2.75555 1.086445 0,,,
2.77126,2.17269,1.086345,,2.77126 1.086345 0,,,
2.78839,2.17208,1.08604,,2.78839 1.08604 0,,,
2.82208,2.17088,1.08544,,2.82208 1.08544 0,,,
2.83291,2.1702,1.0851,,2.83291 1.0851 0,,,
2.83867,2.16979,1.084895,,2.83867 1.084895 0,,,
2.89146,2.16687,1.083435,,2.89146 1.083435 0,,,
2.93572,2.16299,1.081495,,2.93572 1.081495 0,,,
2.93577,2.16299,1.081495,,2.93577 1.081495 0,,,
2.9397,2.1627,1.08135,,2.9397 1.08135 0,,,
2.9459,2.16169,1.080845,,2.9459 1.080845 0,,,
2.96936,2.15812,1.07906,,2.96936 1.07906 0,,,
2.98257,2.15582,1.07791,,2.98257 1.07791 0,,,
2.99503,2.15328,1.07664,,2.99503 1.07664 0,,,
3.01523,2.1487,1.07435,,3.01523 1.07435 0,,,
3.03936,2.14307,1.071535,,3.03936 1.071535 0,,,
3.0766,2.13076,1.06538,,3.0766 1.06538 0,,,
3.16452,2.10632,1.05316,,3.16452 1.05316 0,,,
3.22755,2.09378,1.04689,,3.22755 1.04689 0,,,
3.29115,2.08037,1.040185,,3.29115 1.040185 0,,,
3.34412,2.06687,1.033435,,3.34412 1.033435 0,,,
3.34773,2.066,1.033,,3.34773 1.033 0,,,
3.35287,2.06469,1.032345,,3.35287 1.032345 0,,,
3.35812,2.06322,1.03161,,3.35812 1.03161 0,,,
3.3722,2.05883,1.029415,,3.3722 1.029415 0,,,
3.44133,2.03652,1.01826,,3.44133 1.01826 0,,,
3.45296,2.03293,1.016465,,3.45296 1.016465 0,,,
3.46602,2.02848,1.01424,,3.46602 1.01424 0,,,
3.48343,2.02195,1.010975,,3.48343 1.010975 0,,,
3.55095,1.99795,0.998975,,3.55095 0.998975 0,,,
3.5823,1.98831,0.994155,,3.5823 0.994155 0,,,
3.59348,1.98468,0.99234,,3.59348 0.99234 0,,,
3.59567,1.98378,0.99189,,3.59567 0.99189 0,,,
3.61049,1.97829,0.989145,,3.61049 0.989145 0,,,
3.6441,1.96544,0.98272,,3.6441 0.98272 0,,,
3.64882,1.96367,0.981835,,3.64882 0.981835 0,,,
3.66727,1.95613,0.978065,,3.66727 0.978065 0,,,
3.69223,1.9453,0.97265,,3.69223 0.97265 0,,,
3.69441,1.94432,0.97216,,3.69441 0.97216 0,,,
3.69537,1.94384,0.97192,,3.69537 0.97192 0,,,
3.74236,1.91953,0.959765,,3.74236 0.959765 0,,,
3.7551,1.91236,0.95618,,3.7551 0.95618 0,,,
3.79207,1.89075,0.945375,,3.79207 0.945375 0,,,
3.82012,1.87511,0.937555,,3.82012 0.937555 0,,,
3.83794,1.86409,0.932045,,3.83794 0.932045 0,,,
3.86151,1.84911,0.924555,,3.86151 0.924555 0,,,
3.87976,1.8374,0.9187,,3.87976 0.9187 0,,,
3.88,1.83723,0.918615,,3.88 0.918615 0,,,
3.92204,1.80852,0.90426,,3.92204 0.90426 0,,,
3.9419,1.79503,0.897515,,3.9419 0.897515 0,,,
3.96538,1.77747,0.888735,,3.96538 0.888735 0,,,
4.00142,1.75121,0.875605,,4.00142 0.875605 0,,,
4.02177,1.73541,0.867705,,4.02177 0.867705 0,,,
4.04899,1.71361,0.856805,,4.04899 0.856805 0,,,
4.09443,1.67808,0.83904,,4.09443 0.83904 0,,,
4.10712,1.66799,0.833995,,4.10712 0.833995 0,,,
4.14167,1.63976,0.81988,,4.14167 0.81988 0,,,
4.14788,1.63447,0.817235,,4.14788 0.817235 0,,,
4.21565,1.57836,0.78918,,4.21565 0.78918 0,,,
4.22322,1.57224,0.78612,,4.22322 0.78612 0,,,
4.26981,1.53422,0.76711,,4.26981 0.76711 0,,,
4.2785,1.52736,0.76368,,4.2785 0.76368 0,,,
4.32448,1.49243,0.746215,,4.32448 0.746215 0,,,
4.33622,1.48413,0.742065,,4.33622 0.742065 0,,,
4.40318,1.43664,0.71832,,4.40318 0.71832 0,,,
4.44877,1.40597,0.702985,,4.44877 0.702985 0,,,
4.45487,1.40187,0.700935,,4.45487 0.700935 0,,,
4.49753,1.37228,0.68614,,4.49753 0.68614 0,,,
4.50973,1.36391,0.681955,,4.50973 0.681955 0,,,
4.54208,1.34156,0.67078,,4.54208 0.67078 0,,,
4.57634,1.31929,0.659645,,4.57634 0.659645 0,,,
4.58932,1.31083,0.655415,,4.58932 0.655415 0,,,
4.6148,1.2944,0.6472,,4.6148 0.6472 0,,,
4.68111,1.25704,0.62852,,4.68111 0.62852 0,,,
4.68667,1.25412,0.62706,,4.68667 0.62706 0,,,
4.71306,1.23968,0.61984,,4.71306 0.61984 0,,,
4.72898,1.23126,0.61563,,4.72898 0.61563 0,,,
4.73612,1.22745,0.613725,,4.73612 0.613725 0,,,
4.73641,1.22728,0.61364,,4.73641 0.61364 0,,,
4.7581,1.21451,0.607255,,4.7581 0.607255 0,,,
4.84947,1.16851,0.584255,,4.84947 0.584255 0,,,
4.87259,1.15963,0.579815,,4.87259 0.579815 0,,,
4.89559,1.15143,0.575715,,4.89559 0.575715 0,,,
4.89608,1.15124,0.57562,,4.89608 0.57562 0,,,
4.93841,1.1353,0.56765,,4.93841 0.56765 0,,,
4.93993,1.13471,0.567355,,4.93993 0.567355 0,,,
4.97697,1.12073,0.560365,,4.97697 0.560365 0,,,
5.02525,1.10584,0.55292,,5.02525 0.55292 0,,,
5.02702,1.10539,0.552695,,5.02702 0.552695 0,,,
5.08493,1.09559,0.547795,,5.08493 0.547795 0,,,
5.08906,1.09529,0.547645,,5.08906 0.547645 0,,,
5.11424,1.09262,0.54631,,5.11424 0.54631 0,,,
5.11962,1.092,0.546,,5.11962 0.546 0,,,
5.12923,1.09091,0.545455,,5.12923 0.545455 0,,,
5.14863,1.08866,0.54433,,5.14863 0.54433 0,,,
5.15494,1.08784,0.54392,,5.15494 0.54392 0,,,
5.17093,1.08554,0.54277,,5.17093 0.54277 0,,,
5.18545,1.08384,0.54192,,5.18545 0.54192 0,,,
5.18983,1.08359,0.541795,,5.18983 0.541795 0,,,
5.28345,1.08367,0.541835,,5.28345 0.541835 0,,,
5.31997,1.08978,0.54489,,5.31997 0.54489 0,,,
5.33055,1.09189,0.545945,,5.33055 0.545945 0,,,
5.34051,1.09385,0.546925,,5.34051 0.546925 0,,,
5.35504,1.09671,0.548355,,5.35504 0.548355 0,,,
5.3591,1.09751,0.548755,,5.3591 0.548755 0,,,
5.38442,1.10292,0.55146,,5.38442 0.55146 0,,,
5.41315,1.10981,0.554905,,5.41315 0.554905 0,,,
5.44528,1.11756,0.55878,,5.44528 0.55878 0,,,
5.45905,1.12114,0.56057,,5.45905 0.56057 0,,,
5.47347,1.12518,0.56259,,5.47347 0.56259 0,,,
5.50008,1.13335,0.566675,,5.50008 0.566675 0,,,
5.51488,1.13852,0.56926,,5.51488 0.56926 0,,,
5.54161,1.14865,0.574325,,5.54161 0.574325 0,,,
5.55142,1.15269,0.576345,,5.55142 0.576345 0,,,
5.57972,1.1637,0.58185,,5.57972 0.58185 0,,,
5.59185,1.16844,0.58422,,5.59185 0.58422 0,,,
5.59206,1.16852,0.58426,,5.59206 0.58426 0,,,
5.63209,1.18153,0.590765,,5.63209 0.590765 0,,,
5.64043,1.18427,0.592135,,5.64043 0.592135 0,,,
5.64166,1.18469,0.592345,,5.64166 0.592345 0,,,
5.68448,1.19937,0.599685,,5.68448 0.599685 0,,,
5.74961,1.22868,0.61434,,5.74961 0.61434 0,,,
5.76905,1.23853,0.619265,,5.76905 0.619265 0,,,
5.80287,1.2556,0.6278,,5.80287 0.6278 0,,,
5.8154,1.2619,0.63095,,5.8154 0.63095 0,,,
5.8316,1.2697,0.63485,,5.8316 0.63485 0,,,
5.83687,1.27207,0.636035,,5.83687 0.636035 0,,,
5.84349,1.27471,0.637355,,5.84349 0.637355 0,,,
5.84389,1.27485,0.637425,,5.84389 0.637425 0,,,
5.86036,1.28057,0.640285,,5.86036 0.640285 0,,,
5.86046,1.28061,0.640305,,5.86046 0.640305 0,,,
5.8668,1.28289,0.641445,,5.8668 0.641445 0,,,
5.86787,1.28317,0.641585,,5.86787 0.641585 0,,,
5.87427,1.2846,0.6423,,5.87427 0.6423 0,,,
5.89397,1.28925,0.644625,,5.89397 0.644625 0,,,
5.93163,1.29763,0.648815,,5.93163 0.648815 0,,,
5.94362,1.30067,0.650335,,5.94362 0.650335 0,,,
5.95299,1.30267,0.651335,,5.95299 0.651335 0,,,
5.96378,1.30459,0.652295,,5.96378 0.652295 0,,,
5.97343,1.30621,0.653105,,5.97343 0.653105 0,,,
5.97746,1.30625,0.653125,,5.97746 0.653125 0,,,
5.9983,1.30509,0.652545,,5.9983 0.652545 0,,,
6.00139,1.30497,0.652485,,6.00139 0.652485 0,,,
6.0224,1.30502,0.65251,,6.0224 0.65251 0,,,
6.02293,1.30501,0.652505,,6.02293 0.652505 0,,,
6.04137,1.3041,0.65205,,6.04137 0.65205 0,,,
6.05745,1.30332,0.65166,,6.05745 0.65166 0,,,
6.06358,1.30297,0.651485,,6.06358 0.651485 0,,,
6.12342,1.30391,0.651955,,6.12342 0.651955 0,,,
6.12359,1.3039,0.65195,,6.12359 0.65195 0,,,
6.14614,1.30317,0.651585,,6.14614 0.651585 0,,,
6.1484,1.30309,0.651545,,6.1484 0.651545 0,,,
6.16831,1.30178,0.65089,,6.16831 0.65089 0,,,
6.1891,1.30017,0.650085,,6.1891 0.650085 0,,,
6.18956,1.30012,0.65006,,6.18956 0.65006 0,,,
6.2229,1.29618,0.64809,,6.2229 0.64809 0,,,
6.23062,1.29535,0.647675,,6.23062 0.647675 0,,,
6.24016,1.29461,0.647305,,6.24016 0.647305 0,,,
6.25846,1.2934,0.6467,,6.25846 0.6467 0,,,
6.27834,1.29232,0.64616,,6.27834 0.64616 0,,,
6.28449,1.29192,0.64596,,6.28449 0.64596 0,,,
6.30439,1.2884,0.6442,,6.30439 0.6442 0,,,
6.3338,1.28504,0.64252,,6.3338 0.64252 0,,,
6.35995,1.2802,0.6401,,6.35995 0.6401 0,,,
6.3679,1.27907,0.639535,,6.3679 0.639535 0,,,
6.37467,1.27782,0.63891,,6.37467 0.63891 0,,,
6.38796,1.27587,0.637935,,6.38796 0.637935 0,,,
6.40891,1.2717,0.63585,,6.40891 0.63585 0,,,
6.41454,1.27069,0.635345,,6.41454 0.635345 0,,,
6.4283,1.26814,0.63407,,6.4283 0.63407 0,,,
6.4542,1.26356,0.63178,,6.4542 0.63178 0,,,
6.49634,1.25863,0.629315,,6.49634 0.629315 0,,,
6.53226,1.25652,0.62826,,6.53226 0.62826 0,,,
6.54366,1.25574,0.62787,,6.54366 0.62787 0,,,
6.58149,1.25155,0.625775,,6.58149 0.625775 0,,,
6.58209,1.25148,0.62574,,6.58209 0.62574 0,,,
6.58668,1.25102,0.62551,,6.58668 0.62551 0,,,
6.60411,1.24879,0.624395,,6.60411 0.624395 0,,,
6.61534,1.24757,0.623785,,6.61534 0.623785 0,,,
6.62525,1.2466,0.6233,,6.62525 0.6233 0,,,
6.63095,1.24606,0.62303,,6.63095 0.62303 0,,,
6.63352,1.24587,0.622935,,6.63352 0.622935 0,,,
6.67784,1.24444,0.62222,,6.67784 0.62222 0,,,
6.67798,1.24444,0.62222,,6.67798 0.62222 0,,,
6.70891,1.24379,0.621895,,6.70891 0.621895 0,,,
6.72334,1.24364,0.62182,,6.72334 0.62182 0,,,
6.73457,1.24351,0.621755,,6.73457 0.621755 0,,,
6.7355,1.2435,0.62175,,6.7355 0.62175 0,,,
6.73593,1.2435,0.62175,,6.73593 0.62175 0,,,
6.75781,1.24169,0.620845,,6.75781 0.620845 0,,,
6.77805,1.23969,0.619845,,6.77805 0.619845 0,,,
6.79621,1.23881,0.619405,,6.79621 0.619405 0,,,
6.84425,1.23614,0.61807,,6.84425 0.61807 0,,,
6.84928,1.2362,0.6181,,6.84928 0.6181 0,,,
6.85329,1.23616,0.61808,,6.85329 0.61808 0,,,
6.87277,1.23529,0.617645,,6.87277 0.617645 0,,,
6.90061,1.23473,0.617365,,6.90061 0.617365 0,,,
6.90174,1.23471,0.617355,,6.90174 0.617355 0,,,
6.92889,1.23341,0.616705,,6.92889 0.616705 0,,,
6.93777,1.23292,0.61646,,6.93777 0.61646 0,,,
6.93837,1.2329,0.61645,,6.93837 0.61645 0,,,
6.95947,1.23035,0.615175,,6.95947 0.615175 0,,,
6.97884,1.22826,0.61413,,6.97884 0.61413 0,,,
7.00646,1.22591,0.612955,,7.00646 0.612955 0,,,
7.04209,1.22271,0.611355,,7.04209 0.611355 0,,,
7.0421,1.22271,0.611355,,7.0421 0.611355 0,,,
7.04482,1.22264,0.61132,,7.04482 0.61132 0,,,
7.08672,1.22249,0.611245,,7.08672 0.611245 0,,,
7.11301,1.22173,0.610865,,7.11301 0.610865 0,,,
7.13042,1.2213,0.61065,,7.13042 0.61065 0,,,
7.1826,1.21806,0.60903,,7.1826 0.60903 0,,,
7.21368,1.21419,0.607095,,7.21368 0.607095 0,,,
7.21918,1.21321,0.606605,,7.21918 0.606605 0,,,
7.26244,1.20592,0.60296,,7.26244 0.60296 0,,,
7.26356,1.20574,0.60287,,7.26356 0.60287 0,,,
7.3606,1.20313,0.601565,,7.3606 0.601565 0,,,
7.40658,1.20694,0.60347,,7.40658 0.60347 0,,,
7.42146,1.20857,0.604285,,7.42146 0.604285 0,,,
7.42461,1.20877,0.604385,,7.42461 0.604385 0,,,
7.42725,1.20891,0.604455,,7.42725 0.604455 0,,,
7.42795,1.20894,0.60447,,7.42795 0.60447 0,,,
7.47087,1.20966,0.60483,,7.47087 0.60483 0,,,
7.47243,1.20968,0.60484,,7.47243 0.60484 0,,,
7.51429,1.21034,0.60517,,7.51429 0.60517 0,,,
7.56047,1.21576,0.60788,,7.56047 0.60788 0,,,
7.57156,1.21735,0.608675,,7.57156 0.608675 0,,,
7.60343,1.22172,0.61086,,7.60343 0.61086 0,,,
7.61317,1.22312,0.61156,,7.61317 0.61156 0,,,
7.63572,1.2259,0.61295,,7.63572 0.61295 0,,,
7.65501,1.22833,0.614165,,7.65501 0.614165 0,,,
7.66619,1.22974,0.61487,,7.66619 0.61487 0,,,
7.67213,1.23039,0.615195,,7.67213 0.615195 0,,,
7.71178,1.23656,0.61828,,7.71178 0.61828 0,,,
7.73401,1.24038,0.62019,,7.73401 0.62019 0,,,
7.75139,1.24335,0.621675,,7.75139 0.621675 0,,,
7.76801,1.24593,0.622965,,7.76801 0.622965 0,,,
7.7811,1.24807,0.624035,,7.7811 0.624035 0,,,
7.81325,1.25413,0.627065,,7.81325 0.627065 0,,,
7.82207,1.25562,0.62781,,7.82207 0.62781 0,,,
7.83803,1.25872,0.62936,,7.83803 0.62936 0,,,
7.83983,1.25909,0.629545,,7.83983 0.629545 0,,,
7.87321,1.26537,0.632685,,7.87321 0.632685 0,,,
7.89122,1.26941,0.634705,,7.89122 0.634705 0,,,
7.90136,1.27179,0.635895,,7.90136 0.635895 0,,,
7.93136,1.27882,0.63941,,7.93136 0.63941 0,,,
7.95858,1.28424,0.64212,,7.95858 0.64212 0,,,
7.99414,1.29026,0.64513,,7.99414 0.64513 0,,,
8.03193,1.30145,0.650725,,8.03193 0.650725 0,,,
8.03543,1.30249,0.651245,,8.03543 0.651245 0,,,
8.04222,1.30439,0.652195,,8.04222 0.652195 0,,,
8.06032,1.30868,0.65434,,8.06032 0.65434 0,,,
8.09102,1.31777,0.658885,,8.09102 0.658885 0,,,
8.09253,1.31821,0.659105,,8.09253 0.659105 0,,,
8.11607,1.32327,0.661635,,8.11607 0.661635 0,,,
8.12903,1.32624,0.66312,,8.12903 0.66312 0,,,
8.14037,1.3289,0.66445,,8.14037 0.66445 0,,,
8.19036,1.34385,0.671925,,8.19036 0.671925 0,,,
8.19512,1.34537,0.672685,,8.19512 0.672685 0,,,
8.19863,1.34665,0.673325,,8.19863 0.673325 0,,,
8.22912,1.3564,0.6782,,8.22912 0.6782 0,,,
8.23616,1.35895,0.679475,,8.23616 0.679475 0,,,
8.24806,1.36255,0.681275,,8.24806 0.681275 0,,,
8.26332,1.36686,0.68343,,8.26332 0.68343 0,,,
8.29897,1.37563,0.687815,,8.29897 0.687815 0,,,
8.29921,1.3757,0.68785,,8.29921 0.68785 0,,,
8.30759,1.37802,0.68901,,8.30759 0.68901 0,,,
8.33622,1.38651,0.693255,,8.33622 0.693255 0,,,
8.33623,1.38652,0.69326,,8.33623 0.69326 0,,,
8.33883,1.38739,0.693695,,8.33883 0.693695 0,,,
8.35531,1.39271,0.696355,,8.35531 0.696355 0,,,
8.37476,1.39949,0.699745,,8.37476 0.699745 0,,,
8.38139,1.40135,0.700675,,8.38139 0.700675 0,,,
8.39464,1.40497,0.702485,,8.39464 0.702485 0,,,
8.41196,1.40966,0.70483,,8.41196 0.70483 0,,,
8.42748,1.41372,0.70686,,8.42748 0.70686 0,,,
8.42797,1.41386,0.70693,,8.42797 0.70693 0,,,
8.45145,1.41994,0.70997,,8.45145 0.70997 0,,,
8.46434,1.42385,0.711925,,8.46434 0.711925 0,,,
8.46655,1.42446,0.71223,,8.46655 0.71223 0,,,
8.50337,1.43551,0.717755,,8.50337 0.717755 0,,,
8.51142,1.43772,0.71886,,8.51142 0.71886 0,,,
8.52775,1.44172,0.72086,,8.52775 0.72086 0,,,
8.55217,1.44629,0.723145,,8.55217 0.723145 0,,,
8.6217,1.46164,0.73082,,8.6217 0.73082 0,,,
8.67134,1.47364,0.73682,,8.67134 0.73682 0,,,
8.6897,1.47931,0.739655,,8.6897 0.739655 0,,,
8.69304,1.48026,0.74013,,8.69304 0.74013 0,,,
8.73342,1.49183,0.745915,,8.73342 0.745915 0,,,
8.73703,1.49293,0.746465,,8.73703 0.746465 0,,,
8.73904,1.49351,0.746755,,8.73904 0.746755 0,,,
8.74424,1.49498,0.74749,,8.74424 0.74749 0,,,
8.77346,1.50294,0.75147,,8.77346 0.75147 0,,,
8.79688,1.50903,0.754515,,8.79688 0.754515 0,,,
8.80913,1.51213,0.756065,,8.80913 0.756065 0,,,
8.84174,1.51887,0.759435,,8.84174 0.759435 0,,,
8.86018,1.52276,0.76138,,8.86018 0.76138 0,,,
8.8726,1.5252,0.7626,,8.8726 0.7626 0,,,
8.89126,1.52944,0.76472,,8.89126 0.76472 0,,,
8.90492,1.53283,0.766415,,8.90492 0.766415 0,,,
8.92708,1.5391,0.76955,,8.92708 0.76955 0,,,
8.94856,1.54483,0.772415,,8.94856 0.772415 0,,,
8.95119,1.54547,0.772735,,8.95119 0.772735 0,,,
8.98098,1.55284,0.77642,,8.98098 0.77642 0,,,
8.98105,1.55286,0.77643,,8.98105 0.77643 0,,,
8.99993,1.55795,0.778975,,8.99993 0.778975 0,,,
8.99994,1.55795,0.778975,,8.99994 0.778975 0,,,
9.00104,1.55821,0.779105,,9.00104 0.779105 0,,,
9.02058,1.56242,0.78121,,9.02058 0.78121 0,,,
9.03161,1.56397,0.781985,,9.03161 0.781985 0,,,
9.04284,1.56562,0.78281,,9.04284 0.78281 0,,,
9.07366,1.57086,0.78543,,9.07366 0.78543 0,,,
9.08607,1.57314,0.78657,,9.08607 0.78657 0,,,
9.103,1.57547,0.787735,,9.103 0.787735 0,,,
9.14913,1.58439,0.792195,,9.14913 0.792195 0,,,
9.14975,1.58451,0.792255,,9.14975 0.792255 0,,,
9.17631,1.59022,0.79511,,9.17631 0.79511 0,,,
9.18178,1.59123,0.795615,,9.18178 0.795615 0,,,
9.21459,1.59691,0.798455,,9.21459 0.798455 0,,,
9.23208,1.60004,0.80002,,9.23208 0.80002 0,,,
9.25179,1.60326,0.80163,,9.25179 0.80163 0,,,
9.26539,1.60548,0.80274,,9.26539 0.80274 0,,,
9.27235,1.60666,0.80333,,9.27235 0.80333 0,,,
9.34491,1.61856,0.80928,,9.34491 0.80928 0,,,
9.34946,1.61945,0.809725,,9.34946 0.809725 0,,,
9.3495,1.61946,0.80973,,9.3495 0.80973 0,,,
9.35019,1.61959,0.809795,,9.35019 0.809795 0,,,
9.37837,1.62499,0.812495,,9.37837 0.812495 0,,,
9.37854,1.62503,0.812515,,9.37854 0.812515 0,,,
9.38695,1.62711,0.813555,,9.38695 0.813555 0,,,
9.38699,1.62712,0.81356,,9.38699 0.81356 0,,,
9.39877,1.62951,0.814755,,9.39877 0.814755 0,,,
9.39895,1.62956,0.81478,,9.39895 0.81478 0,,,
9.42161,1.63538,0.81769,,9.42161 0.81769 0,,,
9.43069,1.63687,0.818435,,9.43069 0.818435 0,,,
9.46239,1.641,0.8205,,9.46239 0.8205 0,,,
9.48008,1.64348,0.82174,,9.48008 0.82174 0,,,
9.53872,1.65085,0.825425,,9.53872 0.825425 0,,,
9.53875,1.65086,0.82543,,9.53875 0.82543 0,,,
9.54675,1.65205,0.826025,,9.54675 0.826025 0,,,
9.56033,1.65283,0.826415,,9.56033 0.826415 0,,,
9.57832,1.65295,0.826475,,9.57832 0.826475 0,,,
9.57931,1.65293,0.826465,,9.57931 0.826465 0,,,
9.65129,1.65472,0.82736,,9.65129 0.82736 0,,,
9.67827,1.65714,0.82857,,9.67827 0.82857 0,,,
9.67835,1.65716,0.82858,,9.67835 0.82858 0,,,
9.69885,1.66008,0.83004,,9.69885 0.83004 0,,,
9.699,1.6601,0.83005,,9.699 0.83005 0,,,
9.7087,1.66135,0.830675,,9.7087 0.830675 0,,,
9.72116,1.66306,0.83153,,9.72116 0.83153 0,,,
9.72133,1.66308,0.83154,,9.72133 0.83154 0,,,
9.74266,1.66601,0.833005,,9.74266 0.833005 0,,,
9.74272,1.66602,0.83301,,9.74272 0.83301 0,,,
9.7585,1.66829,0.834145,,9.7585 0.834145 0,,,
9.77535,1.67052,0.83526,,9.77535 0.83526 0,,,
9.7762,1.67058,0.83529,,9.7762 0.83529 0,,,
9.7856,1.67128,0.83564,,9.7856 0.83564 0,,,
9.80636,1.67274,0.83637,,9.80636 0.83637 0,,,
9.82125,1.67394,0.83697,,9.82125 0.83697 0,,,
9.83155,1.67475,0.837375,,9.83155 0.837375 0,,,
9.8468,1.6755,0.83775,,9.8468 0.83775 0,,,
9.87053,1.67712,0.83856,,9.87053 0.83856 0,,,
9.87245,1.67714,0.83857,,9.87245 0.83857 0,,,
9.87829,1.67715,0.838575,,9.87829 0.838575 0,,,
9.90399,1.67761,0.838805,,9.90399 0.838805 0,,,
9.91089,1.67768,0.83884,,9.91089 0.83884 0,,,
9.9383,1.67788,0.83894,,9.9383 0.83894 0,,,
9.97941,1.68001,0.840005,,9.97941 0.840005 0,,,
9.9996,1.68102,0.84051,,9.9996 0.84051 0,,,
10.0369,1.68359,0.841795,,10.0369 0.841795 0,,,
10.0372,1.68361,0.841805,,10.0372 0.841805 0,,,
10.0944,1.68334,0.84167,,10.0944 0.84167 0,,,
10.1179,1.6826,0.8413,,10.1179 0.8413 0,,,
10.1199,1.68253,0.841265,,10.1199 0.841265 0,,,
10.1279,1.68217,0.841085,,10.1279 0.841085 0,,,
10.1898,1.68014,0.84007,,10.1898 0.84007 0,,,
10.2343,1.68089,0.840445,,10.2343 0.840445 0,,,
10.2389,1.68094,0.84047,,10.2389 0.84047 0,,,
10.2862,1.67968,0.83984,,10.2862 0.83984 0,,,
10.3019,1.67948,0.83974,,10.3019 0.83974 0,,,
10.3621,1.68016,0.84008,,10.3621 0.84008 0,,,
10.3908,1.68158,0.84079,,10.3908 0.84079 0,,,
10.4351,1.68417,0.842085,,10.4351 0.842085 0,,,
10.4534,1.68541,0.842705,,10.4534 0.842705 0,,,
10.4583,1.68544,0.84272,,10.4583 0.84272 0,,,
10.4965,1.68506,0.84253,,10.4965 0.84253 0,,,
10.5218,1.68482,0.84241,,10.5218 0.84241 0,,,
10.5656,1.68361,0.841805,,10.5656 0.841805 0,,,
10.5758,1.68309,0.841545,,10.5758 0.841545 0,,,
10.6059,1.68018,0.84009,,10.6059 0.84009 0,,,
10.6343,1.6775,0.83875,,10.6343 0.83875 0,,,
10.649,1.67589,0.837945,,10.649 0.837945 0,,,
10.666,1.67331,0.836655,,10.666 0.836655 0,,,
10.6769,1.67131,0.835655,,10.6769 0.835655 0,,,
10.6954,1.66778,0.83389,,10.6954 0.83389 0,,,
10.7327,1.66085,0.830425,,10.7327 0.830425 0,,,
10.7511,1.65765,0.828825,,10.7511 0.828825 0,,,
10.7762,1.65081,0.825405,,10.7762 0.825405 0,,,
10.8779,1.63191,0.815955,,10.8779 0.815955 0,,,
10.8821,1.63124,0.81562,,10.8821 0.81562 0,,,
10.9156,1.62607,0.813035,,10.9156 0.813035 0,,,
10.9267,1.62388,0.81194,,10.9267 0.81194 0,,,
10.9372,1.62145,0.810725,,10.9372 0.810725 0,,,
10.9736,1.61157,0.805785,,10.9736 0.805785 0,,,
10.9789,1.61011,0.805055,,10.9789 0.805055 0,,,
10.9854,1.60769,0.803845,,10.9854 0.803845 0,,,
11.0363,1.58855,0.794275,,11.0363 0.794275 0,,,
11.0507,1.58305,0.791525,,11.0507 0.791525 0,,,
11.0998,1.56543,0.782715,,11.0998 0.782715 0,,,
11.1285,1.55651,0.778255,,11.1285 0.778255 0,,,
11.161,1.54618,0.77309,,11.161 0.77309 0,,,
11.1803,1.54114,0.77057,,11.1803 0.77057 0,,,
11.2419,1.52646,0.76323,,11.2419 0.76323 0,,,
11.2595,1.52349,0.761745,,11.2595 0.761745 0,,,
11.2767,1.52044,0.76022,,11.2767 0.76022 0,,,
11.2936,1.51731,0.758655,,11.2936 0.758655 0,,,
11.3201,1.51245,0.756225,,11.3201 0.756225 0,,,
11.3543,1.5067,0.75335,,11.3543 0.75335 0,,,
11.3596,1.50577,0.752885,,11.3596 0.752885 0,,,
11.399,1.49922,0.74961,,11.399 0.74961 0,,,
11.4024,1.49866,0.74933,,11.4024 0.74933 0,,,
11.4209,1.49563,0.747815,,11.4209 0.747815 0,,,
11.5175,1.47993,0.739965,,11.5175 0.739965 0,,,
11.5264,1.47896,0.73948,,11.5264 0.73948 0,,,
11.5732,1.47354,0.73677,,11.5732 0.73677 0,,,
11.5843,1.47268,0.73634,,11.5843 0.73634 0,,,
11.5867,1.47239,0.736195,,11.5867 0.736195 0,,,
11.6359,1.46448,0.73224,,11.6359 0.73224 0,,,
11.6431,1.46344,0.73172,,11.6431 0.73172 0,,,
11.6783,1.45823,0.729115,,11.6783 0.729115 0,,,
11.7143,1.45458,0.72729,,11.7143 0.72729 0,,,
11.7646,1.45283,0.726415,,11.7646 0.726415 0,,,
11.7948,1.45157,0.725785,,11.7948 0.725785 0,,,
11.8088,1.45049,0.725245,,11.8088 0.725245 0,,,
11.8211,1.44969,0.724845,,11.8211 0.724845 0,,,
11.8648,1.44855,0.724275,,11.8648 0.724275 0,,,
11.8729,1.44846,0.72423,,11.8729 0.72423 0,,,
11.892,1.44791,0.723955,,11.892 0.723955 0,,,
11.9114,1.44704,0.72352,,11.9114 0.72352 0,,,
11.9435,1.44524,0.72262,,11.9435 0.72262 0,,,
11.9741,1.4446,0.7223,,11.9741 0.7223 0,,,
11.9804,1.44461,0.722305,,11.9804 0.722305 0,,,
11.9863,1.44429,0.722145,,11.9863 0.722145 0,,,
12.0157,1.4431,0.72155,,12.0157 0.72155 0,,,
12.0374,1.44289,0.721445,,12.0374 0.721445 0,,,
12.0441,1.4429,0.72145,,12.0441 0.72145 0,,,
12.078,1.44275,0.721375,,12.078 0.721375 0,,,
12.091,1.44263,0.721315,,12.091 0.721315 0,,,
12.1067,1.44239,0.721195,,12.1067 0.721195 0,,,
12.1101,1.4423,0.72115,,12.1101 0.72115 0,,,
12.1523,1.44132,0.72066,,12.1523 0.72066 0,,,
12.1943,1.44276,0.72138,,12.1943 0.72138 0,,,
12.2078,1.44307,0.721535,,12.2078 0.721535 0,,,
12.2314,1.44397,0.721985,,12.2314 0.721985 0,,,
12.2523,1.44532,0.72266,,12.2523 0.72266 0,,,
12.2555,1.44546,0.72273,,12.2555 0.72273 0,,,
12.2583,1.44547,0.722735,,12.2583 0.722735 0,,,
12.2593,1.44547,0.722735,,12.2593 0.722735 0,,,
12.3048,1.44585,0.722925,,12.3048 0.722925 0,,,
12.3352,1.44675,0.723375,,12.3352 0.723375 0,,,
12.3571,1.44777,0.723885,,12.3571 0.723885 0,,,
12.3936,1.45082,0.72541,,12.3936 0.72541 0,,,
12.4054,1.45031,0.725155,,12.4054 0.725155 0,,,
12.4115,1.44999,0.724995,,12.4115 0.724995 0,,,
12.431,1.44894,0.72447,,12.431 0.72447 0,,,
12.4915,1.4492,0.7246,,12.4915 0.7246 0,,,
12.5155,1.44991,0.724955,,12.5155 0.724955 0,,,
12.518,1.4501,0.72505,,12.518 0.72505 0,,,
12.5228,1.44999,0.724995,,12.5228 0.724995 0,,,
12.5558,1.44833,0.724165,,12.5558 0.724165 0,,,
12.556,1.44831,0.724155,,12.556 0.724155 0,,,
12.5612,1.44817,0.724085,,12.5612 0.724085 0,,,
12.5872,1.44663,0.723315,,12.5872 0.723315 0,,,
12.6746,1.44507,0.722535,,12.6746 0.722535 0,,,
12.6919,1.44624,0.72312,,12.6919 0.72312 0,,,
12.73,1.44871,0.724355,,12.73 0.724355 0,,,
12.7325,1.44868,0.72434,,12.7325 0.72434 0,,,
12.7618,1.44782,0.72391,,12.7618 0.72391 0,,,
12.8144,1.44772,0.72386,,12.8144 0.72386 0,,,
12.873,1.44868,0.72434,,12.873 0.72434 0,,,
12.8933,1.44812,0.72406,,12.8933 0.72406 0,,,
12.9038,1.44764,0.72382,,12.9038 0.72382 0,,,
12.9487,1.44584,0.72292,,12.9487 0.72292 0,,,
13,1.44595,0.722975,,13 0.722975 0,,,
13.0113,1.44601,0.723005,,13.0113 0.723005 0,,,
13.0426,1.44635,0.723175,,13.0426 0.723175 0,,,
13.0807,1.44516,0.72258,,13.0807 0.72258 0,,,
13.1268,1.44462,0.72231,,13.1268 0.72231 0,,,
13.1745,1.446,0.723,,13.1745 0.723 0,,,
13.1815,1.44623,0.723115,,13.1815 0.723115 0,,,
13.2287,1.44509,0.722545,,13.2287 0.722545 0,,,
13.2288,1.44509,0.722545,,13.2288 0.722545 0,,,
13.2424,1.44528,0.72264,,13.2424 0.72264 0,,,
13.2591,1.4456,0.7228,,13.2591 0.7228 0,,,
13.267,1.44576,0.72288,,13.267 0.72288 0,,,
13.2693,1.44575,0.722875,,13.2693 0.722875 0,,,
13.3112,1.44554,0.72277,,13.3112 0.72277 0,,,
13.3116,1.44555,0.722775,,13.3116 0.722775 0,,,
13.3444,1.44644,0.72322,,13.3444 0.72322 0,,,
13.3582,1.44763,0.723815,,13.3582 0.723815 0,,,
13.3824,1.44977,0.724885,,13.3824 0.724885 0,,,
13.4037,1.45195,0.725975,,13.4037 0.725975 0,,,
13.4152,1.45326,0.72663,,13.4152 0.72663 0,,,
13.4356,1.45587,0.727935,,13.4356 0.727935 0,,,
13.4357,1.45588,0.72794,,13.4357 0.72794 0,,,
13.4515,1.45835,0.729175,,13.4515 0.729175 0,,,
13.4719,1.45997,0.729985,,13.4719 0.729985 0,,,
13.4843,1.4605,0.73025,,13.4843 0.73025 0,,,
13.4989,1.46101,0.730505,,13.4989 0.730505 0,,,
13.499,1.46102,0.73051,,13.499 0.73051 0,,,
13.5203,1.46196,0.73098,,13.5203 0.73098 0,,,
13.5206,1.46199,0.730995,,13.5206 0.730995 0,,,
13.557,1.46557,0.732785,,13.557 0.732785 0,,,
13.5578,1.46567,0.732835,,13.5578 0.732835 0,,,
13.5784,1.46834,0.73417,,13.5784 0.73417 0,,,
13.5796,1.4685,0.73425,,13.5796 0.73425 0,,,
13.6013,1.4716,0.7358,,13.6013 0.7358 0,,,
13.6234,1.47514,0.73757,,13.6234 0.73757 0,,,
13.6245,1.47539,0.737695,,13.6245 0.737695 0,,,
13.6728,1.48591,0.742955,,13.6728 0.742955 0,,,
13.6729,1.48592,0.74296,,13.6729 0.74296 0,,,
13.6796,1.48735,0.743675,,13.6796 0.743675 0,,,
13.6926,1.48985,0.744925,,13.6926 0.744925 0,,,
13.7033,1.49209,0.746045,,13.7033 0.746045 0,,,
13.7033,1.4921,0.74605,,13.7033 0.74605 0,,,
13.7125,1.49396,0.74698,,13.7125 0.74698 0,,,
13.7127,1.494,0.747,,13.7127 0.747 0,,,
13.7575,1.50371,0.751855,,13.7575 0.751855 0,,,
13.76,1.5044,0.7522,,13.76 0.7522 0,,,
13.793,1.51312,0.75656,,13.793 0.75656 0,,,
13.7942,1.51346,0.75673,,13.7942 0.75673 0,,,
13.7984,1.51456,0.75728,,13.7984 0.75728 0,,,
13.8267,1.52154,0.76077,,13.8267 0.76077 0,,,
13.8345,1.52336,0.76168,,13.8345 0.76168 0,,,
13.8374,1.52404,0.76202,,13.8374 0.76202 0,,,
13.8385,1.52429,0.762145,,13.8385 0.762145 0,,,
13.8481,1.5263,0.76315,,13.8481 0.76315 0,,,
13.8482,1.52634,0.76317,,13.8482 0.76317 0,,,
13.8851,1.53472,0.76736,,13.8851 0.76736 0,,,
13.8851,1.53474,0.76737,,13.8851 0.76737 0,,,
13.8918,1.53656,0.76828,,13.8918 0.76828 0,,,
13.8919,1.53658,0.76829,,13.8919 0.76829 0,,,
13.9101,1.54117,0.770585,,13.9101 0.770585 0,,,
13.9172,1.54291,0.771455,,13.9172 0.771455 0,,,
13.9577,1.55397,0.776985,,13.9577 0.776985 0,,,
13.9578,1.55398,0.77699,,13.9578 0.77699 0,,,
13.9664,1.55653,0.778265,,13.9664 0.778265 0,,,
13.9664,1.55656,0.77828,,13.9664 0.77828 0,,,
13.9765,1.55963,0.779815,,13.9765 0.779815 0,,,
13.9824,1.5613,0.78065,,13.9824 0.78065 0,,,
14.0076,1.56856,0.78428,,14.0076 0.78428 0,,,
14.0076,1.56858,0.78429,,14.0076 0.78429 0,,,
14.0206,1.57232,0.78616,,14.0206 0.78616 0,,,
14.0224,1.57278,0.78639,,14.0224 0.78639 0,,,
14.0316,1.57519,0.787595,,14.0316 0.787595 0,,,
14.0316,1.57521,0.787605,,14.0316 0.787605 0,,,
14.0371,1.57668,0.78834,,14.0371 0.78834 0,,,
14.0372,1.57671,0.788355,,14.0372 0.788355 0,,,
14.0497,1.58036,0.79018,,14.0497 0.79018 0,,,
14.0498,1.58037,0.790185,,14.0498 0.790185 0,,,
14.0631,1.58397,0.791985,,14.0631 0.791985 0,,,
14.0708,1.58617,0.793085,,14.0708 0.793085 0,,,
14.0729,1.58667,0.793335,,14.0729 0.793335 0,,,
14.1099,1.59554,0.79777,,14.1099 0.79777 0,,,
14.115,1.59638,0.79819,,14.115 0.79819 0,,,
14.1235,1.59763,0.798815,,14.1235 0.798815 0,,,
14.1515,1.60256,0.80128,,14.1515 0.80128 0,,,
14.1977,1.61229,0.806145,,14.1977 0.806145 0,,,
14.1985,1.61249,0.806245,,14.1985 0.806245 0,,,
14.1986,1.61252,0.80626,,14.1986 0.80626 0,,,
14.2295,1.6202,0.8101,,14.2295 0.8101 0,,,
14.2487,1.62498,0.81249,,14.2487 0.81249 0,,,
14.2557,1.62691,0.813455,,14.2557 0.813455 0,,,
14.2579,1.62749,0.813745,,14.2579 0.813745 0,,,
14.2714,1.63102,0.81551,,14.2714 0.81551 0,,,
14.2825,1.63378,0.81689,,14.2825 0.81689 0,,,
14.2832,1.63396,0.81698,,14.2832 0.81698 0,,,
14.3006,1.6382,0.8191,,14.3006 0.8191 0,,,
14.3008,1.63824,0.81912,,14.3008 0.81912 0,,,
14.3051,1.63924,0.81962,,14.3051 0.81962 0,,,
14.3052,1.63926,0.81963,,14.3052 0.81963 0,,,
14.3129,1.64098,0.82049,,14.3129 0.82049 0,,,
14.3327,1.64446,0.82223,,14.3327 0.82223 0,,,
14.3336,1.64455,0.822275,,14.3336 0.822275 0,,,
14.3576,1.64718,0.82359,,14.3576 0.82359 0,,,
14.3577,1.6472,0.8236,,14.3577 0.8236 0,,,
14.3658,1.64837,0.824185,,14.3658 0.824185 0,,,
14.3731,1.64927,0.824635,,14.3731 0.824635 0,,,
14.3733,1.64928,0.82464,,14.3733 0.82464 0,,,
14.3893,1.65054,0.82527,,14.3893 0.82527 0,,,
14.4262,1.65489,0.827445,,14.4262 0.827445 0,,,
14.4348,1.65592,0.82796,,14.4348 0.82796 0,,,
14.465,1.6587,0.82935,,14.465 0.82935 0,,,
14.4859,1.66031,0.830155,,14.4859 0.830155 0,,,
14.5241,1.66546,0.83273,,14.5241 0.83273 0,,,
14.5287,1.66624,0.83312,,14.5287 0.83312 0,,,
14.5306,1.66656,0.83328,,14.5306 0.83328 0,,,
14.5314,1.66665,0.833325,,14.5314 0.833325 0,,,
14.5432,1.6678,0.8339,,14.5432 0.8339 0,,,
14.5522,1.66871,0.834355,,14.5522 0.834355 0,,,
14.5564,1.66906,0.83453,,14.5564 0.83453 0,,,
14.5778,1.67082,0.83541,,14.5778 0.83541 0,,,
14.578,1.67082,0.83541,,14.578 0.83541 0,,,
14.5973,1.67163,0.835815,,14.5973 0.835815 0,,,
14.6101,1.67204,0.83602,,14.6101 0.83602 0,,,
14.635,1.67267,0.836335,,14.635 0.836335 0,,,
14.6919,1.67556,0.83778,,14.6919 0.83778 0,,,
14.692,1.67556,0.83778,,14.692 0.83778 0,,,
14.712,1.6771,0.83855,,14.712 0.83855 0,,,
14.7188,1.6775,0.83875,,14.7188 0.83875 0,,,
14.7359,1.67877,0.839385,,14.7359 0.839385 0,,,
14.7446,1.67922,0.83961,,14.7446 0.83961 0,,,
14.7585,1.67981,0.839905,,14.7585 0.839905 0,,,
14.762,1.67986,0.83993,,14.762 0.83993 0,,,
14.807,1.68099,0.840495,,14.807 0.840495 0,,,
14.8316,1.68139,0.840695,,14.8316 0.840695 0,,,
14.8517,1.68169,0.840845,,14.8517 0.840845 0,,,
14.8528,1.68172,0.84086,,14.8528 0.84086 0,,,
14.9069,1.68036,0.84018,,14.9069 0.84018 0,,,
14.968,1.67825,0.839125,,14.968 0.839125 0,,,
15.0123,1.6743,0.83715,,15.0123 0.83715 0,,,
15.0302,1.67299,0.836495,,15.0302 0.836495 0,,,
15.0586,1.67068,0.83534,,15.0586 0.83534 0,,,
15.067,1.66948,0.83474,,15.067 0.83474 0,,,
15.1789,1.66208,0.83104,,15.1789 0.83104 0,,,
15.2258,1.6618,0.8309,,15.2258 0.8309 0,,,
15.3168,1.66707,0.833535,,15.3168 0.833535 0,,,
15.3411,1.66825,0.834125,,15.3411 0.834125 0,,,
15.3453,1.66848,0.83424,,15.3453 0.83424 0,,,
15.4044,1.67015,0.835075,,15.4044 0.835075 0,,,
15.4807,1.67795,0.838975,,15.4807 0.838975 0,,,
15.4901,1.67834,0.83917,,15.4901 0.83917 0,,,
15.5204,1.67289,0.836445,,15.5204 0.836445 0,,,
15.5205,1.67288,0.83644,,15.5205 0.83644 0,,,
15.5231,1.67237,0.836185,,15.5231 0.836185 0,,,
15.5261,1.67148,0.83574,,15.5261 0.83574 0,,,
15.5868,1.65282,0.82641,,15.5868 0.82641 0,,,
15.5941,1.65047,0.825235,,15.5941 0.825235 0,,,
15.6308,1.6384,0.8192,,15.6308 0.8192 0,,,
15.6496,1.63236,0.81618,,15.6496 0.81618 0,,,
15.6689,1.62623,0.813115,,15.6689 0.813115 0,,,
15.7441,1.60386,0.80193,,15.7441 0.80193 0,,,
15.8127,1.58836,0.79418,,15.8127 0.79418 0,,,
15.8128,1.58832,0.79416,,15.8128 0.79416 0,,,
15.8262,1.58502,0.79251,,15.8262 0.79251 0,,,
15.8405,1.58131,0.790655,,15.8405 0.790655 0,,,
15.8809,1.57185,0.785925,,15.8809 0.785925 0,,,
15.891,1.56936,0.78468,,15.891 0.78468 0,,,
15.9954,1.54885,0.774425,,15.9954 0.774425 0,,,
15.9978,1.54859,0.774295,,15.9978 0.774295 0,,,
16.002,1.548,0.774,,16.002 0.774 0,,,
16.0049,1.54742,0.77371,,16.0049 0.77371 0,,,
16.0609,1.5372,0.7686,,16.0609 0.7686 0,,,
16.0618,1.53705,0.768525,,16.0618 0.768525 0,,,
16.0785,1.53383,0.766915,,16.0785 0.766915 0,,,
16.1058,1.52816,0.76408,,16.1058 0.76408 0,,,
16.1193,1.52549,0.762745,,16.1193 0.762745 0,,,
16.253,1.50188,0.75094,,16.253 0.75094 0,,,
16.2758,1.4997,0.74985,,16.2758 0.74985 0,,,
16.3001,1.4968,0.7484,,16.3001 0.7484 0,,,
16.3147,1.4952,0.7476,,16.3147 0.7476 0,,,
16.3288,1.49327,0.746635,,16.3288 0.746635 0,,,
16.356,1.48882,0.74441,,16.356 0.74441 0,,,
16.4508,1.48592,0.74296,,16.4508 0.74296 0,,,
16.4513,1.48596,0.74298,,16.4513 0.74298 0,,,
16.4605,1.48664,0.74332,,16.4605 0.74332 0,,,
16.4836,1.48691,0.743455,,16.4836 0.743455 0,,,
16.5076,1.4869,0.74345,,16.5076 0.74345 0,,,
16.5462,1.48692,0.74346,,16.5462 0.74346 0,,,
16.5681,1.48801,0.744005,,16.5681 0.744005 0,,,
16.6264,1.49232,0.74616,,16.6264 0.74616 0,,,
16.6703,1.49809,0.749045,,16.6703 0.749045 0,,,
16.6973,1.50227,0.751135,,16.6973 0.751135 0,,,
16.7278,1.50758,0.75379,,16.7278 0.75379 0,,,
16.7427,1.5104,0.7552,,16.7427 0.7552 0,,,
16.7429,1.51043,0.755215,,16.7429 0.755215 0,,,
16.7522,1.51195,0.755975,,16.7522 0.755975 0,,,
16.7728,1.51428,0.75714,,16.7728 0.75714 0,,,
16.7941,1.5162,0.7581,,16.7941 0.7581 0,,,
16.8018,1.51689,0.758445,,16.8018 0.758445 0,,,
16.8085,1.51742,0.75871,,16.8085 0.75871 0,,,
16.8741,1.51941,0.759705,,16.8741 0.759705 0,,,
16.8816,1.51951,0.759755,,16.8816 0.759755 0,,,
16.8934,1.51904,0.75952,,16.8934 0.75952 0,,,
16.9356,1.51433,0.757165,,16.9356 0.757165 0,,,
16.9371,1.51407,0.757035,,16.9371 0.757035 0,,,
16.9925,1.50493,0.752465,,16.9925 0.752465 0,,,
16.9944,1.50468,0.75234,,16.9944 0.75234 0,,,
17.0255,1.50032,0.75016,,17.0255 0.75016 0,,,
17.0591,1.49606,0.74803,,17.0591 0.74803 0,,,
17.0779,1.49285,0.746425,,17.0779 0.746425 0,,,
17.0964,1.48925,0.744625,,17.0964 0.744625 0,,,
17.1837,1.4785,0.73925,,17.1837 0.73925 0,,,
17.1873,1.47829,0.739145,,17.1873 0.739145 0,,,
17.1901,1.47796,0.73898,,17.1901 0.73898 0,,,
17.2147,1.47485,0.737425,,17.2147 0.737425 0,,,
17.2438,1.47058,0.73529,,17.2438 0.73529 0,,,
17.2786,1.46431,0.732155,,17.2786 0.732155 0,,,
17.3568,1.45759,0.728795,,17.3568 0.728795 0,,,
17.4203,1.45904,0.72952,,17.4203 0.72952 0,,,
17.433,1.45981,0.729905,,17.433 0.729905 0,,,
17.4418,1.46034,0.73017,,17.4418 0.73017 0,,,
17.448,1.4606,0.7303,,17.448 0.7303 0,,,
17.4731,1.4616,0.7308,,17.4731 0.7308 0,,,
17.5033,1.46358,0.73179,,17.5033 0.73179 0,,,
17.5579,1.46694,0.73347,,17.5579 0.73347 0,,,
17.5704,1.4682,0.7341,,17.5704 0.7341 0,,,
17.6529,1.48228,0.74114,,17.6529 0.74114 0,,,
17.6944,1.49315,0.746575,,17.6944 0.746575 0,,,
17.6976,1.494,0.747,,17.6976 0.747 0,,,
17.7594,1.51214,0.75607,,17.7594 0.75607 0,,,
17.7741,1.51623,0.758115,,17.7741 0.758115 0,,,
17.8226,1.53046,0.76523,,17.8226 0.76523 0,,,
17.8234,1.53071,0.765355,,17.8234 0.765355 0,,,
17.8643,1.54169,0.770845,,17.8643 0.770845 0,,,
17.8663,1.54228,0.77114,,17.8663 0.77114 0,,,
17.9107,1.55642,0.77821,,17.9107 0.77821 0,,,
17.9601,1.57446,0.78723,,17.9601 0.78723 0,,,
17.9676,1.57715,0.788575,,17.9676 0.788575 0,,,
17.9844,1.58334,0.79167,,17.9844 0.79167 0,,,
18.0092,1.59201,0.796005,,18.0092 0.796005 0,,,
18.0117,1.59298,0.79649,,18.0117 0.79649 0,,,
18.0134,1.59363,0.796815,,18.0134 0.796815 0,,,
18.0168,1.59473,0.797365,,18.0168 0.797365 0,,,
18.0482,1.6055,0.80275,,18.0482 0.80275 0,,,
18.0695,1.61307,0.806535,,18.0695 0.806535 0,,,
18.0851,1.61922,0.80961,,18.0851 0.80961 0,,,
18.0977,1.62407,0.812035,,18.0977 0.812035 0,,,
18.1265,1.63535,0.817675,,18.1265 0.817675 0,,,
18.1329,1.638,0.819,,18.1329 0.819 0,,,
18.1344,1.63855,0.819275,,18.1344 0.819275 0,,,
18.1941,1.66201,0.831005,,18.1941 0.831005 0,,,
18.2024,1.66556,0.83278,,18.2024 0.83278 0,,,
18.2467,1.68495,0.842475,,18.2467 0.842475 0,,,
18.2986,1.70746,0.85373,,18.2986 0.85373 0,,,
18.3163,1.71491,0.857455,,18.3163 0.857455 0,,,
18.3166,1.71504,0.85752,,18.3166 0.85752 0,,,
18.3421,1.72562,0.86281,,18.3421 0.86281 0,,,
18.3797,1.74155,0.870775,,18.3797 0.870775 0,,,
18.4391,1.76165,0.880825,,18.4391 0.880825 0,,,
18.5026,1.77896,0.88948,,18.5026 0.88948 0,,,
18.5031,1.7791,0.88955,,18.5031 0.88955 0,,,
18.516,1.78203,0.891015,,18.516 0.891015 0,,,
18.5271,1.78439,0.892195,,18.5271 0.892195 0,,,
18.5692,1.79224,0.89612,,18.5692 0.89612 0,,,
18.5908,1.79526,0.89763,,18.5908 0.89763 0,,,
18.6207,1.79757,0.898785,,18.6207 0.898785 0,,,
18.6257,1.79803,0.899015,,18.6257 0.899015 0,,,
18.6386,1.79815,0.899075,,18.6386 0.899075 0,,,
18.6679,1.79733,0.898665,,18.6679 0.898665 0,,,
18.701,1.79636,0.89818,,18.701 0.89818 0,,,
18.7048,1.79616,0.89808,,18.7048 0.89808 0,,,
18.7515,1.7938,0.8969,,18.7515 0.8969 0,,,
18.7648,1.79347,0.896735,,18.7648 0.896735 0,,,
18.7691,1.79322,0.89661,,18.7691 0.89661 0,,,
18.8214,1.79033,0.895165,,18.8214 0.895165 0,,,
18.8361,1.78944,0.89472,,18.8361 0.89472 0,,,
18.8684,1.78686,0.89343,,18.8684 0.89343 0,,,
18.9002,1.78413,0.892065,,18.9002 0.892065 0,,,
18.9246,1.78111,0.890555,,18.9246 0.890555 0,,,
18.9434,1.77849,0.889245,,18.9434 0.889245 0,,,
18.9456,1.77818,0.88909,,18.9456 0.88909 0,,,
19.0018,1.77189,0.885945,,19.0018 0.885945 0,,,
19.0076,1.77153,0.885765,,19.0076 0.885765 0,,,
19.009,1.77138,0.88569,,19.009 0.88569 0,,,
19.0588,1.76498,0.88249,,19.0588 0.88249 0,,,
19.0971,1.75972,0.87986,,19.0971 0.87986 0,,,
19.1088,1.75815,0.879075,,19.1088 0.879075 0,,,
19.1237,1.75601,0.878005,,19.1237 0.878005 0,,,
19.1661,1.75065,0.875325,,19.1661 0.875325 0,,,
19.192,1.74784,0.87392,,19.192 0.87392 0,,,
19.1973,1.74721,0.873605,,19.1973 0.873605 0,,,
19.2283,1.74332,0.87166,,19.2283 0.87166 0,,,
19.2578,1.73989,0.869945,,19.2578 0.869945 0,,,
19.2809,1.73711,0.868555,,19.2809 0.868555 0,,,
19.2919,1.73574,0.86787,,19.2919 0.86787 0,,,
19.3477,1.73045,0.865225,,19.3477 0.865225 0,,,
19.4098,1.72593,0.862965,,19.4098 0.862965 0,,,
19.4299,1.72462,0.86231,,19.4299 0.86231 0,,,
19.4482,1.7236,0.8618,,19.4482 0.8618 0,,,
19.4729,1.72194,0.86097,,19.4729 0.86097 0,,,
19.4877,1.72073,0.860365,,19.4877 0.860365 0,,,
19.4889,1.72064,0.86032,,19.4889 0.86032 0,,,
19.5453,1.71609,0.858045,,19.5453 0.858045 0,,,
19.5527,1.71546,0.85773,,19.5527 0.85773 0,,,
19.6119,1.7103,0.85515,,19.6119 0.85515 0,,,
19.6681,1.70871,0.854355,,19.6681 0.854355 0,,,
19.69,1.70826,0.85413,,19.69 0.85413 0,,,
19.7412,1.70732,0.85366,,19.7412 0.85366 0,,,
19.7728,1.70738,0.85369,,19.7728 0.85369 0,,,
19.7743,1.70739,0.853695,,19.7743 0.853695 0,,,
19.8066,1.70701,0.853505,,19.8066 0.853505 0,,,
19.8179,1.70625,0.853125,,19.8179 0.853125 0,,,
19.8788,1.70371,0.851855,,19.8788 0.851855 0,,,
19.8823,1.70361,0.851805,,19.8823 0.851805 0,,,
19.9626,1.70122,0.85061,,19.9626 0.85061 0,,,
19.9832,1.70196,0.85098,,19.9832 0.85098 0,,,
19.9998,1.70171,0.850855,,19.9998 0.850855 0,,,
20.0047,1.70159,0.850795,,20.0047 0.850795 0,,,
20.0441,1.70058,0.85029,,20.0441 0.85029 0,,,
20.05,1.7004,0.8502,,20.05 0.8502 0,,,
20.1076,1.69878,0.84939,,20.1076 0.84939 0,,,
20.1161,1.69823,0.849115,,20.1161 0.849115 0,,,
20.193,1.69441,0.847205,,20.193 0.847205 0,,,
20.2291,1.69455,0.847275,,20.2291 0.847275 0,,,
20.2464,1.69468,0.84734,,20.2464 0.84734 0,,,
20.2532,1.69478,0.84739,,20.2532 0.84739 0,,,
20.3149,1.69348,0.84674,,20.3149 0.84674 0,,,
20.3513,1.6922,0.8461,,20.3513 0.8461 0,,,
20.3866,1.69111,0.845555,,20.3866 0.845555 0,,,
20.4091,1.69015,0.845075,,20.4091 0.845075 0,,,
20.4092,1.69014,0.84507,,20.4092 0.84507 0,,,
20.4306,1.68892,0.84446,,20.4306 0.84446 0,,,
20.4873,1.68696,0.84348,,20.4873 0.84348 0,,,
20.5034,1.68657,0.843285,,20.5034 0.843285 0,,,
20.5657,1.68399,0.841995,,20.5657 0.841995 0,,,
20.5658,1.68399,0.841995,,20.5658 0.841995 0,,,
20.6367,1.68002,0.84001,,20.6367 0.84001 0,,,
20.6436,1.67984,0.83992,,20.6436 0.83992 0,,,
20.6473,1.67954,0.83977,,20.6473 0.83977 0,,,
20.6809,1.67508,0.83754,,20.6809 0.83754 0,,,
20.7863,1.67054,0.83527,,20.7863 0.83527 0,,,
20.8001,1.67018,0.83509,,20.8001 0.83509 0,,,
20.8332,1.6694,0.8347,,20.8332 0.8347 0,,,
20.846,1.66901,0.834505,,20.846 0.834505 0,,,
20.8681,1.66775,0.833875,,20.8681 0.833875 0,,,
20.9239,1.66493,0.832465,,20.9239 0.832465 0,,,
20.9366,1.66408,0.83204,,20.9366 0.83204 0,,,
20.9835,1.66106,0.83053,,20.9835 0.83053 0,,,
20.9847,1.661,0.8305,,20.9847 0.8305 0,,,
21.0658,1.66079,0.830395,,21.0658 0.830395 0,,,
21.0979,1.66212,0.83106,,21.0979 0.83106 0,,,
21.1539,1.66151,0.830755,,21.1539 0.830755 0,,,
21.1688,1.66148,0.83074,,21.1688 0.83074 0,,,
21.2212,1.66093,0.830465,,21.2212 0.830465 0,,,
21.2295,1.66092,0.83046,,21.2295 0.83046 0,,,
21.2728,1.66003,0.830015,,21.2728 0.830015 0,,,
21.3699,1.66758,0.83379,,21.3699 0.83379 0,,,
21.4148,1.67408,0.83704,,21.4148 0.83704 0,,,
21.4213,1.67523,0.837615,,21.4213 0.837615 0,,,
21.4546,1.68147,0.840735,,21.4546 0.840735 0,,,
21.4579,1.68202,0.84101,,21.4579 0.84101 0,,,
21.4642,1.68283,0.841415,,21.4642 0.841415 0,,,
21.5202,1.69093,0.845465,,21.5202 0.845465 0,,,
21.5305,1.69266,0.84633,,21.5305 0.84633 0,,,
21.5763,1.6968,0.8484,,21.5763 0.8484 0,,,
21.6562,1.70988,0.85494,,21.6562 0.85494 0,,,
21.6603,1.7107,0.85535,,21.6603 0.85535 0,,,
21.7437,1.73012,0.86506,,21.7437 0.86506 0,,,
21.7589,1.73422,0.86711,,21.7589 0.86711 0,,,
21.8091,1.74595,0.872975,,21.8091 0.872975 0,,,
21.8438,1.75326,0.87663,,21.8438 0.87663 0,,,
21.8698,1.75951,0.879755,,21.8698 0.879755 0,,,
21.9124,1.768,0.884,,21.9124 0.884 0,,,
21.9473,1.77577,0.887885,,21.9473 0.887885 0,,,
21.9732,1.78209,0.891045,,21.9732 0.891045 0,,,
22.0024,1.78946,0.89473,,22.0024 0.89473 0,,,
22.0131,1.79207,0.896035,,22.0131 0.896035 0,,,
22.0212,1.79387,0.896935,,22.0212 0.896935 0,,,
22.0431,1.79806,0.89903,,22.0431 0.89903 0,,,
22.0662,1.80192,0.90096,,22.0662 0.90096 0,,,
22.1218,1.81199,0.905995,,22.1218 0.905995 0,,,
22.1288,1.81306,0.90653,,22.1288 0.90653 0,,,
22.1389,1.81467,0.907335,,22.1389 0.907335 0,,,
22.2137,1.82724,0.91362,,22.2137 0.91362 0,,,
22.2276,1.82961,0.914805,,22.2276 0.914805 0,,,
22.262,1.83541,0.917705,,22.262 0.917705 0,,,
22.3131,1.84324,0.92162,,22.3131 0.92162 0,,,
22.3803,1.85353,0.926765,,22.3803 0.926765 0,,,
22.3928,1.85585,0.927925,,22.3928 0.927925 0,,,
22.4034,1.85713,0.928565,,22.4034 0.928565 0,,,
22.4072,1.85748,0.92874,,22.4072 0.92874 0,,,
22.4594,1.86169,0.930845,,22.4594 0.930845 0,,,
22.5077,1.86463,0.932315,,22.5077 0.932315 0,,,
22.5266,1.86581,0.932905,,22.5266 0.932905 0,,,
22.6057,1.87305,0.936525,,22.6057 0.936525 0,,,
22.6348,1.87648,0.93824,,22.6348 0.93824 0,,,
22.6694,1.88086,0.94043,,22.6694 0.94043 0,,,
22.6837,1.88242,0.94121,,22.6837 0.94121 0,,,
22.6967,1.88318,0.94159,,22.6967 0.94159 0,,,
22.718,1.88425,0.942125,,22.718 0.942125 0,,,
22.7501,1.88522,0.94261,,22.7501 0.94261 0,,,
22.751,1.88524,0.94262,,22.751 0.94262 0,,,
22.7801,1.88622,0.94311,,22.7801 0.94311 0,,,
22.7806,1.88625,0.943125,,22.7806 0.943125 0,,,
22.8425,1.89062,0.94531,,22.8425 0.94531 0,,,
22.868,1.89436,0.94718,,22.868 0.94718 0,,,
22.8703,1.89463,0.947315,,22.8703 0.947315 0,,,
22.9342,1.90332,0.95166,,22.9342 0.95166 0,,,
22.9481,1.905,0.9525,,22.9481 0.9525 0,,,
22.9821,1.907,0.9535,,22.9821 0.9535 0,,,
22.9872,1.90721,0.953605,,22.9872 0.953605 0,,,
22.9992,1.90704,0.95352,,22.9992 0.95352 0,,,
23.0008,1.907,0.9535,,23.0008 0.9535 0,,,
23.0863,1.91017,0.955085,,23.0863 0.955085 0,,,
23.0992,1.91075,0.955375,,23.0992 0.955375 0,,,
23.1282,1.91345,0.956725,,23.1282 0.956725 0,,,
23.1572,1.91621,0.958105,,23.1572 0.958105 0,,,
23.1595,1.91639,0.958195,,23.1595 0.958195 0,,,
23.1764,1.91696,0.95848,,23.1764 0.95848 0,,,
23.1794,1.91691,0.958455,,23.1794 0.958455 0,,,
23.1912,1.91671,0.958355,,23.1912 0.958355 0,,,
23.237,1.91659,0.958295,,23.237 0.958295 0,,,
23.2976,1.92,0.96,,23.2976 0.96 0,,,
23.3332,1.92386,0.96193,,23.3332 0.96193 0,,,
23.3517,1.92594,0.96297,,23.3517 0.96297 0,,,
23.3724,1.92841,0.964205,,23.3724 0.964205 0,,,
23.395,1.93015,0.965075,,23.395 0.965075 0,,,
23.3987,1.93047,0.965235,,23.3987 0.965235 0,,,
23.4077,1.93101,0.965505,,23.4077 0.965505 0,,,
23.4473,1.93197,0.965985,,23.4473 0.965985 0,,,
23.4503,1.93205,0.966025,,23.4503 0.966025 0,,,
23.5001,1.93294,0.96647,,23.5001 0.96647 0,,,
23.6022,1.94385,0.971925,,23.6022 0.971925 0,,,
23.6144,1.94573,0.972865,,23.6144 0.972865 0,,,
23.6771,1.95488,0.97744,,23.6771 0.97744 0,,,
23.6884,1.95634,0.97817,,23.6884 0.97817 0,,,
23.7004,1.95766,0.97883,,23.7004 0.97883 0,,,
23.732,1.96083,0.980415,,23.732 0.980415 0,,,
23.7362,1.96116,0.98058,,23.7362 0.98058 0,,,
23.7942,1.96629,0.983145,,23.7942 0.983145 0,,,
23.8065,1.96761,0.983805,,23.8065 0.983805 0,,,
23.8152,1.96846,0.98423,,23.8152 0.98423 0,,,
23.8442,1.97264,0.98632,,23.8442 0.98632 0,,,
23.8866,1.9795,0.98975,,23.8866 0.98975 0,,,
23.9187,1.985,0.9925,,23.9187 0.9925 0,,,
23.9471,1.9881,0.99405,,23.9471 0.99405 0,,,
23.9951,1.99215,0.996075,,23.9951 0.996075 0,,,
24.0188,1.99395,0.996975,,24.0188 0.996975 0,,,
24.0217,1.99422,0.99711,,24.0217 0.99711 0,,,
24.0653,1.99765,0.998825,,24.0653 0.998825 0,,,
24.0655,1.99768,0.99884,,24.0655 0.99884 0,,,
24.0891,2.00014,1.00007,,24.0891 1.00007 0,,,
24.1376,2.00638,1.00319,,24.1376 1.00319 0,,,
24.1376,2.00638,1.00319,,24.1376 1.00319 0,,,
24.1377,2.00638,1.00319,,24.1377 1.00319 0,,,
24.1694,2.00932,1.00466,,24.1694 1.00466 0,,,
24.2065,2.01194,1.00597,,24.2065 1.00597 0,,,
24.2372,2.01412,1.00706,,24.2372 1.00706 0,,,
24.2451,2.0145,1.00725,,24.2451 1.00725 0,,,
24.2597,2.01509,1.007545,,24.2597 1.007545 0,,,
24.3222,2.01875,1.009375,,24.3222 1.009375 0,,,
24.3872,2.02664,1.01332,,24.3872 1.01332 0,,,
24.4011,2.02886,1.01443,,24.4011 1.01443 0,,,
24.4397,2.03111,1.015555,,24.4397 1.015555 0,,,
24.4767,2.03409,1.017045,,24.4767 1.017045 0,,,
24.491,2.03487,1.017435,,24.491 1.017435 0,,,
24.5496,2.03284,1.01642,,24.5496 1.01642 0,,,
24.5603,2.03256,1.01628,,24.5603 1.01628 0,,,
24.6162,2.03101,1.015505,,24.6162 1.015505 0,,,
24.6197,2.03098,1.01549,,24.6197 1.01549 0,,,
24.6394,2.03067,1.015335,,24.6394 1.015335 0,,,
24.656,2.0293,1.01465,,24.656 1.01465 0,,,
24.6645,2.02812,1.01406,,24.6645 1.01406 0,,,
24.6973,2.02343,1.011715,,24.6973 1.011715 0,,,
24.7024,2.02236,1.01118,,24.7024 1.01118 0,,,
24.7811,2.00548,1.00274,,24.7811 1.00274 0,,,
24.7836,2.00502,1.00251,,24.7836 1.00251 0,,,
24.8368,1.99203,0.996015,,24.8368 0.996015 0,,,
24.8553,1.98747,0.993735,,24.8553 0.993735 0,,,
24.8695,1.98347,0.991735,,24.8695 0.991735 0,,,
24.9173,1.96915,0.984575,,24.9173 0.984575 0,,,
24.9188,1.96868,0.98434,,24.9188 0.98434 0,,,
24.9546,1.95655,0.978275,,24.9546 0.978275 0,,,
25.04,1.93234,0.96617,,25.04 0.96617 0,,,
25.0545,1.92909,0.964545,,25.0545 0.964545 0,,,
25.0948,1.92133,0.960665,,25.0948 0.960665 0,,,
25.1476,1.90699,0.953495,,25.1476 0.953495 0,,,
25.1802,1.89816,0.94908,,25.1802 0.94908 0,,,
25.195,1.89413,0.947065,,25.195 0.947065 0,,,
25.3316,1.86096,0.93048,,25.3316 0.93048 0,,,
25.3341,1.86057,0.930285,,25.3341 0.930285 0,,,
25.3676,1.85471,0.927355,,25.3676 0.927355 0,,,
25.4069,1.84782,0.92391,,25.4069 0.92391 0,,,
25.4472,1.84147,0.920735,,25.4472 0.920735 0,,,
25.4798,1.83585,0.917925,,25.4798 0.917925 0,,,
25.5203,1.82959,0.914795,,25.5203 0.914795 0,,,
25.5527,1.82389,0.911945,,25.5527 0.911945 0,,,
25.615,1.81519,0.907595,,25.615 0.907595 0,,,
25.6859,1.81188,0.90594,,25.6859 0.90594 0,,,
25.6919,1.81186,0.90593,,25.6919 0.90593 0,,,
25.7159,1.81165,0.905825,,25.7159 0.905825 0,,,
25.7483,1.81118,0.90559,,25.7483 0.90559 0,,,
25.7745,1.81155,0.905775,,25.7745 0.905775 0,,,
25.806,1.81197,0.905985,,25.806 0.905985 0,,,
25.8124,1.81198,0.90599,,25.8124 0.90599 0,,,
25.8765,1.81265,0.906325,,25.8765 0.906325 0,,,
25.8801,1.81268,0.90634,,25.8801 0.90634 0,,,
25.9515,1.81367,0.906835,,25.9515 0.906835 0,,,
25.9555,1.81378,0.90689,,25.9555 0.90689 0,,,
26.0113,1.81432,0.90716,,26.0113 0.90716 0,,,
26.0559,1.81655,0.908275,,26.0559 0.908275 0,,,
26.0719,1.81714,0.90857,,26.0719 0.90857 0,,,
26.0831,1.81747,0.908735,,26.0831 0.908735 0,,,
26.1132,1.81912,0.90956,,26.1132 0.90956 0,,,
26.1268,1.81988,0.90994,,26.1268 0.90994 0,,,
26.1323,1.82001,0.910005,,26.1323 0.910005 0,,,
26.1545,1.82047,0.910235,,26.1545 0.910235 0,,,
26.1561,1.82054,0.91027,,26.1561 0.91027 0,,,
26.1864,1.82198,0.91099,,26.1864 0.91099 0,,,
26.195,1.82246,0.91123,,26.195 0.91123 0,,,
26.2285,1.82338,0.91169,,26.2285 0.91169 0,,,
26.2644,1.82392,0.91196,,26.2644 0.91196 0,,,
26.2661,1.8239,0.91195,,26.2661 0.91195 0,,,
26.3091,1.82317,0.911585,,26.3091 0.911585 0,,,
26.3893,1.82358,0.91179,,26.3893 0.91179 0,,,
26.4003,1.82407,0.912035,,26.4003 0.912035 0,,,
26.4512,1.82498,0.91249,,26.4512 0.91249 0,,,
26.4667,1.82555,0.912775,,26.4667 0.912775 0,,,
26.5243,1.8233,0.91165,,26.5243 0.91165 0,,,
26.5308,1.82294,0.91147,,26.5308 0.91147 0,,,
26.5914,1.81924,0.90962,,26.5914 0.90962 0,,,
26.6144,1.81911,0.909555,,26.6144 0.909555 0,,,
26.6218,1.81828,0.90914,,26.6218 0.90914 0,,,
26.6887,1.81206,0.90603,,26.6887 0.90603 0,,,
26.689,1.81202,0.90601,,26.689 0.90601 0,,,
26.7231,1.80787,0.903935,,26.7231 0.903935 0,,,
26.74,1.80602,0.90301,,26.74 0.90301 0,,,
26.7692,1.80305,0.901525,,26.7692 0.901525 0,,,
26.7869,1.80077,0.900385,,26.7869 0.900385 0,,,
26.8149,1.79703,0.898515,,26.8149 0.898515 0,,,
26.8489,1.7929,0.89645,,26.8489 0.89645 0,,,
26.9341,1.78756,0.89378,,26.9341 0.89378 0,,,
26.9492,1.78616,0.89308,,26.9492 0.89308 0,,,
27.0098,1.78063,0.890315,,27.0098 0.890315 0,,,
27.0191,1.77974,0.88987,,27.0191 0.88987 0,,,
27.0583,1.77583,0.887915,,27.0583 0.887915 0,,,
27.0636,1.77536,0.88768,,27.0636 0.88768 0,,,
27.0702,1.77458,0.88729,,27.0702 0.88729 0,,,
27.08,1.77346,0.88673,,27.08 0.88673 0,,,
27.1827,1.76613,0.883065,,27.1827 0.883065 0,,,
27.183,1.76614,0.88307,,27.183 0.88307 0,,,
27.1932,1.76632,0.88316,,27.1932 0.88316 0,,,
27.2449,1.76692,0.88346,,27.2449 0.88346 0,,,
27.2452,1.76692,0.88346,,27.2452 0.88346 0,,,
27.2813,1.76581,0.882905,,27.2813 0.882905 0,,,
27.2816,1.76547,0.882735,,27.2816 0.882735 0,,,
27.3112,1.76219,0.881095,,27.3112 0.881095 0,,,
27.3186,1.7617,0.88085,,27.3186 0.88085 0,,,
27.3339,1.76014,0.88007,,27.3339 0.88007 0,,,
27.359,1.75678,0.87839,,27.359 0.87839 0,,,
27.4439,1.75181,0.875905,,27.4439 0.875905 0,,,
27.4632,1.75147,0.875735,,27.4632 0.875735 0,,,
27.4759,1.75113,0.875565,,27.4759 0.875565 0,,,
27.5187,1.7508,0.8754,,27.5187 0.8754 0,,,
27.5297,1.75057,0.875285,,27.5297 0.875285 0,,,
27.5359,1.75006,0.87503,,27.5359 0.87503 0,,,
27.5372,1.74996,0.87498,,27.5372 0.87498 0,,,
27.5869,1.74849,0.874245,,27.5869 0.874245 0,,,
27.6567,1.75099,0.875495,,27.6567 0.875495 0,,,
27.6908,1.75197,0.875985,,27.6908 0.875985 0,,,
27.714,1.75247,0.876235,,27.714 0.876235 0,,,
27.7542,1.75066,0.87533,,27.7542 0.87533 0,,,
27.8079,1.74786,0.87393,,27.8079 0.87393 0,,,
27.8646,1.74807,0.874035,,27.8646 0.874035 0,,,
27.88,1.74779,0.873895,,27.88 0.873895 0,,,
27.8877,1.74799,0.873995,,27.8877 0.873995 0,,,
27.9292,1.7488,0.8744,,27.9292 0.8744 0,,,
27.9508,1.74951,0.874755,,27.9508 0.874755 0,,,
27.9557,1.74985,0.874925,,27.9557 0.874925 0,,,
27.9796,1.75028,0.87514,,27.9796 0.87514 0,,,
27.9799,1.75029,0.875145,,27.9799 0.875145 0,,,
28.0042,1.75125,0.875625,,28.0042 0.875625 0,,,
28.0402,1.75402,0.87701,,28.0402 0.87701 0,,,
28.0403,1.75403,0.877015,,28.0403 0.877015 0,,,
28.0634,1.75651,0.878255,,28.0634 0.878255 0,,,
28.0634,1.75651,0.878255,,28.0634 0.878255 0,,,
28.0642,1.75653,0.878265,,28.0642 0.878265 0,,,
28.1009,1.75831,0.879155,,28.1009 0.879155 0,,,
28.101,1.75833,0.879165,,28.101 0.879165 0,,,
28.135,1.76145,0.880725,,28.135 0.880725 0,,,
28.1491,1.76267,0.881335,,28.1491 0.881335 0,,,
28.2019,1.76614,0.88307,,28.2019 0.88307 0,,,
28.2176,1.76729,0.883645,,28.2176 0.883645 0,,,
28.2626,1.77113,0.885565,,28.2626 0.885565 0,,,
28.2876,1.7736,0.8868,,28.2876 0.8868 0,,,
28.2878,1.77361,0.886805,,28.2878 0.886805 0,,,
28.3208,1.77628,0.88814,,28.3208 0.88814 0,,,
28.3454,1.77851,0.889255,,28.3454 0.889255 0,,,
28.3788,1.78178,0.89089,,28.3788 0.89089 0,,,
28.4034,1.78486,0.89243,,28.4034 0.89243 0,,,
28.4282,1.78857,0.894285,,28.4282 0.894285 0,,,
28.4471,1.79127,0.895635,,28.4471 0.895635 0,,,
28.4656,1.79397,0.896985,,28.4656 0.896985 0,,,
28.4658,1.794,0.897,,28.4658 0.897 0,,,
28.5032,1.8004,0.9002,,28.5032 0.9002 0,,,
28.509,1.80141,0.900705,,28.509 0.900705 0,,,
28.5238,1.80355,0.901775,,28.5238 0.901775 0,,,
28.5246,1.80369,0.901845,,28.5246 0.901845 0,,,
28.5565,1.80863,0.904315,,28.5565 0.904315 0,,,
28.5724,1.81124,0.90562,,28.5724 0.90562 0,,,
28.6062,1.81654,0.90827,,28.6062 0.90827 0,,,
28.6065,1.8166,0.9083,,28.6065 0.9083 0,,,
28.6297,1.82096,0.91048,,28.6297 0.91048 0,,,
28.6343,1.82176,0.91088,,28.6343 0.91088 0,,,
28.6769,1.82862,0.91431,,28.6769 0.91431 0,,,
28.6851,1.82978,0.91489,,28.6851 0.91489 0,,,
28.7369,1.83694,0.91847,,28.7369 0.91847 0,,,
28.7386,1.83722,0.91861,,28.7386 0.91861 0,,,
28.7505,1.83907,0.919535,,28.7505 0.919535 0,,,
28.7521,1.83926,0.91963,,28.7521 0.91963 0,,,
28.756,1.83969,0.919845,,28.756 0.919845 0,,,
28.7567,1.83978,0.91989,,28.7567 0.91989 0,,,
28.7908,1.84416,0.92208,,28.7908 0.92208 0,,,
28.8061,1.84621,0.923105,,28.8061 0.923105 0,,,
28.8457,1.8487,0.92435,,28.8457 0.92435 0,,,
28.866,1.84985,0.924925,,28.866 0.924925 0,,,
28.9137,1.85296,0.92648,,28.9137 0.92648 0,,,
28.9141,1.85299,0.926495,,28.9141 0.926495 0,,,
28.9226,1.85338,0.92669,,28.9226 0.92669 0,,,
28.9829,1.85407,0.927035,,28.9829 0.927035 0,,,
28.9867,1.8539,0.92695,,28.9867 0.92695 0,,,
29.0104,1.85312,0.92656,,29.0104 0.92656 0,,,
29.0416,1.85204,0.92602,,29.0416 0.92602 0,,,
29.0979,1.85021,0.925105,,29.0979 0.925105 0,,,
29.1033,1.84999,0.924995,,29.1033 0.924995 0,,,
29.1646,1.8477,0.92385,,29.1646 0.92385 0,,,
29.2047,1.84554,0.92277,,29.2047 0.92277 0,,,
29.2335,1.84412,0.92206,,29.2335 0.92206 0,,,
29.243,1.84356,0.92178,,29.243 0.92178 0,,,
29.2707,1.84101,0.920505,,29.2707 0.920505 0,,,
29.3327,1.83399,0.916995,,29.3327 0.916995 0,,,
29.3762,1.82609,0.913045,,29.3762 0.913045 0,,,
29.4358,1.81811,0.909055,,29.4358 0.909055 0,,,
29.4425,1.81713,0.908565,,29.4425 0.908565 0,,,
29.5054,1.80854,0.90427,,29.5054 0.90427 0,,,
29.5062,1.80844,0.90422,,29.5062 0.90422 0,,,
29.5351,1.80398,0.90199,,29.5351 0.90199 0,,,
29.5538,1.80077,0.900385,,29.5538 0.900385 0,,,
29.6118,1.79056,0.89528,,29.6118 0.89528 0,,,
29.6501,1.78391,0.891955,,29.6501 0.891955 0,,,
29.6774,1.77906,0.88953,,29.6774 0.88953 0,,,
29.7227,1.77142,0.88571,,29.7227 0.88571 0,,,
29.7366,1.76898,0.88449,,29.7366 0.88449 0,,,
29.784,1.75967,0.879835,,29.784 0.879835 0,,,
29.7996,1.7568,0.8784,,29.7996 0.8784 0,,,
29.8164,1.75368,0.87684,,29.8164 0.87684 0,,,
29.8672,1.74605,0.873025,,29.8672 0.873025 0,,,
29.8818,1.74352,0.87176,,29.8818 0.87176 0,,,
29.9149,1.73776,0.86888,,29.9149 0.86888 0,,,
29.9195,1.73669,0.868345,,29.9195 0.868345 0,,,
29.9678,1.72754,0.86377,,29.9678 0.86377 0,,,
29.9821,1.72503,0.862515,,29.9821 0.862515 0,,,
29.9867,1.72403,0.862015,,29.9867 0.862015 0,,,
29.9873,1.72389,0.861945,,29.9873 0.861945 0,,,
30.0379,1.712,0.856,,30.0379 0.856 0,,,
30.0451,1.71037,0.855185,,30.0451 0.855185 0,,,
30.0649,1.70571,0.852855,,30.0649 0.852855 0,,,
30.0934,1.69896,0.84948,,30.0934 0.84948 0,,,
30.1007,1.69726,0.84863,,30.1007 0.84863 0,,,
30.1277,1.69081,0.845405,,30.1277 0.845405 0,,,
30.1697,1.68235,0.841175,,30.1697 0.841175 0,,,
30.2255,1.67345,0.836725,,30.2255 0.836725 0,,,
30.2333,1.67204,0.83602,,30.2333 0.83602 0,,,
30.2639,1.66715,0.833575,,30.2639 0.833575 0,,,
30.2944,1.66203,0.831015,,30.2944 0.831015 0,,,
30.3203,1.65838,0.82919,,30.3203 0.82919 0,,,
30.3851,1.6507,0.82535,,30.3851 0.82535 0,,,
30.4404,1.64625,0.823125,,30.4404 0.823125 0,,,
30.4888,1.64578,0.82289,,30.4888 0.82289 0,,,
30.5038,1.6458,0.8229,,30.5038 0.8229 0,,,
30.5437,1.64593,0.822965,,30.5437 0.822965 0,,,
30.5565,1.64594,0.82297,,30.5565 0.82297 0,,,
30.5987,1.64608,0.82304,,30.5987 0.82304 0,,,
30.6093,1.64609,0.823045,,30.6093 0.823045 0,,,
30.6724,1.64762,0.82381,,30.6724 0.82381 0,,,
30.6821,1.64803,0.824015,,30.6821 0.824015 0,,,
30.7372,1.65059,0.825295,,30.7372 0.825295 0,,,
30.7509,1.65134,0.82567,,30.7509 0.82567 0,,,
30.7999,1.65441,0.827205,,30.7999 0.827205 0,,,
30.8108,1.65498,0.82749,,30.8108 0.82749 0,,,
30.8528,1.65709,0.828545,,30.8528 0.828545 0,,,
30.864,1.6577,0.82885,,30.864 0.82885 0,,,
30.9363,1.66233,0.831165,,30.9363 0.831165 0,,,
30.9896,1.66715,0.833575,,30.9896 0.833575 0,,,
31.0069,1.66928,0.83464,,31.0069 0.83464 0,,,
31.0069,1.66928,0.83464,,31.0069 0.83464 0,,,
31.0104,1.66956,0.83478,,31.0104 0.83478 0,,,
31.0107,1.66959,0.834795,,31.0107 0.834795 0,,,
31.0398,1.67239,0.836195,,31.0398 0.836195 0,,,
31.068,1.67568,0.83784,,31.068 0.83784 0,,,
31.0754,1.67643,0.838215,,31.0754 0.838215 0,,,
31.0834,1.67722,0.83861,,31.0834 0.83861 0,,,
31.0834,1.67723,0.838615,,31.0834 0.838615 0,,,
31.09,1.67789,0.838945,,31.09 0.838945 0,,,
31.1307,1.68232,0.84116,,31.1307 0.84116 0,,,
31.1307,1.68233,0.841165,,31.1307 0.841165 0,,,
31.1394,1.68318,0.84159,,31.1394 0.84159 0,,,
31.1645,1.68526,0.84263,,31.1645 0.84263 0,,,
31.1784,1.68657,0.843285,,31.1784 0.843285 0,,,
31.1869,1.68723,0.843615,,31.1869 0.843615 0,,,
31.189,1.68732,0.84366,,31.189 0.84366 0,,,
31.2088,1.68708,0.84354,,31.2088 0.84354 0,,,
31.2102,1.68704,0.84352,,31.2102 0.84352 0,,,
31.2588,1.68678,0.84339,,31.2588 0.84339 0,,,
31.2922,1.68528,0.84264,,31.2922 0.84264 0,,,
31.3007,1.68491,0.842455,,31.3007 0.842455 0,,,
31.3287,1.68401,0.842005,,31.3287 0.842005 0,,,
31.3711,1.68139,0.840695,,31.3711 0.840695 0,,,
31.4083,1.67878,0.83939,,31.4083 0.83939 0,,,
31.449,1.67362,0.83681,,31.449 0.83681 0,,,
31.4851,1.66953,0.834765,,31.4851 0.834765 0,,,
31.4854,1.6695,0.83475,,31.4854 0.83475 0,,,
31.4975,1.66803,0.834015,,31.4975 0.834015 0,,,
31.5529,1.66259,0.831295,,31.5529 0.831295 0,,,
31.5616,1.66166,0.83083,,31.5616 0.83083 0,,,
31.5762,1.65955,0.829775,,31.5762 0.829775 0,,,
31.6164,1.65305,0.826525,,31.6164 0.826525 0,,,
31.6488,1.6472,0.8236,,31.6488 0.8236 0,,,
31.6805,1.64065,0.820325,,31.6805 0.820325 0,,,
31.7394,1.62814,0.81407,,31.7394 0.81407 0,,,
31.7965,1.61888,0.80944,,31.7965 0.80944 0,,,
31.8131,1.61661,0.808305,,31.8131 0.808305 0,,,
31.8397,1.61288,0.80644,,31.8397 0.80644 0,,,
31.8585,1.60981,0.804905,,31.8585 0.804905 0,,,
31.8841,1.6057,0.80285,,31.8841 0.80285 0,,,
31.9144,1.60053,0.800265,,31.9144 0.800265 0,,,
31.9469,1.59544,0.79772,,31.9469 0.79772 0,,,
32.0096,1.58823,0.794115,,32.0096 0.794115 0,,,
32.1098,1.58927,0.794635,,32.1098 0.794635 0,,,
32.1108,1.58934,0.79467,,32.1108 0.79467 0,,,
32.1601,1.59253,0.796265,,32.1601 0.796265 0,,,
32.1692,1.59351,0.796755,,32.1692 0.796755 0,,,
32.2016,1.59596,0.79798,,32.2016 0.79798 0,,,
32.2147,1.59651,0.798255,,32.2147 0.798255 0,,,
32.2358,1.59779,0.798895,,32.2358 0.798895 0,,,
32.2387,1.59796,0.79898,,32.2387 0.79898 0,,,
32.3032,1.60486,0.80243,,32.3032 0.80243 0,,,
32.3064,1.60555,0.802775,,32.3064 0.802775 0,,,
32.395,1.62502,0.81251,,32.395 0.81251 0,,,
32.4299,1.63578,0.81789,,32.4299 0.81789 0,,,
32.4545,1.64329,0.821645,,32.4545 0.821645 0,,,
32.4921,1.65476,0.82738,,32.4921 0.82738 0,,,
32.4976,1.65653,0.828265,,32.4976 0.828265 0,,,
32.5081,1.65925,0.829625,,32.5081 0.829625 0,,,
32.6119,1.69399,0.846995,,32.6119 0.846995 0,,,
32.6664,1.71843,0.859215,,32.6664 0.859215 0,,,
32.6912,1.73044,0.86522,,32.6912 0.86522 0,,,
32.743,1.75465,0.877325,,32.743 0.877325 0,,,
32.7611,1.76395,0.881975,,32.7611 0.881975 0,,,
32.8177,1.79386,0.89693,,32.8177 0.89693 0,,,
32.8337,1.80242,0.90121,,32.8337 0.90121 0,,,
32.8495,1.81056,0.90528,,32.8495 0.90528 0,,,
32.86,1.81615,0.908075,,32.86 0.908075 0,,,
32.9159,1.84871,0.924355,,32.9159 0.924355 0,,,
32.9675,1.88089,0.940445,,32.9675 0.940445 0,,,
