Distance,Diameter,Radius,,text
0,2.08141,1.040705,,0 1.040705 0
0.0206566,2.08138,1.04069,,0.0206566 1.04069 0
0.0281372,2.08113,1.040565,,0.0281372 1.040565 0
0.065628,2.07917,1.039585,,0.065628 1.039585 0
0.0735835,2.07865,1.039325,,0.0735835 1.039325 0
0.110701,2.07547,1.037735,,0.110701 1.037735 0
0.119405,2.07494,1.03747,,0.119405 1.03747 0
0.208381,2.0715,1.03575,,0.208381 1.03575 0
0.258935,2.07192,1.03596,,0.258935 1.03596 0
0.281877,2.07311,1.036555,,0.281877 1.036555 0
0.313837,2.07328,1.03664,,0.313837 1.03664 0
0.318059,2.07318,1.03659,,0.318059 1.03659 0
0.320268,2.07304,1.03652,,0.320268 1.03652 0
0.336311,2.07192,1.03596,,0.336311 1.03596 0
0.415388,2.06846,1.03423,,0.415388 1.03423 0
0.467,2.06897,1.034485,,0.467 1.034485 0
0.50315,2.07022,1.03511,,0.50315 1.03511 0
0.505871,2.07009,1.035045,,0.505871 1.035045 0
0.521102,2.06957,1.034785,,0.521102 1.034785 0
0.541827,2.06794,1.03397,,0.541827 1.03397 0
0.622456,2.06543,1.032715,,0.622456 1.032715 0
0.627979,2.06535,1.032675,,0.627979 1.032675 0
0.695896,2.06598,1.03299,,0.695896 1.03299 0
0.713303,2.06618,1.03309,,0.713303 1.03309 0
0.751031,2.0658,1.0329,,0.751031 1.0329 0
0.752467,2.06574,1.03287,,0.752467 1.03287 0
0.767939,2.0647,1.03235,,0.767939 1.03235 0
0.790674,2.06275,1.031375,,0.790674 1.031375 0
0.833791,2.05821,1.029105,,0.833791 1.029105 0
0.857499,2.05701,1.028505,,0.857499 1.028505 0
1.02678,2.06199,1.030995,,1.02678 1.030995 0
1.03546,2.06324,1.03162,,1.03546 1.03162 0
1.03741,2.06341,1.031705,,1.03741 1.031705 0
1.0435,2.06377,1.031885,,1.0435 1.031885 0
1.11562,2.06853,1.034265,,1.11562 1.034265 0
1.1175,2.06865,1.034325,,1.1175 1.034325 0
1.15248,2.07059,1.035295,,1.15248 1.035295 0
1.23227,2.07838,1.03919,,1.23227 1.03919 0
1.23935,2.07913,1.039565,,1.23935 1.039565 0
1.27924,2.08223,1.041115,,1.27924 1.041115 0
1.33004,2.08572,1.04286,,1.33004 1.04286 0
1.35641,2.08843,1.044215,,1.35641 1.044215 0
1.399,2.09176,1.04588,,1.399 1.04588 0
1.40723,2.09216,1.04608,,1.40723 1.04608 0
1.40871,2.09227,1.046135,,1.40871 1.046135 0
1.47616,2.09572,1.04786,,1.47616 1.04786 0
1.51618,2.09888,1.04944,,1.51618 1.04944 0
1.57048,2.10456,1.05228,,1.57048 1.05228 0
1.57388,2.10462,1.05231,,1.57388 1.05231 0
1.64793,2.10572,1.05286,,1.64793 1.05286 0
1.70247,2.10638,1.05319,,1.70247 1.05319 0
1.79832,2.11105,1.055525,,1.79832 1.055525 0
1.84867,2.11326,1.05663,,1.84867 1.05663 0
1.89329,2.11456,1.05728,,1.89329 1.05728 0
1.93761,2.11671,1.058355,,1.93761 1.058355 0
1.93831,2.11677,1.058385,,1.93831 1.058385 0
1.99562,2.12142,1.06071,,1.99562 1.06071 0
1.99728,2.12148,1.06074,,1.99728 1.06074 0
2.00308,2.12141,1.060705,,2.00308 1.060705 0
2.04459,2.12044,1.06022,,2.04459 1.06022 0
2.05603,2.12045,1.060225,,2.05603 1.060225 0
2.08506,2.1195,1.05975,,2.08506 1.05975 0
2.08869,2.11934,1.05967,,2.08869 1.05967 0
2.24874,2.12773,1.063865,,2.24874 1.063865 0
2.26105,2.12957,1.064785,,2.26105 1.064785 0
2.26121,2.12959,1.064795,,2.26121 1.064795 0
2.30259,2.13522,1.06761,,2.30259 1.06761 0
2.31185,2.13634,1.06817,,2.31185 1.06817 0
2.33206,2.13714,1.06857,,2.33206 1.06857 0
2.43185,2.14358,1.07179,,2.43185 1.07179 0
2.44894,2.14591,1.072955,,2.44894 1.072955 0
2.45334,2.14638,1.07319,,2.45334 1.07319 0
2.45749,2.14667,1.073335,,2.45749 1.073335 0
2.49563,2.14869,1.074345,,2.49563 1.074345 0
2.51461,2.14951,1.074755,,2.51461 1.074755 0
2.55309,2.14918,1.07459,,2.55309 1.07459 0
2.57059,2.14937,1.074685,,2.57059 1.074685 0
2.70335,2.16024,1.08012,,2.70335 1.08012 0
2.7598,2.16875,1.084375,,2.7598 1.084375 0
2.7632,2.16923,1.084615,,2.7632 1.084615 0
2.79956,2.17388,1.08694,,2.79956 1.08694 0
2.81769,2.17722,1.08861,,2.81769 1.08861 0
2.82596,2.17891,1.089455,,2.82596 1.089455 0
2.83531,2.18049,1.090245,,2.83531 1.090245 0
2.84712,2.18199,1.090995,,2.84712 1.090995 0
2.87852,2.18494,1.09247,,2.87852 1.09247 0
2.88232,2.18527,1.092635,,2.88232 1.092635 0
2.9256,2.18888,1.09444,,2.9256 1.09444 0
2.93205,2.18929,1.094645,,2.93205 1.094645 0
3.00935,2.19292,1.09646,,3.00935 1.09646 0
3.00971,2.19295,1.096475,,3.00971 1.096475 0
3.03159,2.19445,1.097225,,3.03159 1.097225 0
3.08731,2.19842,1.09921,,3.08731 1.09921 0
3.09112,2.1985,1.09925,,3.09112 1.09925 0
3.102,2.19857,1.099285,,3.102 1.099285 0
3.15838,2.19873,1.099365,,3.15838 1.099365 0
3.19275,2.19802,1.09901,,3.19275 1.09901 0
3.19279,2.19802,1.09901,,3.19279 1.09901 0
3.20222,2.19759,1.098795,,3.20222 1.098795 0
3.26436,2.19489,1.097445,,3.26436 1.097445 0
3.28775,2.19238,1.09619,,3.28775 1.09619 0
3.30563,2.18961,1.094805,,3.30563 1.094805 0
3.36438,2.18317,1.091585,,3.36438 1.091585 0
3.4048,2.17686,1.08843,,3.4048 1.08843 0
3.47723,2.16787,1.083935,,3.47723 1.083935 0
3.54404,2.16233,1.081165,,3.54404 1.081165 0
3.59622,2.15884,1.07942,,3.59622 1.07942 0
3.59623,2.15884,1.07942,,3.59623 1.07942 0
3.59861,2.1586,1.0793,,3.59861 1.0793 0
3.71649,2.15128,1.07564,,3.71649 1.07564 0
3.72072,2.15121,1.075605,,3.72072 1.075605 0
3.72448,2.15095,1.075475,,3.72448 1.075475 0
3.78699,2.14817,1.074085,,3.78699 1.074085 0
3.78798,2.14813,1.074065,,3.78798 1.074065 0
3.88099,2.14682,1.07341,,3.88099 1.07341 0
3.9242,2.14696,1.07348,,3.9242 1.07348 0
3.9309,2.14698,1.07349,,3.9309 1.07349 0
3.94192,2.14688,1.07344,,3.94192 1.07344 0
4.02374,2.14848,1.07424,,4.02374 1.07424 0
4.07472,2.15364,1.07682,,4.07472 1.07682 0
4.07724,2.15383,1.076915,,4.07724 1.076915 0
4.09539,2.15501,1.077505,,4.09539 1.077505 0
4.1499,2.1605,1.08025,,4.1499 1.08025 0
4.15078,2.16057,1.080285,,4.15078 1.080285 0
4.18343,2.16309,1.081545,,4.18343 1.081545 0
4.2201,2.16732,1.08366,,4.2201 1.08366 0
4.23791,2.16951,1.084755,,4.23791 1.084755 0
4.24672,2.17021,1.085105,,4.24672 1.085105 0
4.25726,2.17099,1.085495,,4.25726 1.085495 0
4.2967,2.17342,1.08671,,4.2967 1.08671 0
4.34318,2.17778,1.08889,,4.34318 1.08889 0
4.37232,2.18004,1.09002,,4.37232 1.09002 0
4.38994,2.18158,1.09079,,4.38994 1.09079 0
4.39829,2.18205,1.091025,,4.39829 1.091025 0
4.41964,2.18383,1.091915,,4.41964 1.091915 0
4.45003,2.18557,1.092785,,4.45003 1.092785 0
4.45159,2.18568,1.09284,,4.45159 1.09284 0
4.48768,2.18788,1.09394,,4.48768 1.09394 0
4.52345,2.18994,1.09497,,4.52345 1.09497 0
4.52939,2.19026,1.09513,,4.52939 1.09513 0
4.53545,2.19044,1.09522,,4.53545 1.09522 0
4.58817,2.19171,1.095855,,4.58817 1.095855 0
4.61585,2.1922,1.0961,,4.61585 1.0961 0
4.66801,2.19342,1.09671,,4.66801 1.09671 0
4.70789,2.19544,1.09772,,4.70789 1.09772 0
4.72789,2.19634,1.09817,,4.72789 1.09817 0
4.73273,2.19639,1.098195,,4.73273 1.098195 0
4.77825,2.19654,1.09827,,4.77825 1.09827 0
4.7811,2.19657,1.098285,,4.7811 1.098285 0
4.78536,2.19621,1.098105,,4.78536 1.098105 0
4.84891,2.19066,1.09533,,4.84891 1.09533 0
4.86261,2.18973,1.094865,,4.86261 1.094865 0
4.94962,2.18371,1.091855,,4.94962 1.091855 0
4.98125,2.18323,1.091615,,4.98125 1.091615 0
4.99712,2.18308,1.09154,,4.99712 1.09154 0
5.0174,2.18168,1.09084,,5.0174 1.09084 0
5.06875,2.17546,1.08773,,5.06875 1.08773 0
5.07961,2.17326,1.08663,,5.07961 1.08663 0
5.08552,2.17198,1.08599,,5.08552 1.08599 0
5.13562,2.16115,1.080575,,5.13562 1.080575 0
5.26307,2.14308,1.07154,,5.26307 1.07154 0
5.26518,2.14289,1.071445,,5.26518 1.071445 0
5.30526,2.13875,1.069375,,5.30526 1.069375 0
5.32118,2.13704,1.06852,,5.32118 1.06852 0
5.32888,2.13599,1.067995,,5.32888 1.067995 0
5.36643,2.13021,1.065105,,5.36643 1.065105 0
5.39757,2.12559,1.062795,,5.39757 1.062795 0
5.40539,2.12404,1.06202,,5.40539 1.06202 0
5.44483,2.11584,1.05792,,5.44483 1.05792 0
5.47414,2.11017,1.055085,,5.47414 1.055085 0
5.49112,2.10648,1.05324,,5.49112 1.05324 0
5.50258,2.10359,1.051795,,5.50258 1.051795 0
5.54848,2.09185,1.045925,,5.54848 1.045925 0
5.63696,2.0658,1.0329,,5.63696 1.0329 0
5.69192,2.04799,1.023995,,5.69192 1.023995 0
5.7259,2.03463,1.017315,,5.7259 1.017315 0
5.82258,1.9998,0.9999,,5.82258 0.9999 0
5.84332,1.99351,0.996755,,5.84332 0.996755 0
5.85528,1.98923,0.994615,,5.85528 0.994615 0
5.86228,1.98644,0.99322,,5.86228 0.99322 0
5.91155,1.9668,0.9834,,5.91155 0.9834 0
5.93069,1.95934,0.97967,,5.93069 0.97967 0
5.9629,1.94625,0.973125,,5.9629 0.973125 0
6.05492,1.91446,0.95723,,6.05492 0.95723 0
6.08156,1.90726,0.95363,,6.08156 0.95363 0
6.09133,1.90479,0.952395,,6.09133 0.952395 0
6.14585,1.88919,0.944595,,6.14585 0.944595 0
6.15932,1.88429,0.942145,,6.15932 0.942145 0
6.18525,1.87521,0.937605,,6.18525 0.937605 0
6.20563,1.86782,0.93391,,6.20563 0.93391 0
6.25048,1.85198,0.92599,,6.25048 0.92599 0
6.34575,1.82509,0.912545,,6.34575 0.912545 0
6.37272,1.81996,0.90998,,6.37272 0.90998 0
6.37936,1.8187,0.90935,,6.37936 0.90935 0
6.38003,1.81855,0.909275,,6.38003 0.909275 0
6.41087,1.81159,0.905795,,6.41087 0.905795 0
6.41466,1.81062,0.90531,,6.41466 0.90531 0
6.45784,1.79863,0.899315,,6.45784 0.899315 0
6.4587,1.7984,0.8992,,6.4587 0.8992 0
6.55746,1.7789,0.88945,,6.55746 0.88945 0
6.55808,1.77883,0.889415,,6.55808 0.889415 0
6.59635,1.77414,0.88707,,6.59635 0.88707 0
6.61419,1.77105,0.885525,,6.61419 0.885525 0
6.67207,1.76332,0.88166,,6.67207 0.88166 0
6.68494,1.76129,0.880645,,6.68494 0.880645 0
6.68656,1.76098,0.88049,,6.68656 0.88049 0
6.75323,1.75012,0.87506,,6.75323 0.87506 0
6.86275,1.74602,0.87301,,6.86275 0.87301 0
6.86519,1.74608,0.87304,,6.86519 0.87304 0
6.92062,1.7467,0.87335,,6.92062 0.87335 0
6.92348,1.74667,0.873335,,6.92348 0.873335 0
6.95922,1.74613,0.873065,,6.95922 0.873065 0
6.99543,1.74493,0.872465,,6.99543 0.872465 0
7.01994,1.74384,0.87192,,7.01994 0.87192 0
7.04956,1.74273,0.871365,,7.04956 0.871365 0
7.06245,1.74229,0.871145,,7.06245 0.871145 0
7.06669,1.74209,0.871045,,7.06669 0.871045 0
7.12888,1.73996,0.86998,,7.12888 0.86998 0
7.13271,1.73981,0.869905,,7.13271 0.869905 0
7.17507,1.74003,0.870015,,7.17507 0.870015 0
7.2046,1.74067,0.870335,,7.2046 0.870335 0
7.2192,1.74069,0.870345,,7.2192 0.870345 0
7.22299,1.74062,0.87031,,7.22299 0.87031 0
7.23222,1.7402,0.8701,,7.23222 0.8701 0
7.25405,1.73886,0.86943,,7.25405 0.86943 0
7.28545,1.73674,0.86837,,7.28545 0.86837 0
7.31415,1.73527,0.867635,,7.31415 0.867635 0
7.38722,1.73418,0.86709,,7.38722 0.86709 0
7.39505,1.73397,0.866985,,7.39505 0.866985 0
7.4405,1.73329,0.866645,,7.4405 0.866645 0
7.48855,1.73062,0.86531,,7.48855 0.86531 0
7.5506,1.72969,0.864845,,7.5506 0.864845 0
7.58709,1.73045,0.865225,,7.58709 0.865225 0
7.59915,1.73055,0.865275,,7.59915 0.865275 0
7.62244,1.73013,0.865065,,7.62244 0.865065 0
7.65396,1.72897,0.864485,,7.65396 0.864485 0
7.71172,1.7268,0.8634,,7.71172 0.8634 0
7.75891,1.72467,0.862335,,7.75891 0.862335 0
7.77569,1.72376,0.86188,,7.77569 0.86188 0
7.84487,1.72443,0.862215,,7.84487 0.862215 0
7.89288,1.72653,0.863265,,7.89288 0.863265 0
7.90879,1.72701,0.863505,,7.90879 0.863505 0
7.9266,1.72861,0.864305,,7.9266 0.864305 0
7.92978,1.72891,0.864455,,7.92978 0.864455 0
7.96645,1.73067,0.865335,,7.96645 0.865335 0
7.98127,1.73172,0.86586,,7.98127 0.86586 0
8.03096,1.73329,0.866645,,8.03096 0.866645 0
8.05004,1.73448,0.86724,,8.05004 0.86724 0
8.05014,1.73449,0.867245,,8.05014 0.867245 0
8.07395,1.7352,0.8676,,8.07395 0.8676 0
8.09546,1.73651,0.868255,,8.09546 0.868255 0
8.09547,1.73651,0.868255,,8.09547 0.868255 0
8.09713,1.73659,0.868295,,8.09713 0.868295 0
8.17117,1.7396,0.8698,,8.17117 0.8698 0
8.18753,1.74078,0.87039,,8.18753 0.87039 0
8.20001,1.74129,0.870645,,8.20001 0.870645 0
8.27135,1.74693,0.873465,,8.27135 0.873465 0
8.2814,1.74747,0.873735,,8.2814 0.873735 0
8.31091,1.74832,0.87416,,8.31091 0.87416 0
8.3384,1.74763,0.873815,,8.3384 0.873815 0
8.38365,1.74821,0.874105,,8.38365 0.874105 0
8.39367,1.74816,0.87408,,8.39367 0.87408 0
8.41359,1.74772,0.87386,,8.41359 0.87386 0
8.44516,1.74805,0.874025,,8.44516 0.874025 0
8.49736,1.75055,0.875275,,8.49736 0.875275 0
8.50454,1.75115,0.875575,,8.50454 0.875575 0
8.53747,1.75346,0.87673,,8.53747 0.87673 0
8.54249,1.75375,0.876875,,8.54249 0.876875 0
8.5916,1.75644,0.87822,,8.5916 0.87822 0
8.59805,1.75667,0.878335,,8.59805 0.878335 0
8.60419,1.75642,0.87821,,8.60419 0.87821 0
8.65674,1.75404,0.87702,,8.65674 0.87702 0
8.6675,1.75381,0.876905,,8.6675 0.876905 0
8.69757,1.75422,0.87711,,8.69757 0.87711 0
8.71417,1.75451,0.877255,,8.71417 0.877255 0
8.71418,1.75451,0.877255,,8.71418 0.877255 0
8.71613,1.75456,0.87728,,8.71613 0.87728 0
8.71628,1.75455,0.877275,,8.71628 0.877275 0
8.72568,1.7541,0.87705,,8.72568 0.87705 0
8.73924,1.753,0.8765,,8.73924 0.8765 0
8.77852,1.74979,0.874895,,8.77852 0.874895 0
8.78061,1.74952,0.87476,,8.78061 0.87476 0
8.80526,1.74548,0.87274,,8.80526 0.87274 0
8.84032,1.74046,0.87023,,8.84032 0.87023 0
8.8964,1.73216,0.86608,,8.8964 0.86608 0
8.90613,1.73108,0.86554,,8.90613 0.86554 0
8.96622,1.72584,0.86292,,8.96622 0.86292 0
8.96714,1.72575,0.862875,,8.96714 0.862875 0
9.00546,1.72256,0.86128,,9.00546 0.86128 0
9.01656,1.7211,0.86055,,9.01656 0.86055 0
9.03094,1.71884,0.85942,,9.03094 0.85942 0
9.04601,1.71666,0.85833,,9.04601 0.85833 0
9.06129,1.71475,0.857375,,9.06129 0.857375 0
9.13498,1.71034,0.85517,,9.13498 0.85517 0
9.17601,1.70954,0.85477,,9.17601 0.85477 0
9.19921,1.70966,0.85483,,9.19921 0.85483 0
9.23725,1.70812,0.85406,,9.23725 0.85406 0
9.27413,1.7075,0.85375,,9.27413 0.85375 0
9.28602,1.70745,0.853725,,9.28602 0.853725 0
9.29941,1.707,0.8535,,9.29941 0.8535 0
9.31958,1.70528,0.85264,,9.31958 0.85264 0
9.35371,1.7027,0.85135,,9.35371 0.85135 0
9.39515,1.69907,0.849535,,9.39515 0.849535 0
9.40073,1.69846,0.84923,,9.40073 0.84923 0
9.44463,1.69269,0.846345,,9.44463 0.846345 0
9.44573,1.69248,0.84624,,9.44573 0.84624 0
9.51254,1.68217,0.841085,,9.51254 0.841085 0
9.52585,1.68061,0.840305,,9.52585 0.840305 0
9.55038,1.67848,0.83924,,9.55038 0.83924 0
9.55046,1.67848,0.83924,,9.55046 0.83924 0
9.57119,1.677,0.8385,,9.57119 0.8385 0
9.60708,1.67485,0.837425,,9.60708 0.837425 0
9.6426,1.67039,0.835195,,9.6426 0.835195 0
9.69552,1.66517,0.832585,,9.69552 0.832585 0
9.74941,1.66314,0.83157,,9.74941 0.83157 0
9.76615,1.66178,0.83089,,9.76615 0.83089 0
9.77368,1.66113,0.830565,,9.77368 0.830565 0
9.82667,1.65276,0.82638,,9.82667 0.82638 0
9.82883,1.65238,0.82619,,9.82883 0.82619 0
9.93941,1.64027,0.820135,,9.93941 0.820135 0
9.94177,1.64011,0.820055,,9.94177 0.820055 0
10.0029,1.63271,0.816355,,10.0029 0.816355 0
10.0883,1.63025,0.815125,,10.0883 0.815125 0
10.1221,1.63131,0.815655,,10.1221 0.815655 0
10.1624,1.63184,0.81592,,10.1624 0.81592 0
10.1699,1.63163,0.815815,,10.1699 0.815815 0
10.2187,1.63013,0.815065,,10.2187 0.815065 0
10.2195,1.6301,0.81505,,10.2195 0.81505 0
10.2198,1.63009,0.815045,,10.2198 0.815045 0
10.3009,1.63108,0.81554,,10.3009 0.81554 0
10.3152,1.63213,0.816065,,10.3152 0.816065 0
10.3261,1.63275,0.816375,,10.3261 0.816375 0
10.3329,1.63345,0.816725,,10.3329 0.816725 0
10.3702,1.63573,0.817865,,10.3702 0.817865 0
10.3712,1.63582,0.81791,,10.3712 0.81791 0
10.3829,1.6368,0.8184,,10.3829 0.8184 0
10.383,1.63681,0.818405,,10.383 0.818405 0
10.4159,1.63985,0.819925,,10.4159 0.819925 0
10.4251,1.64056,0.82028,,10.4251 0.82028 0
10.4488,1.64169,0.820845,,10.4488 0.820845 0
10.4765,1.64297,0.821485,,10.4765 0.821485 0
10.5734,1.65553,0.827765,,10.5734 0.827765 0
10.5745,1.65576,0.82788,,10.5745 0.82788 0
10.5852,1.65819,0.829095,,10.5852 0.829095 0
10.5879,1.65877,0.829385,,10.5879 0.829385 0
10.5993,1.66149,0.830745,,10.5993 0.830745 0
10.6021,1.66216,0.83108,,10.6021 0.83108 0
10.6021,1.66217,0.831085,,10.6021 0.831085 0
10.6168,1.66576,0.83288,,10.6168 0.83288 0
10.6171,1.66584,0.83292,,10.6171 0.83292 0
10.6257,1.66769,0.833845,,10.6257 0.833845 0
10.6265,1.66788,0.83394,,10.6265 0.83394 0
10.659,1.67527,0.837635,,10.659 0.837635 0
10.6633,1.6764,0.8382,,10.6633 0.8382 0
10.6766,1.67962,0.83981,,10.6766 0.83981 0
10.6767,1.67963,0.839815,,10.6767 0.839815 0
10.6882,1.68225,0.841125,,10.6882 0.841125 0
10.6883,1.68226,0.84113,,10.6883 0.84113 0
10.6934,1.68335,0.841675,,10.6934 0.841675 0
10.7078,1.68603,0.843015,,10.7078 0.843015 0
10.7179,1.68778,0.84389,,10.7179 0.84389 0
10.7394,1.69115,0.845575,,10.7394 0.845575 0
10.7655,1.69398,0.84699,,10.7655 0.84699 0
10.7984,1.69811,0.849055,,10.7984 0.849055 0
10.813,1.70001,0.850005,,10.813 0.850005 0
10.8291,1.7011,0.85055,,10.8291 0.85055 0
10.83,1.7011,0.85055,,10.83 0.85055 0
10.8644,1.70112,0.85056,,10.8644 0.85056 0
10.8822,1.70168,0.85084,,10.8822 0.85084 0
10.9188,1.7026,0.8513,,10.9188 0.8513 0
10.9749,1.70717,0.853585,,10.9749 0.853585 0
11.0103,1.71065,0.855325,,11.0103 0.855325 0
11.0169,1.71081,0.855405,,11.0169 0.855405 0
11.0515,1.71044,0.85522,,11.0515 0.85522 0
11.058,1.71008,0.85504,,11.058 0.85504 0
11.0833,1.70775,0.853875,,11.0833 0.853875 0
11.0868,1.70737,0.853685,,11.0868 0.853685 0
11.1362,1.70021,0.850105,,11.1362 0.850105 0
11.1409,1.69977,0.849885,,11.1409 0.849885 0
11.1819,1.69589,0.847945,,11.1819 0.847945 0
11.2372,1.69027,0.845135,,11.2372 0.845135 0
11.268,1.68924,0.84462,,11.268 0.84462 0
11.3113,1.68727,0.843635,,11.3113 0.843635 0
11.3362,1.68639,0.843195,,11.3362 0.843195 0
11.3779,1.68532,0.84266,,11.3779 0.84266 0
11.4035,1.68501,0.842505,,11.4035 0.842505 0
11.4091,1.68503,0.842515,,11.4091 0.842515 0
11.4127,1.68466,0.84233,,11.4127 0.84233 0
11.4476,1.68039,0.840195,,11.4476 0.840195 0
11.4744,1.67736,0.83868,,11.4744 0.83868 0
11.5955,1.6796,0.8398,,11.5955 0.8398 0
11.6393,1.68238,0.84119,,11.6393 0.84119 0
11.6442,1.68267,0.841335,,11.6442 0.841335 0
11.6471,1.68272,0.84136,,11.6471 0.84136 0
11.6509,1.68258,0.84129,,11.6509 0.84129 0
11.6626,1.68184,0.84092,,11.6626 0.84092 0
11.6789,1.68087,0.840435,,11.6789 0.840435 0
11.7429,1.67766,0.83883,,11.7429 0.83883 0
11.7448,1.67764,0.83882,,11.7448 0.83882 0
11.7991,1.678,0.839,,11.7991 0.839 0
11.8128,1.67792,0.83896,,11.8128 0.83896 0
11.8332,1.67726,0.83863,,11.8332 0.83863 0
11.8688,1.67661,0.838305,,11.8688 0.838305 0
11.8961,1.67521,0.837605,,11.8961 0.837605 0
11.9386,1.67442,0.83721,,11.9386 0.83721 0
11.9538,1.67437,0.837185,,11.9538 0.837185 0
11.9805,1.67479,0.837395,,11.9805 0.837395 0
11.9824,1.67483,0.837415,,11.9824 0.837415 0
12.0077,1.67549,0.837745,,12.0077 0.837745 0
12.0224,1.67554,0.83777,,12.0224 0.83777 0
12.074,1.67446,0.83723,,12.074 0.83723 0
12.0771,1.67431,0.837155,,12.0771 0.837155 0
12.1276,1.67168,0.83584,,12.1276 0.83584 0
12.1591,1.67149,0.835745,,12.1591 0.835745 0
12.1655,1.6714,0.8357,,12.1655 0.8357 0
12.1798,1.67114,0.83557,,12.1798 0.83557 0
12.2111,1.67052,0.83526,,12.2111 0.83526 0
12.2191,1.67011,0.835055,,12.2191 0.835055 0
12.2372,1.66852,0.83426,,12.2372 0.83426 0
12.2388,1.6684,0.8342,,12.2388 0.8342 0
12.265,1.66672,0.83336,,12.265 0.83336 0
12.2699,1.66624,0.83312,,12.2699 0.83312 0
12.3054,1.66308,0.83154,,12.3054 0.83154 0
12.3254,1.66146,0.83073,,12.3254 0.83073 0
12.375,1.65819,0.829095,,12.375 0.829095 0
12.3754,1.65816,0.82908,,12.3754 0.82908 0
12.4047,1.65558,0.82779,,12.4047 0.82779 0
12.405,1.65556,0.82778,,12.405 0.82778 0
12.4245,1.65355,0.826775,,12.4245 0.826775 0
12.4562,1.65042,0.82521,,12.4562 0.82521 0
12.4866,1.6476,0.8238,,12.4866 0.8238 0
12.4939,1.64678,0.82339,,12.4939 0.82339 0
12.5404,1.63716,0.81858,,12.5404 0.81858 0
12.5488,1.63551,0.817755,,12.5488 0.817755 0
12.6367,1.61451,0.807255,,12.6367 0.807255 0
12.6634,1.6107,0.80535,,12.6634 0.80535 0
12.6678,1.61009,0.805045,,12.6678 0.805045 0
12.6772,1.60831,0.804155,,12.6772 0.804155 0
12.7169,1.59936,0.79968,,12.7169 0.79968 0
12.8227,1.5787,0.78935,,12.8227 0.78935 0
12.8445,1.57552,0.78776,,12.8445 0.78776 0
12.8537,1.57393,0.786965,,12.8537 0.786965 0
12.888,1.56776,0.78388,,12.888 0.78388 0
12.9198,1.56366,0.78183,,12.9198 0.78183 0
12.9198,1.56366,0.78183,,12.9198 0.78183 0
12.9217,1.5634,0.7817,,12.9217 0.7817 0
12.9656,1.55737,0.778685,,12.9656 0.778685 0
13.005,1.55423,0.777115,,13.005 0.777115 0
13.0225,1.55326,0.77663,,13.0225 0.77663 0
13.0422,1.55277,0.776385,,13.0422 0.776385 0
13.0497,1.55238,0.77619,,13.0497 0.77619 0
13.0721,1.55135,0.775675,,13.0721 0.775675 0
13.0853,1.55091,0.775455,,13.0853 0.775455 0
13.1086,1.55003,0.775015,,13.1086 0.775015 0
13.1086,1.55002,0.77501,,13.1086 0.77501 0
13.11,1.54994,0.77497,,13.11 0.77497 0
13.1308,1.54856,0.77428,,13.1308 0.77428 0
13.1609,1.54711,0.773555,,13.1609 0.773555 0
13.1857,1.54603,0.773015,,13.1857 0.773015 0
13.2424,1.54555,0.772775,,13.2424 0.772775 0
13.2429,1.54558,0.77279,,13.2429 0.77279 0
13.2636,1.54673,0.773365,,13.2636 0.773365 0
13.2637,1.54674,0.77337,,13.2637 0.77337 0
13.277,1.54771,0.773855,,13.277 0.773855 0
13.281,1.54794,0.77397,,13.281 0.77397 0
13.2943,1.54865,0.774325,,13.2943 0.774325 0
13.2949,1.54869,0.774345,,13.2949 0.774345 0
13.3199,1.55033,0.775165,,13.3199 0.775165 0
13.3372,1.55139,0.775695,,13.3372 0.775695 0
13.348,1.55178,0.77589,,13.348 0.77589 0
13.348,1.55178,0.77589,,13.348 0.77589 0
13.3509,1.55188,0.77594,,13.3509 0.77594 0
13.3825,1.55327,0.776635,,13.3825 0.776635 0
13.4163,1.55544,0.77772,,13.4163 0.77772 0
13.4163,1.55545,0.777725,,13.4163 0.777725 0
13.4312,1.55697,0.778485,,13.4312 0.778485 0
13.4326,1.55708,0.77854,,13.4326 0.77854 0
13.4362,1.5573,0.77865,,13.4362 0.77865 0
13.4716,1.55928,0.77964,,13.4716 0.77964 0
13.4796,1.55998,0.77999,,13.4796 0.77999 0
13.541,1.56569,0.782845,,13.541 0.782845 0
13.5782,1.57147,0.785735,,13.5782 0.785735 0
13.5926,1.57351,0.786755,,13.5926 0.786755 0
13.6414,1.57905,0.789525,,13.6414 0.789525 0
13.6606,1.58197,0.790985,,13.6606 0.790985 0
13.6736,1.5834,0.7917,,13.6736 0.7917 0
13.6747,1.58351,0.791755,,13.6747 0.791755 0
13.7267,1.58666,0.79333,,13.7267 0.79333 0
13.735,1.58665,0.793325,,13.735 0.793325 0
13.7521,1.58516,0.79258,,13.7521 0.79258 0
13.7983,1.58115,0.790575,,13.7983 0.790575 0
13.7983,1.58115,0.790575,,13.7983 0.790575 0
13.8054,1.58035,0.790175,,13.8054 0.790175 0
13.8401,1.57661,0.788305,,13.8401 0.788305 0
13.8534,1.57542,0.78771,,13.8534 0.78771 0
13.8536,1.5754,0.7877,,13.8536 0.7877 0
13.8614,1.57443,0.787215,,13.8614 0.787215 0
13.8927,1.57035,0.785175,,13.8927 0.785175 0
13.8929,1.57033,0.785165,,13.8929 0.785165 0
13.9012,1.56896,0.78448,,13.9012 0.78448 0
13.9422,1.56079,0.780395,,13.9422 0.780395 0
13.9653,1.55571,0.777855,,13.9653 0.777855 0
14.0141,1.54596,0.77298,,14.0141 0.77298 0
14.0677,1.53464,0.76732,,14.0677 0.76732 0
14.1019,1.52946,0.76473,,14.1019 0.76473 0
14.124,1.52746,0.76373,,14.124 0.76373 0
14.1393,1.52469,0.762345,,14.1393 0.762345 0
14.1567,1.51988,0.75994,,14.1567 0.75994 0
14.2081,1.50516,0.75258,,14.2081 0.75258 0
14.2969,1.48715,0.743575,,14.2969 0.743575 0
14.3436,1.48191,0.740955,,14.3436 0.740955 0
14.3586,1.48018,0.74009,,14.3586 0.74009 0
14.3873,1.47679,0.738395,,14.3873 0.738395 0
14.436,1.47064,0.73532,,14.436 0.73532 0
14.4516,1.46855,0.734275,,14.4516 0.734275 0
14.4633,1.46656,0.73328,,14.4633 0.73328 0
14.4751,1.46446,0.73223,,14.4751 0.73223 0
14.563,1.45629,0.728145,,14.563 0.728145 0
14.6294,1.45776,0.72888,,14.6294 0.72888 0
14.6332,1.45793,0.728965,,14.6332 0.728965 0
14.6557,1.45822,0.72911,,14.6557 0.72911 0
14.6661,1.4582,0.7291,,14.6661 0.7291 0
14.6877,1.45796,0.72898,,14.6877 0.72898 0
14.7265,1.45765,0.728825,,14.7265 0.728825 0
14.7318,1.45764,0.72882,,14.7318 0.72882 0
14.8809,1.46767,0.733835,,14.8809 0.733835 0
14.9044,1.47291,0.736455,,14.9044 0.736455 0
14.943,1.48012,0.74006,,14.943 0.74006 0
14.9733,1.48552,0.74276,,14.9733 0.74276 0
15.0253,1.49191,0.745955,,15.0253 0.745955 0
15.0259,1.49199,0.745995,,15.0259 0.745995 0
15.0536,1.49601,0.748005,,15.0536 0.748005 0
15.1086,1.50628,0.75314,,15.1086 0.75314 0
15.1599,1.51775,0.758875,,15.1599 0.758875 0
15.1599,1.51776,0.75888,,15.1599 0.75888 0
15.1727,1.52102,0.76051,,15.1727 0.76051 0
15.2289,1.5358,0.7679,,15.2289 0.7679 0
15.2589,1.54487,0.772435,,15.2589 0.772435 0
15.2712,1.54869,0.774345,,15.2712 0.774345 0
15.3015,1.55657,0.778285,,15.3015 0.778285 0
15.3334,1.56439,0.782195,,15.3334 0.782195 0
15.3372,1.56518,0.78259,,15.3372 0.78259 0
15.3551,1.57015,0.785075,,15.3551 0.785075 0
15.4194,1.58713,0.793565,,15.4194 0.793565 0
15.4484,1.59709,0.798545,,15.4484 0.798545 0
15.4684,1.60365,0.801825,,15.4684 0.801825 0
15.4982,1.61238,0.80619,,15.4982 0.80619 0
15.5213,1.61887,0.809435,,15.5213 0.809435 0
15.5537,1.62878,0.81439,,15.5537 0.81439 0
15.6046,1.6456,0.8228,,15.6046 0.8228 0
15.635,1.65606,0.82803,,15.635 0.82803 0
15.6532,1.66241,0.831205,,15.6532 0.831205 0
15.657,1.66363,0.831815,,15.657 0.831815 0
15.6819,1.67112,0.83556,,15.6819 0.83556 0
15.7037,1.67717,0.838585,,15.7037 0.838585 0
15.7143,1.68016,0.84008,,15.7143 0.84008 0
15.7333,1.685,0.8425,,15.7333 0.8425 0
15.7745,1.69679,0.848395,,15.7745 0.848395 0
15.7839,1.69966,0.84983,,15.7839 0.84983 0
15.785,1.69998,0.84999,,15.785 0.84999 0
15.7991,1.70358,0.85179,,15.7991 0.85179 0
15.8235,1.70955,0.854775,,15.8235 0.854775 0
15.8305,1.71117,0.855585,,15.8305 0.855585 0
15.8561,1.71629,0.858145,,15.8561 0.858145 0
15.8948,1.72452,0.86226,,15.8948 0.86226 0
15.9491,1.73813,0.869065,,15.9491 0.869065 0
15.9534,1.73928,0.86964,,15.9534 0.86964 0
15.9605,1.74095,0.870475,,15.9605 0.870475 0
15.9715,1.74352,0.87176,,15.9715 0.87176 0
15.9922,1.74685,0.873425,,15.9922 0.873425 0
15.9923,1.74687,0.873435,,15.9923 0.873435 0
15.9964,1.74761,0.873805,,15.9964 0.873805 0
15.9967,1.74766,0.87383,,15.9967 0.87383 0
16.0009,1.74828,0.87414,,16.0009 0.87414 0
16.0484,1.75484,0.87742,,16.0484 0.87742 0
16.0835,1.76019,0.880095,,16.0835 0.880095 0
16.0895,1.76103,0.880515,,16.0895 0.880515 0
16.1177,1.76421,0.882105,,16.1177 0.882105 0
16.1525,1.76677,0.883385,,16.1525 0.883385 0
16.1529,1.7668,0.8834,,16.1529 0.8834 0
16.2191,1.77212,0.88606,,16.2191 0.88606 0
16.2257,1.77303,0.886515,,16.2257 0.886515 0
16.2336,1.77395,0.886975,,16.2336 0.886975 0
16.2589,1.77605,0.888025,,16.2589 0.888025 0
16.2817,1.77573,0.887865,,16.2817 0.887865 0
16.2998,1.77572,0.88786,,16.2998 0.88786 0
16.3872,1.78002,0.89001,,16.3872 0.89001 0
16.3872,1.78003,0.890015,,16.3872 0.890015 0
16.3886,1.78016,0.89008,,16.3886 0.89008 0
16.4198,1.78192,0.89096,,16.4198 0.89096 0
16.4241,1.78203,0.891015,,16.4241 0.891015 0
16.4479,1.78273,0.891365,,16.4479 0.891365 0
16.4893,1.78476,0.89238,,16.4893 0.89238 0
16.504,1.78585,0.892925,,16.504 0.892925 0
16.5446,1.79017,0.895085,,16.5446 0.895085 0
16.5459,1.79029,0.895145,,16.5459 0.895145 0
16.5633,1.79195,0.895975,,16.5633 0.895975 0
16.5902,1.79426,0.89713,,16.5902 0.89713 0
16.62,1.79496,0.89748,,16.62 0.89748 0
16.6204,1.79498,0.89749,,16.6204 0.89749 0
16.6427,1.79606,0.89803,,16.6427 0.89803 0
16.6494,1.7964,0.8982,,16.6494 0.8982 0
16.6807,1.79717,0.898585,,16.6807 0.898585 0
16.7125,1.79787,0.898935,,16.7125 0.898935 0
16.7171,1.79791,0.898955,,16.7171 0.898955 0
16.7594,1.79895,0.899475,,16.7594 0.899475 0
16.8352,1.80546,0.90273,,16.8352 0.90273 0
16.8352,1.80546,0.90273,,16.8352 0.90273 0
16.8654,1.8075,0.90375,,16.8654 0.90375 0
16.8883,1.80883,0.904415,,16.8883 0.904415 0
16.9308,1.81165,0.905825,,16.9308 0.905825 0
16.9336,1.81183,0.905915,,16.9336 0.905915 0
16.9764,1.81163,0.905815,,16.9764 0.905815 0
16.9859,1.81172,0.90586,,16.9859 0.90586 0
16.9891,1.81164,0.90582,,16.9891 0.90582 0
17.0062,1.81022,0.90511,,17.0062 0.90511 0
17.0452,1.8068,0.9034,,17.0452 0.9034 0
17.0463,1.80673,0.903365,,17.0463 0.903365 0
17.0983,1.80068,0.90034,,17.0983 0.90034 0
17.1471,1.79746,0.89873,,17.1471 0.89873 0
17.2516,1.80161,0.900805,,17.2516 0.900805 0
17.3054,1.80276,0.90138,,17.3054 0.90138 0
17.3337,1.80233,0.901165,,17.3337 0.901165 0
17.3745,1.79954,0.89977,,17.3745 0.89977 0
17.3845,1.79871,0.899355,,17.3845 0.899355 0
17.3848,1.79867,0.899335,,17.3848 0.899335 0
17.4465,1.79468,0.89734,,17.4465 0.89734 0
17.4842,1.79435,0.897175,,17.4842 0.897175 0
17.5186,1.79334,0.89667,,17.5186 0.89667 0
17.5576,1.79363,0.896815,,17.5576 0.896815 0
17.5889,1.79437,0.897185,,17.5889 0.897185 0
17.5914,1.79446,0.89723,,17.5914 0.89723 0
17.6064,1.79444,0.89722,,17.6064 0.89722 0
17.6594,1.79369,0.896845,,17.6594 0.896845 0
17.6644,1.7932,0.8966,,17.6644 0.8966 0
17.7181,1.79056,0.89528,,17.7181 0.89528 0
17.7581,1.78897,0.894485,,17.7581 0.894485 0
17.8183,1.79015,0.895075,,17.8183 0.895075 0
17.8479,1.78886,0.89443,,17.8479 0.89443 0
17.8496,1.78875,0.894375,,17.8496 0.894375 0
17.8733,1.78928,0.89464,,17.8733 0.89464 0
