Distance,Diameter,RAS_R,RAS_A,RAS_S,FFR
0,2.97455,17.8727,-22.503,-25.6416,0.63
0.0185141,2.97746,17.8549,-22.505,-25.6366,
0.105704,2.9806,17.7723,-22.4992,-25.6095,
0.116678,2.98162,17.7616,-22.4992,-25.6068,
0.202387,2.98883,17.6783,-22.4957,-25.587,
0.30356,3.00292,17.5796,-22.489,-25.5661,
0.407976,3.02073,17.4792,-22.479,-25.5392,
0.51987,3.04358,17.3733,-22.4716,-25.5038,
0.563692,3.05344,17.332,-22.4668,-25.49,
0.627545,3.07274,17.2708,-22.4639,-25.472,
0.67202,3.08476,17.2277,-22.46,-25.4615,
0.683111,3.08723,17.2171,-22.4592,-25.4584,
0.722786,3.09811,17.1787,-22.4587,-25.4486,
0.911334,3.15837,16.9973,-22.4423,-25.3996,
0.911754,3.15855,16.9969,-22.4423,-25.3995,
1.01636,3.2032,16.8972,-22.4349,-25.3687,
1.04812,3.21843,16.8669,-22.4343,-25.3593,
1.07812,3.23296,16.8381,-22.4331,-25.351,
1.13862,3.2594,16.7811,-22.427,-25.3315,
1.14193,3.26067,16.778,-22.4266,-25.3305,
1.15864,3.26704,16.762,-22.4245,-25.3263,
1.23514,3.29574,16.6889,-22.4179,-25.3046,
1.23852,3.29736,16.6857,-22.4176,-25.3036,
1.44929,3.39496,16.4878,-22.3934,-25.2353,
1.44938,3.39501,16.4877,-22.3934,-25.2353,
1.4598,3.40061,16.4778,-22.3921,-25.2322,
1.46006,3.40075,16.4776,-22.392,-25.2321,
1.48156,3.41226,16.4572,-22.3893,-25.2259,
1.49191,3.41777,16.4474,-22.3883,-25.2228,
1.5055,3.42454,16.4346,-22.3868,-25.2185,
1.51776,3.43069,16.4229,-22.3862,-25.2147,
1.52328,3.43339,16.4177,-22.3858,-25.2131,
1.53185,3.43758,16.4095,-22.3853,-25.2106,
1.5345,3.43886,16.4069,-22.3851,-25.2098,
1.60553,3.47317,16.3388,-22.3797,-25.1907,
1.60566,3.47324,16.3386,-22.3797,-25.1907,
1.61639,3.47853,16.3283,-22.3787,-25.1879,
1.62229,3.4811,16.3226,-22.378,-25.1865,
1.62498,3.48218,16.3201,-22.3777,-25.1858,
1.65988,3.49637,16.2867,-22.3738,-25.1761,
1.78957,3.55143,16.1651,-22.3553,-25.135,
1.78994,3.55159,16.1648,-22.3553,-25.1349,
1.79349,3.55321,16.1615,-22.3546,-25.1338,
1.86052,3.58088,16.0992,-22.3438,-25.1115,
1.87391,3.5861,16.0864,-22.3425,-25.1077,
1.90977,3.60032,16.0523,-22.3381,-25.0975,
1.91585,3.60245,16.0466,-22.3374,-25.0956,
1.9285,3.60679,16.0346,-22.3359,-25.0918,
1.96878,3.62052,15.9965,-22.3309,-25.0798,
2.01747,3.63728,15.9504,-22.3233,-25.0662,
2.03044,3.64167,15.9381,-22.3211,-25.0627,
2.05944,3.64908,15.9105,-22.3186,-25.0542,
2.05973,3.64915,15.9102,-22.3186,-25.0541,
2.06191,3.64968,15.9081,-22.3186,-25.0536,
2.06872,3.65111,15.9016,-22.3179,-25.0518,
2.12919,3.66282,15.8437,-22.3123,-25.0351,
2.13804,3.66338,15.8352,-22.3121,-25.0325,
2.15241,3.66387,15.8214,-22.3115,-25.0286,
2.16748,3.66382,15.8069,-22.3105,-25.0246,
2.20444,3.65989,15.7722,-22.308,-25.0122,
2.20782,3.65932,15.7691,-22.3075,-25.011,
2.21436,3.65783,15.7631,-22.3061,-25.0088,
2.28437,3.63482,15.6987,-22.2957,-24.9833,
2.29198,3.632,15.6917,-22.2949,-24.9805,
2.36376,3.6029,15.6238,-22.2889,-24.958,
2.36614,3.60189,15.6215,-22.2887,-24.9573,
2.40904,3.58243,15.58,-22.2875,-24.9465,
2.4967,3.54056,15.495,-22.2859,-24.9251,
2.53867,3.52077,15.4543,-22.2832,-24.9152,
2.67795,3.45279,15.323,-22.2641,-24.873,
2.68356,3.45006,15.3175,-22.2636,-24.8717,
2.69996,3.44136,15.3018,-22.2623,-24.8672,
2.8167,3.38078,15.1896,-22.2501,-24.8376,
2.8167,3.38078,15.1896,-22.2501,-24.8376,
2.81675,3.38076,15.1895,-22.2501,-24.8376,
3.14434,3.25008,14.8725,-22.2285,-24.7578,
3.25762,3.21427,14.7669,-22.2073,-24.7228,
3.2648,3.21218,14.7601,-22.2062,-24.7209,
3.26846,3.21084,14.7566,-22.2056,-24.7198,
3.27301,3.20899,14.7526,-22.2044,-24.7181,
3.34878,3.17666,14.6794,-22.1948,-24.7009,
3.46681,3.13172,14.5655,-22.1843,-24.672,
3.55611,3.10851,14.4798,-22.1779,-24.6474,
3.67351,3.07933,14.3662,-22.1731,-24.6184,
3.72708,3.07113,14.3142,-22.1694,-24.6061,
3.80491,3.0562,14.2382,-22.1607,-24.5917,
3.83692,3.04948,14.2065,-22.1598,-24.5872,
4.00791,3.01295,14.043,-22.1359,-24.5433,
4.09459,2.99505,13.9585,-22.1369,-24.5239,
4.09997,2.99413,13.9533,-22.1368,-24.5227,
4.13943,2.98677,13.9145,-22.1372,-24.5153,
4.17126,2.9804,13.8831,-22.1366,-24.51,
4.30809,2.96067,13.7485,-22.127,-24.4877,
4.31792,2.95965,13.7388,-22.1262,-24.4863,
4.36016,2.95351,13.6969,-22.1259,-24.4806,
4.41495,2.94492,13.643,-22.1204,-24.4728,
4.4206,2.94381,13.6373,-22.1201,-24.4724,
4.51778,2.91788,13.5413,-22.1167,-24.4579,
4.59815,2.89799,13.4627,-22.1109,-24.4423,
4.66158,2.88471,13.4002,-22.1068,-24.4323,
4.66163,2.8847,13.4001,-22.1068,-24.4323,
4.67429,2.8813,13.3875,-22.1069,-24.4315,
4.86597,2.84813,13.1965,-22.0971,-24.4189,
4.93407,2.84208,13.1298,-22.0869,-24.4099,
4.97761,2.83849,13.0882,-22.0753,-24.4037,
5.00594,2.83404,13.0608,-22.0694,-24.4002,
5.00626,2.83397,13.0604,-22.0693,-24.4002,
5.11582,2.81276,12.9544,-22.0457,-24.3858,
5.12013,2.81188,12.9503,-22.0447,-24.3851,
5.15057,2.80641,12.9211,-22.037,-24.381,
5.31084,2.78166,12.7702,-21.9879,-24.3589,
5.33718,2.77834,12.7441,-21.9844,-24.3583,
5.42582,2.76971,12.6562,-21.9731,-24.3588,
5.50841,2.76653,12.5746,-21.9603,-24.3614,
5.55794,2.75983,12.5265,-21.9487,-24.3632,
5.62136,2.74991,12.4637,-21.9402,-24.3661,
5.72828,2.73338,12.3584,-21.9219,-24.3676,
5.81028,2.72058,12.2793,-21.9005,-24.3709,
5.85092,2.71832,12.2403,-21.8893,-24.3737,
6.01467,2.71272,12.0839,-21.8414,-24.3805,
6.05247,2.71531,12.0476,-21.8309,-24.381,
6.07222,2.7164,12.0289,-21.8244,-24.3816,
6.0896,2.71638,12.0124,-21.819,-24.3811,
6.14659,2.71553,11.9575,-21.8039,-24.3817,
6.32709,2.71578,11.782,-21.7623,-24.3901,
6.41778,2.7202,11.695,-21.737,-24.3924,
6.46416,2.72311,11.6503,-21.7245,-24.3916,
6.55092,2.73075,11.5662,-21.7035,-24.3881,
6.60493,2.73725,11.5144,-21.6892,-24.3831,
6.61217,2.73794,11.5075,-21.6872,-24.3821,
6.70503,2.74713,11.4175,-21.6654,-24.3748,
6.7061,2.74723,11.4165,-21.6651,-24.3748,
6.70908,2.74725,11.4136,-21.6642,-24.3745,
6.77651,2.74551,11.3481,-21.6496,-24.3686,
6.77725,2.74545,11.3474,-21.6494,-24.3685,
6.81729,2.74035,11.3076,-21.6465,-24.3649,
6.8578,2.7355,11.2681,-21.6408,-24.3578,
6.91292,2.72592,11.2144,-21.6363,-24.3464,
6.91487,2.72553,11.2125,-21.6362,-24.346,
6.98545,2.71139,11.1437,-21.6358,-24.3301,
7.02326,2.70065,11.107,-21.6364,-24.3211,
7.19902,2.65377,10.9435,-21.6193,-24.2588,
7.25297,2.6424,10.8949,-21.6134,-24.2363,
7.25298,2.6424,10.8948,-21.6134,-24.2363,
7.2539,2.64211,10.894,-21.6134,-24.236,
7.29743,2.62855,10.8536,-21.6119,-24.2199,
7.33719,2.6158,10.8168,-21.6122,-24.2047,
7.45621,2.583,10.7066,-21.6078,-24.16,
7.51589,2.56852,10.6532,-21.6049,-24.1335,
7.57216,2.55603,10.6035,-21.6035,-24.1071,
7.59156,2.55185,10.5864,-21.602,-24.0982,
7.61295,2.54672,10.5676,-21.6007,-24.088,
7.62646,2.54352,10.5559,-21.6001,-24.0814,
7.675,2.53157,10.5133,-21.5982,-24.0581,
7.68703,2.52856,10.5025,-21.5982,-24.0529,
7.79906,2.50655,10.4037,-21.5968,-24,
7.83048,2.50216,10.3767,-21.5957,-23.984,
7.88553,2.4956,10.3292,-21.5968,-23.9561,
7.95825,2.48739,10.2675,-21.5942,-23.9177,
8.0079,2.48106,10.2244,-21.5934,-23.8932,
8.08787,2.47036,10.1553,-21.5908,-23.8529,
8.08917,2.4702,10.1542,-21.5909,-23.8523,
8.15275,2.45949,10.1003,-21.5916,-23.8186,
8.24231,2.44524,10.024,-21.5945,-23.7718,
8.32798,2.43686,9.95008,-21.5935,-23.7285,
8.38529,2.43368,9.8995,-21.5925,-23.7015,
8.38595,2.43364,9.89893,-21.5924,-23.7012,
8.39245,2.43325,9.89324,-21.5927,-23.6981,
8.42304,2.4291,9.86763,-21.5918,-23.6814,
8.51454,2.41668,9.78889,-21.5944,-23.6348,
8.51567,2.4165,9.78792,-21.5946,-23.6343,
8.63598,2.3944,9.68553,-21.5976,-23.5712,
8.69608,2.38447,9.63477,-21.5994,-23.5391,
8.76555,2.37139,9.57361,-21.5999,-23.5061,
8.76562,2.37137,9.57354,-21.5999,-23.5061,
8.78531,2.36824,9.55584,-21.6001,-23.4975,
8.86219,2.35033,9.48958,-21.6006,-23.4585,
8.87951,2.34632,9.47461,-21.6004,-23.4498,
8.91152,2.33851,9.44734,-21.6004,-23.433,
8.96795,2.32579,9.39899,-21.5987,-23.404,
9.01539,2.31407,9.3578,-21.5947,-23.3808,
9.07314,2.29913,9.30691,-21.5876,-23.3544,
9.1403,2.28127,9.24971,-21.5797,-23.3201,
9.14653,2.27946,9.24423,-21.5792,-23.3172,
9.20532,2.25742,9.19266,-21.5733,-23.2896,
9.35817,2.2123,9.05852,-21.5553,-23.2186,
9.35829,2.21227,9.05842,-21.5553,-23.2185,
9.37278,2.20886,9.04593,-21.5525,-23.2117,
9.40061,2.20203,9.022,-21.548,-23.1982,
9.44438,2.18893,8.98398,-21.5425,-23.1772,
9.44439,2.18893,8.98398,-21.5425,-23.1772,
9.44659,2.18821,8.982,-21.5424,-23.1763,
9.47476,2.17825,8.95741,-21.5392,-23.1629,
9.69599,2.13402,8.76076,-21.5177,-23.0639,
9.7049,2.1327,8.75304,-21.5175,-23.0594,
9.71916,2.13029,8.74064,-21.5168,-23.0524,
9.74607,2.1246,8.71761,-21.5134,-23.0389,
9.78668,2.11604,8.68156,-21.5104,-23.0205,
9.8194,2.10729,8.65323,-21.5057,-23.0048,
9.87331,2.09391,8.60669,-21.496,-22.9794,
9.93684,2.08154,8.55157,-21.483,-22.9506,
9.99623,2.07271,8.50074,-21.4676,-22.924,
9.99628,2.0727,8.5007,-21.4676,-22.9239,
10.0074,2.07123,8.49066,-21.4661,-22.9193,
10.0506,2.06452,8.45245,-21.4578,-22.9012,
10.1166,2.0493,8.39471,-21.4473,-22.8709,
10.144,2.03866,8.37396,-21.4378,-22.8557,
10.2488,2.01092,8.28747,-21.4087,-22.8042,
10.3303,1.99217,8.22637,-21.3748,-22.7621,
10.3953,1.97968,8.17583,-21.3468,-22.7324,
10.4063,1.9777,8.16728,-21.3418,-22.7276,
10.4969,1.96372,8.09658,-21.3035,-22.6858,
10.5057,1.96285,8.08956,-21.3002,-22.6818,
10.5145,1.96252,8.0819,-21.2979,-22.6781,
10.5868,1.95827,8.02244,-21.2761,-22.6433,
10.6187,1.95378,7.99883,-21.2634,-22.6259,
10.6731,1.95035,7.95576,-21.2439,-22.599,
10.6929,1.94828,7.94018,-21.2361,-22.5897,
10.7475,1.94557,7.89727,-21.2134,-22.5647,
10.7546,1.94527,7.89158,-21.2104,-22.5615,
10.8287,1.94926,7.82838,-21.188,-22.53,
10.8514,1.95075,7.80944,-21.1818,-22.5192,
10.8964,1.9525,7.77384,-21.1671,-22.4959,
10.8964,1.9525,7.77382,-21.1671,-22.4959,
10.902,1.95279,7.76935,-21.1651,-22.4931,
10.9495,1.95529,7.73191,-21.1494,-22.4687,
10.9502,1.95532,7.73131,-21.1491,-22.4683,
11.012,1.95691,7.68367,-21.1241,-22.4378,
11.109,1.96982,7.60743,-21.0844,-22.3931,
11.1514,1.97837,7.57475,-21.0652,-22.3739,
11.1544,1.97891,7.57248,-21.0639,-22.3725,
11.1634,1.98018,7.5657,-21.0597,-22.3683,
11.2136,1.98646,7.52823,-21.0347,-22.346,
11.2213,1.98735,7.52231,-21.0313,-22.3426,
11.2299,1.98796,7.51572,-21.0272,-22.3388,
11.2965,1.99332,7.46671,-20.9952,-22.3072,
11.3521,2.00061,7.42615,-20.9696,-22.279,
11.4011,2.0083,7.39325,-20.9437,-22.2534,
11.4301,2.01431,7.37094,-20.9303,-22.2407,
11.4434,2.01617,7.36175,-20.923,-22.2344,
11.4438,2.01622,7.36151,-20.9228,-22.2343,
11.4744,2.02082,7.34144,-20.9047,-22.22,
11.5516,2.03582,7.28595,-20.864,-22.1848,
11.5533,2.03611,7.28476,-20.8632,-22.184,
11.6285,2.05127,7.22632,-20.8312,-22.1491,
11.6332,2.05219,7.2228,-20.829,-22.147,
11.6339,2.05229,7.22228,-20.8287,-22.1466,
11.6734,2.05725,7.19724,-20.8086,-22.1236,
11.6754,2.05741,7.19614,-20.8074,-22.1224,
11.6812,2.05775,7.19247,-20.8042,-22.1193,
11.7144,2.05952,7.16966,-20.7878,-22.1015,
11.7408,2.06104,7.15124,-20.7745,-22.0881,
11.7555,2.06137,7.14171,-20.7668,-22.08,
11.7625,2.06147,7.13701,-20.7633,-22.076,
11.8197,2.06066,7.09515,-20.741,-22.0442,
11.877,2.06214,7.05378,-20.7197,-22.0107,
11.9203,2.06035,7.02791,-20.7018,-21.981,
11.9204,2.06035,7.02781,-20.7017,-21.9809,
11.9266,2.06009,7.02368,-20.6997,-21.9767,
11.9785,2.05812,6.9866,-20.6833,-21.9443,
12.0036,2.05558,6.9735,-20.6728,-21.9258,
12.0173,2.0534,6.96531,-20.6669,-21.9165,
12.0709,2.04293,6.93479,-20.6453,-21.8781,
12.0867,2.03944,6.92461,-20.6405,-21.867,
12.1307,2.03092,6.88956,-20.6322,-21.8418,
12.1737,2.02081,6.85908,-20.6227,-21.8129,
12.2651,2.00465,6.79645,-20.604,-21.749,
12.3063,2.00066,6.76808,-20.5969,-21.7201,
12.3063,2.00066,6.76808,-20.5969,-21.7201,
12.3068,2.00062,6.76772,-20.5968,-21.7197,
12.3441,1.99607,6.74248,-20.5921,-21.6926,
12.3717,1.9919,6.72493,-20.5875,-21.6718,
12.3743,1.99142,6.72334,-20.5871,-21.6698,
12.4085,1.98209,6.70169,-20.5805,-21.6442,
12.4489,1.97078,6.67693,-20.5707,-21.6138,
12.5244,1.95158,6.63389,-20.5531,-21.5543,
12.5348,1.94904,6.62744,-20.5512,-21.5463,
12.5425,1.94702,6.62279,-20.5499,-21.5403,
12.6329,1.92884,6.57052,-20.5332,-21.4685,
12.6786,1.92315,6.54414,-20.5268,-21.4317,
12.6879,1.92205,6.53864,-20.5255,-21.4244,
12.7081,1.92002,6.52552,-20.5246,-21.409,
12.7269,1.91646,6.5133,-20.5231,-21.3948,
12.7425,1.91282,6.50389,-20.5216,-21.3825,
12.8857,1.88972,6.42189,-20.5004,-21.2671,
12.9535,1.88733,6.3799,-20.4996,-21.2138,
12.9906,1.88748,6.35773,-20.5,-21.1841,
13.0004,1.88704,6.35134,-20.5002,-21.1766,
13.0301,1.88472,6.33321,-20.5003,-21.1531,
13.0646,1.88195,6.31321,-20.4969,-21.1252,
13.1323,1.87702,6.27107,-20.4964,-21.0722,
13.1826,1.87764,6.24024,-20.4967,-21.0325,
13.2544,1.88333,6.19923,-20.4956,-20.9735,
13.2979,1.88988,6.17507,-20.495,-20.9374,
13.3223,1.89398,6.16193,-20.4951,-20.9167,
13.3275,1.89489,6.159,-20.4952,-20.9124,
13.3524,1.89923,6.14463,-20.4958,-20.8922,
13.3672,1.90081,6.1353,-20.496,-20.8807,
13.3675,1.90083,6.13514,-20.496,-20.8805,
13.4253,1.90366,6.10242,-20.4927,-20.8329,
13.432,1.9041,6.09878,-20.4923,-20.8273,
13.4544,1.90578,6.08769,-20.4905,-20.808,
13.479,1.90762,6.07523,-20.4889,-20.7868,
13.5596,1.91845,6.03605,-20.4859,-20.7164,
13.5652,1.9195,6.03317,-20.4856,-20.7116,
13.6166,1.92748,6.00837,-20.4838,-20.6666,
13.6496,1.93167,5.99083,-20.4818,-20.6388,
13.6497,1.93168,5.99075,-20.4818,-20.6386,
13.6763,1.9348,5.97739,-20.48,-20.6157,
13.6855,1.93535,5.97274,-20.4795,-20.6078,
13.7619,1.94135,5.93613,-20.476,-20.5408,
13.7638,1.94145,5.93519,-20.476,-20.5392,
13.8572,1.94913,5.89246,-20.4741,-20.4561,
13.8903,1.95445,5.87658,-20.4732,-20.4271,
13.892,1.95478,5.87584,-20.4729,-20.4257,
13.9067,1.95673,5.86907,-20.4717,-20.4127,
13.9407,1.96068,5.85265,-20.4703,-20.3829,
13.9575,1.96307,5.84428,-20.4698,-20.3683,
13.9587,1.96326,5.84368,-20.4697,-20.3673,
13.9653,1.96389,5.84059,-20.4694,-20.3615,
13.975,1.96466,5.83586,-20.469,-20.353,
13.9865,1.96475,5.82979,-20.4687,-20.3432,
14.0238,1.96411,5.81148,-20.4672,-20.3108,
14.0247,1.96408,5.81101,-20.4672,-20.3101,
14.0796,1.96359,5.78319,-20.4634,-20.2629,
14.1446,1.95821,5.75141,-20.4637,-20.2062,
14.1446,1.95821,5.7514,-20.4637,-20.2061,
14.1467,1.95805,5.75033,-20.4636,-20.2044,
14.1894,1.95385,5.72974,-20.4612,-20.167,
14.1895,1.95384,5.7297,-20.4612,-20.1669,
14.2001,1.95305,5.72447,-20.4603,-20.1577,
14.2436,1.95085,5.70242,-20.4569,-20.1204,
14.2455,1.95078,5.70149,-20.4568,-20.1188,
14.2681,1.94949,5.69007,-20.4555,-20.0993,
14.3099,1.94702,5.66883,-20.4538,-20.0633,
14.3299,1.9464,5.65855,-20.4526,-20.0462,
14.3794,1.94063,5.63263,-20.4491,-20.0042,
14.3955,1.93788,5.62332,-20.4484,-19.9911,
14.4566,1.92626,5.58905,-20.4471,-19.9406,
14.5363,1.9158,5.54568,-20.4465,-19.8737,
14.5722,1.91461,5.52716,-20.4458,-19.8429,
14.6191,1.91278,5.50246,-20.4447,-19.803,
14.6311,1.91199,5.49648,-20.444,-19.7927,
14.6331,1.91174,5.49543,-20.4439,-19.791,
14.659,1.90746,5.48158,-20.4435,-19.7691,
14.6667,1.90603,5.47747,-20.4432,-19.7625,
14.763,1.89312,5.42689,-20.4416,-19.6807,
14.8139,1.8913,5.40321,-20.4385,-19.6357,
14.855,1.88924,5.38299,-20.4366,-19.6,
14.8664,1.88865,5.37733,-20.4357,-19.5901,
14.8996,1.88521,5.3623,-20.4341,-19.5606,
14.9437,1.88034,5.34107,-20.432,-19.5219,
14.9899,1.87668,5.31959,-20.4312,-19.4811,
15.0441,1.87502,5.29378,-20.4287,-19.4335,
15.0853,1.87444,5.2753,-20.425,-19.3969,
15.1354,1.87337,5.25155,-20.4212,-19.3529,
15.1549,1.87309,5.24311,-20.4199,-19.3353,
15.1764,1.87273,5.23401,-20.4189,-19.3159,
15.1764,1.87272,5.23399,-20.4189,-19.3159,
15.1841,1.87254,5.23104,-20.4186,-19.3088,
15.2317,1.87108,5.20833,-20.4172,-19.267,
15.2652,1.8698,5.18984,-20.4155,-19.2391,
15.3221,1.86968,5.1574,-20.4117,-19.1926,
15.3584,1.86926,5.13805,-20.4089,-19.1619,
15.4001,1.86955,5.11872,-20.4065,-19.125,
15.4015,1.86953,5.11804,-20.4065,-19.1238,
15.4398,1.86825,5.0996,-20.4044,-19.0903,
15.4663,1.8674,5.0865,-20.4037,-19.0673,
15.4682,1.86736,5.08556,-20.4036,-19.0657,
15.5153,1.86689,5.06284,-20.4008,-19.0245,
15.5698,1.86856,5.03715,-20.3954,-18.9768,
15.5782,1.86894,5.03296,-20.3944,-18.9696,
15.6321,1.87194,5.00501,-20.39,-18.9237,
15.6486,1.87289,4.99632,-20.3886,-18.9098,
15.7077,1.87352,4.96245,-20.3861,-18.8613,
15.7142,1.87364,4.95957,-20.3855,-18.8556,
15.7187,1.87364,4.95749,-20.385,-18.8516,
15.771,1.87423,4.93309,-20.3812,-18.8055,
15.8263,1.87719,4.90778,-20.3755,-18.7566,
15.8416,1.87789,4.89914,-20.3744,-18.7441,
15.8852,1.88036,4.87586,-20.3701,-18.7075,
15.8933,1.88089,4.87302,-20.3689,-18.7,
15.9424,1.88178,4.85219,-20.3645,-18.6557,
15.9463,1.88173,4.85027,-20.3641,-18.6523,
15.9604,1.88166,4.84365,-20.363,-18.6399,
15.9939,1.88172,4.82796,-20.36,-18.6105,
16.0071,1.88214,4.82177,-20.3586,-18.5989,
16.0332,1.88109,4.80935,-20.3546,-18.5763,
16.1074,1.88221,4.77126,-20.3465,-18.5132,
16.1105,1.88235,4.76967,-20.3462,-18.5105,
16.1176,1.8827,4.76569,-20.3458,-18.5046,
16.1595,1.88411,4.74453,-20.3438,-18.4685,
16.1627,1.88419,4.74289,-20.3436,-18.4658,
16.1831,1.88481,4.73154,-20.3421,-18.4489,
16.1956,1.88513,4.72465,-20.3415,-18.4385,
16.2562,1.88518,4.69193,-20.3359,-18.3877,
16.2584,1.88517,4.69082,-20.3356,-18.386,
16.2647,1.8851,4.68816,-20.3346,-18.3803,
16.3717,1.88112,4.63605,-20.3216,-18.2877,
16.3822,1.881,4.63113,-20.3208,-18.2785,
16.4599,1.88096,4.59625,-20.3118,-18.2097,
16.4642,1.88104,4.5943,-20.3111,-18.2059,
16.4906,1.88051,4.58258,-20.308,-18.1824,
16.5332,1.87907,4.56283,-20.3015,-18.1452,
16.6087,1.87706,4.5268,-20.2911,-18.0797,
16.6459,1.87584,4.5078,-20.2865,-18.0481,
16.6845,1.8755,4.48813,-20.2828,-18.015,
16.7295,1.87433,4.46631,-20.2761,-17.9763,
16.7345,1.87432,4.46391,-20.2755,-17.9719,
16.7579,1.87358,4.45315,-20.2713,-17.9516,
16.7952,1.86972,4.43528,-20.2642,-17.9196,
16.9116,1.85536,4.371,-20.2534,-17.8232,
16.972,1.85613,4.33773,-20.2495,-17.7729,
16.9962,1.85664,4.32347,-20.248,-17.7534,
17.0164,1.85704,4.31214,-20.2469,-17.7368,
17.0296,1.85705,4.30463,-20.2457,-17.726,
17.0483,1.85471,4.29446,-20.2435,-17.7104,
17.0486,1.85467,4.29434,-20.2435,-17.7102,
17.1935,1.8434,4.21333,-20.2296,-17.5908,
17.2319,1.84544,4.19121,-20.2254,-17.5597,
17.2617,1.84603,4.17257,-20.2236,-17.5366,
17.267,1.84597,4.16927,-20.223,-17.5325,
17.3018,1.84361,4.14923,-20.2197,-17.5041,
17.3022,1.84358,4.14899,-20.2197,-17.5038,
17.4028,1.83993,4.08973,-20.211,-17.423,
17.4599,1.84356,4.05488,-20.2049,-17.3783,
17.4744,1.84387,4.04576,-20.2025,-17.3672,
17.4807,1.84403,4.0419,-20.2015,-17.3622,
17.5117,1.84482,4.02459,-20.1948,-17.3375,
17.522,1.84493,4.01832,-20.1928,-17.3295,
17.5279,1.8448,4.01482,-20.1917,-17.3249,
17.5437,1.84421,4.0052,-20.1895,-17.3126,
17.6346,1.84633,3.95095,-20.179,-17.2405,
17.6831,1.85013,3.92294,-20.1704,-17.2018,
17.6831,1.85014,3.92291,-20.1704,-17.2017,
17.6859,1.85021,3.92108,-20.1701,-17.1997,
17.7319,1.85002,3.8877,-20.1673,-17.1682,
17.733,1.85004,3.88698,-20.1672,-17.1674,
17.7757,1.85004,3.85912,-20.1597,-17.1359,
17.7775,1.85005,3.85798,-20.1593,-17.1346,
17.8305,1.85267,3.82437,-20.1507,-17.0945,
17.8396,1.85325,3.81935,-20.1487,-17.0872,
17.8835,1.85514,3.79358,-20.1397,-17.0527,
17.8925,1.85563,3.78802,-20.1378,-17.0459,
17.9034,1.85541,3.78091,-20.1356,-17.038,
17.9296,1.85487,3.76251,-20.132,-17.0197,
17.9425,1.85489,3.75317,-20.1308,-17.0108,
17.9441,1.8548,3.75198,-20.1306,-17.0098,
17.9447,1.85477,3.7516,-20.1305,-17.0093,
17.9839,1.85264,3.72679,-20.1198,-16.9809,
17.9842,1.85262,3.72663,-20.1197,-16.9807,
18.0344,1.84666,3.69792,-20.1002,-16.9445,
18.0363,1.84611,3.69658,-20.0996,-16.9433,
18.0472,1.84213,3.68912,-20.0952,-16.9366,
18.074,1.83002,3.67003,-20.084,-16.9216,
18.0906,1.82234,3.65684,-20.0792,-16.9126,
18.1452,1.79442,3.61193,-20.0626,-16.8863,
18.1744,1.77891,3.58748,-20.0528,-16.8738,
18.1865,1.77225,3.57751,-20.0485,-16.8684,
18.2047,1.76185,3.56223,-20.0419,-16.8611,
18.2157,1.75545,3.55305,-20.0376,-16.8568,
18.222,1.75171,3.54757,-20.0356,-16.8544,
18.2393,1.74145,3.53269,-20.0297,-16.8479,
18.2555,1.7319,3.51878,-20.0245,-16.8414,
18.2853,1.71397,3.49323,-20.0143,-16.83,
18.3068,1.7016,3.47495,-20.0071,-16.8213,
18.3342,1.68604,3.45139,-19.998,-16.8106,
18.3688,1.66767,3.42227,-19.9851,-16.7973,
18.4085,1.64642,3.38995,-19.9683,-16.7813,
18.4261,1.638,3.37633,-19.96,-16.7739,
18.4793,1.61299,3.33373,-19.9372,-16.7515,
18.4856,1.61035,3.3294,-19.9336,-16.7489,
18.5135,1.59863,3.30872,-19.919,-16.737,
18.5234,1.59421,3.30133,-19.914,-16.7329,
18.5673,1.5739,3.26675,-19.8931,-16.7157,
18.623,1.55247,3.22047,-19.8711,-16.694,
18.6366,1.54775,3.21014,-19.8642,-16.6882,
18.6367,1.54774,3.21012,-19.8642,-16.6882,
18.6396,1.54666,3.20771,-19.863,-16.687,
18.6734,1.53474,3.18015,-19.8487,-16.6736,
18.6775,1.53337,3.17714,-19.8465,-16.6719,
18.7387,1.51454,3.12821,-19.8199,-16.6466,
18.7398,1.51424,3.12728,-19.8195,-16.6462,
18.7402,1.51414,3.127,-19.8193,-16.646,
18.7795,1.50293,3.0948,-19.8033,-16.63,
18.7869,1.50093,3.08887,-19.8003,-16.6269,
18.8318,1.489,3.05089,-19.7842,-16.6091,
18.8711,1.48114,3.01883,-19.7674,-16.5937,
18.874,1.48059,3.01634,-19.7665,-16.5926,
18.9231,1.47299,2.97657,-19.7462,-16.572,
18.9812,1.46668,2.93014,-19.7222,-16.5468,
19.0206,1.46553,2.89818,-19.7071,-16.5293,
19.0207,1.46553,2.89816,-19.7071,-16.5292,
19.0221,1.46553,2.89698,-19.7066,-16.5286,
19.0422,1.46529,2.88024,-19.7,-16.5196,
19.0447,1.46532,2.87819,-19.6991,-16.5185,
19.0558,1.46554,2.86938,-19.6948,-16.5134,
19.0837,1.46656,2.84697,-19.6838,-16.5009,
19.0839,1.46658,2.84677,-19.6837,-16.5008,
19.0926,1.46713,2.83977,-19.6802,-16.497,
19.099,1.46765,2.83484,-19.6773,-16.4943,
19.1349,1.47091,2.80731,-19.6602,-16.4787,
19.1824,1.47797,2.77052,-19.6372,-16.4595,
19.186,1.47861,2.76765,-19.6355,-16.4579,
19.1957,1.48034,2.7602,-19.631,-16.4538,
19.2132,1.4835,2.74677,-19.6224,-16.4464,
19.2157,1.48397,2.7449,-19.6213,-16.4454,
19.2531,1.49037,2.71798,-19.602,-16.428,
19.2703,1.49412,2.70578,-19.5932,-16.4196,
19.361,1.52077,2.63814,-19.5508,-16.3765,
19.378,1.52762,2.62533,-19.5429,-16.3687,
19.4089,1.54097,2.60217,-19.5277,-16.355,
19.4151,1.54361,2.59743,-19.525,-16.3521,
19.4255,1.54811,2.58926,-19.5204,-16.3474,
19.4369,1.55287,2.5804,-19.5153,-16.3424,
19.4406,1.55437,2.57755,-19.5137,-16.3407,
19.4573,1.56121,2.56509,-19.5057,-16.3331,
19.4577,1.5614,2.56475,-19.5054,-16.3329,
19.4728,1.56754,2.55251,-19.4998,-16.326,
19.4785,1.56983,2.54818,-19.4973,-16.3235,
19.4825,1.57133,2.54501,-19.4957,-16.3217,
19.5278,1.58955,2.5101,-19.4757,-16.3008,
19.546,1.59769,2.49572,-19.4678,-16.2928,
19.5572,1.60271,2.48728,-19.4624,-16.2878,
19.5975,1.62246,2.45664,-19.4441,-16.2692,
19.6219,1.63514,2.43914,-19.4319,-16.2574,
19.63,1.63925,2.43264,-19.4289,-16.2535,
19.6402,1.64387,2.42462,-19.4253,-16.2483,
19.6668,1.65606,2.40534,-19.4136,-16.2343,
19.7061,1.6752,2.37606,-19.3981,-16.2131,
19.7262,1.68464,2.36133,-19.39,-16.2021,
19.7272,1.68511,2.36051,-19.3896,-16.2016,
19.7461,1.69329,2.34538,-19.3841,-16.1917,
19.7685,1.70307,2.3267,-19.3786,-16.1807,
19.7891,1.71166,2.31057,-19.3725,-16.1695,
19.7926,1.71308,2.3077,-19.3716,-16.1677,
19.8232,1.72619,2.28262,-19.3633,-16.1521,
19.8306,1.72943,2.27658,-19.3613,-16.1484,
19.8685,1.74588,2.24758,-19.3489,-16.1273,
19.8814,1.75161,2.23741,-19.3449,-16.1205,
19.9318,1.77392,2.198,-19.3305,-16.0926,
19.9511,1.78382,2.18355,-19.3237,-16.0817,
19.9601,1.78838,2.17639,-19.3212,-16.0769,
19.9602,1.78839,2.17637,-19.3211,-16.0768,
19.9635,1.79009,2.17377,-19.3202,-16.075,
19.9635,1.79011,2.17374,-19.3202,-16.075,
19.9723,1.79438,2.16687,-19.3179,-16.0701,
19.9821,1.7992,2.15947,-19.3146,-16.0645,
20.001,1.80892,2.14536,-19.3079,-16.0539,
20.0223,1.81986,2.12846,-19.3019,-16.0423,
20.0271,1.82215,2.12462,-19.3009,-16.0397,
20.0285,1.82285,2.12353,-19.3004,-16.0389,
20.0589,1.83794,2.10062,-19.29,-16.0219,
20.0805,1.84803,2.08386,-19.2843,-16.0096,
20.1217,1.86857,2.05099,-19.2742,-15.9869,
20.1252,1.87035,2.04818,-19.2731,-15.985,
20.1635,1.88845,2.01839,-19.2627,-15.9633,
20.1845,1.89715,2.00212,-19.2584,-15.9508,
20.1845,1.89715,2.00211,-19.2584,-15.9508,
20.1871,1.89817,2.00021,-19.2577,-15.9492,
20.1872,1.89822,2.00012,-19.2577,-15.9491,
20.1947,1.9011,1.9946,-19.2557,-15.9445,
20.2527,1.92517,1.95169,-19.2417,-15.9081,
20.2561,1.9265,1.949,-19.2411,-15.906,
20.2571,1.92687,1.94819,-19.2409,-15.9054,
20.3031,1.94346,1.91307,-19.233,-15.8768,
20.3095,1.94579,1.90799,-19.2324,-15.8729,
20.3208,1.94925,1.89902,-19.2312,-15.8663,
20.3425,1.95619,1.88183,-19.229,-15.8532,
20.3727,1.96547,1.85863,-19.2259,-15.834,
20.3828,1.96825,1.85113,-19.2242,-15.8276,
20.4015,1.97319,1.8375,-19.221,-15.8152,
20.4335,1.98195,1.81456,-19.2158,-15.7935,
20.4897,1.99882,1.77363,-19.2055,-15.7563,
20.4897,1.99883,1.77361,-19.2055,-15.7563,
20.4958,2.00066,1.76952,-19.2042,-15.752,
20.496,2.00072,1.76937,-19.2041,-15.7519,
20.5018,2.00236,1.76546,-19.2028,-15.7479,
20.5018,2.00236,1.76545,-19.2028,-15.7478,
20.5029,2.00264,1.76472,-19.2025,-15.7471,
20.5333,2.00939,1.74533,-19.1944,-15.7252,
20.582,2.02116,1.71152,-19.1852,-15.6913,
20.5844,2.02174,1.70987,-19.1848,-15.6896,
20.6032,2.02657,1.69599,-19.1825,-15.6771,
20.6221,2.03145,1.68252,-19.1796,-15.6642,
20.65,2.0394,1.66198,-19.1755,-15.6457,
20.6526,2.0402,1.66011,-19.175,-15.644,
20.6781,2.0481,1.64167,-19.1706,-15.627,
20.6799,2.04872,1.64025,-19.1703,-15.6258,
20.6885,2.05089,1.63403,-19.1691,-15.62,
20.6906,2.05132,1.63253,-19.1689,-15.6186,
20.7391,2.05839,1.59693,-19.1615,-15.5865,
20.7463,2.05961,1.59157,-19.1605,-15.5819,
20.7586,2.06139,1.5822,-19.1586,-15.574,
20.7772,2.06409,1.56809,-19.156,-15.5621,
20.7866,2.06557,1.56094,-19.1549,-15.5561,
20.8094,2.06943,1.54317,-19.1526,-15.5422,
20.825,2.07153,1.53098,-19.1503,-15.5327,
20.8328,2.0724,1.52494,-19.1491,-15.5278,
20.8448,2.07359,1.51581,-19.1475,-15.5202,
20.8548,2.07339,1.5081,-19.1457,-15.5142,
20.8831,2.07265,1.48642,-19.1409,-15.4967,
20.8832,2.07264,1.48635,-19.1409,-15.4966,
20.9079,2.07064,1.46807,-19.135,-15.481,
20.9215,2.06831,1.45747,-19.132,-15.473,
20.9765,2.0595,1.41547,-19.1178,-15.4404,
21.0152,2.05288,1.38623,-19.1059,-15.418,
21.0441,2.04575,1.36315,-19.0972,-15.403,
21.0537,2.04315,1.35597,-19.0938,-15.3977,
21.0544,2.04291,1.35544,-19.0935,-15.3973,
21.0874,2.03009,1.33066,-19.0822,-15.3786,
21.1229,2.01671,1.30264,-19.071,-15.3601,
21.2364,1.97401,1.22677,-19.0233,-15.2903,
21.2522,1.96803,1.21598,-19.0167,-15.2809,
21.3022,1.94962,1.18094,-18.995,-15.2526,
21.3023,1.94955,1.18082,-18.9949,-15.2525,
21.366,1.92381,1.13886,-18.9683,-15.2127,
21.476,1.89101,1.06885,-18.9232,-15.1408,
21.476,1.89101,1.06885,-18.9232,-15.1408,
21.4763,1.89094,1.06868,-18.9231,-15.1406,
21.5052,1.88348,1.0505,-18.9098,-15.1224,
21.512,1.88169,1.046,-18.9068,-15.1184,
21.5689,1.86772,1.0072,-18.8826,-15.0845,
21.5791,1.8651,1.00007,-18.878,-15.0788,
21.5966,1.8607,0.987458,-18.8709,-15.069,
21.6516,1.84663,0.948334,-18.8496,-15.0368,
21.7548,1.83475,0.875094,-18.8118,-14.9747,
21.8004,1.83291,0.842281,-18.7955,-14.9475,
21.8074,1.83296,0.837394,-18.7931,-14.9431,
21.8275,1.8327,0.82332,-18.7856,-14.9308,
21.8451,1.83235,0.811477,-18.7789,-14.9197,
21.8632,1.83259,0.800025,-18.7716,-14.9077,
21.867,1.83258,0.797651,-18.7702,-14.9052,
21.886,1.83248,0.784805,-18.7631,-14.893,
21.9107,1.83218,0.768094,-18.7537,-14.8775,
21.9374,1.83177,0.751473,-18.7434,-14.8593,
21.9475,1.83152,0.745337,-18.7395,-14.8523,
22.0045,1.83012,0.707103,-18.7191,-14.8152,
22.0263,1.83294,0.692443,-18.7108,-14.8015,
22.1476,1.84922,0.605975,-18.6676,-14.7282,
22.1941,1.8618,0.574965,-18.6508,-14.6978,
22.2117,1.86666,0.560652,-18.6461,-14.6887,
22.2506,1.87361,0.539537,-18.6306,-14.66,
22.2697,1.87694,0.52803,-18.6229,-14.6469,
22.2755,1.87783,0.524282,-18.6205,-14.6431,
22.4347,1.91755,0.414261,-18.5647,-14.5425,
22.4687,1.93065,0.389855,-18.5541,-14.5212,
22.4701,1.93119,0.388808,-18.5537,-14.5205,
22.4922,1.93956,0.37245,-18.5477,-14.5068,
22.5288,1.95296,0.345461,-18.539,-14.4838,
22.5387,1.95645,0.338054,-18.5363,-14.4777,
22.5559,1.96245,0.32522,-18.5323,-14.467,
22.5866,1.97362,0.304294,-18.5237,-14.4462,
22.6023,1.97937,0.293351,-18.5199,-14.4356,
22.6495,1.99394,0.262659,-18.5041,-14.4034,
22.7097,2.00924,0.2239,-18.486,-14.3611,
22.7115,2.00968,0.22277,-18.4855,-14.3599,
22.7389,2.01623,0.205292,-18.4785,-14.3398,
22.7671,2.02331,0.186502,-18.4725,-14.3198,
22.7943,2.03006,0.167998,-18.4669,-14.3006,
22.7945,2.03009,0.167858,-18.4669,-14.3005,
22.8074,2.0322,0.159215,-18.4651,-14.291,
22.8467,2.03848,0.133989,-18.4602,-14.2614,
22.9075,2.05059,0.0993439,-18.4514,-14.2121,
22.909,2.05091,0.0984817,-18.4512,-14.2109,
22.9314,2.0549,0.0856377,-18.4493,-14.1927,
22.9758,2.06312,0.061466,-18.4434,-14.156,
22.9801,2.06384,0.0597433,-18.4423,-14.1521,
22.9823,2.06408,0.0586068,-18.4419,-14.1503,
23.0325,2.06801,0.02951,-18.4364,-14.1098,
23.0486,2.0692,0.0199672,-18.4342,-14.0969,
23.0701,2.07084,0.00817284,-18.4313,-14.0793,
23.0973,2.07309,-0.00586282,-18.4277,-14.0562,
23.1388,2.07672,-0.0266384,-18.4234,-14.0205,
23.1793,2.0813,-0.046141,-18.4199,-13.9852,
23.2203,2.08684,-0.0657467,-18.4176,-13.9492,
23.2354,2.08891,-0.0729856,-18.4172,-13.936,
23.2584,2.09113,-0.0854214,-18.4164,-13.9168,
23.2673,2.09162,-0.091057,-18.4168,-13.9098,
23.3082,2.0928,-0.116347,-18.4201,-13.8778,
23.3586,2.09452,-0.139173,-18.4195,-13.833,
23.3828,2.09505,-0.150545,-18.4185,-13.8116,
23.4291,2.09677,-0.171912,-18.4182,-13.7705,
23.4541,2.09882,-0.182731,-18.4176,-13.7479,
23.4542,2.09883,-0.18275,-18.4176,-13.7479,
23.4624,2.09912,-0.186296,-18.4177,-13.7405,
23.5338,2.10036,-0.216177,-18.4189,-13.6757,
23.6572,2.11488,-0.272402,-18.4257,-13.566,
23.6772,2.11868,-0.281674,-18.4261,-13.5483,
23.6893,2.12082,-0.285971,-18.4257,-13.5369,
23.7274,2.12705,-0.300711,-18.4263,-13.5019,
23.754,2.13135,-0.311349,-18.4259,-13.4775,
23.7703,2.13345,-0.318248,-18.4262,-13.4627,
23.8301,2.14099,-0.342469,-18.4298,-13.4081,
23.8408,2.1424,-0.3467,-18.4302,-13.3984,
23.8783,2.14854,-0.36133,-18.4331,-13.364,
23.9673,2.16616,-0.400129,-18.4387,-13.284,
23.9738,2.16749,-0.403019,-18.439,-13.2783,
24.0334,2.18414,-0.431418,-18.4449,-13.2261,
24.0933,2.19937,-0.454065,-18.4521,-13.1712,
24.0991,2.20081,-0.456422,-18.4527,-13.1659,
24.1709,2.21822,-0.479982,-18.459,-13.0983,
24.1805,2.22086,-0.483106,-18.4596,-13.0893,
24.2245,2.23389,-0.497758,-18.4619,-13.0479,
24.2357,2.23727,-0.501202,-18.4622,-13.0373,
24.2583,2.24497,-0.508636,-18.4633,-13.0159,
24.2804,2.25274,-0.516398,-18.4643,-12.9953,
24.281,2.25296,-0.516635,-18.4643,-12.9947,
24.3305,2.26955,-0.539988,-18.4701,-12.9514,
24.3836,2.28791,-0.570684,-18.48,-12.9093,
24.405,2.29495,-0.579391,-18.4829,-12.8899,
24.4387,2.30616,-0.593694,-18.4878,-12.8598,
24.5328,2.34353,-0.634353,-18.5049,-12.7767,
24.5612,2.35578,-0.649836,-18.5102,-12.7534,
24.6101,2.37741,-0.673732,-18.517,-12.7114,
24.6176,2.38068,-0.677355,-18.5183,-12.7049,
24.6384,2.38968,-0.685217,-18.5212,-12.6859,
24.6385,2.38976,-0.685282,-18.5212,-12.6858,
24.6805,2.40783,-0.701556,-18.526,-12.6474,
24.7768,2.45306,-0.740613,-18.5411,-12.5607,
24.7769,2.45309,-0.74063,-18.5411,-12.5606,
24.7833,2.45624,-0.742657,-18.5422,-12.5546,
24.8007,2.46465,-0.748638,-18.5449,-12.5384,
24.8706,2.49853,-0.77096,-18.5574,-12.4734,
24.9118,2.52006,-0.784411,-18.5636,-12.4349,
24.935,2.53207,-0.791183,-18.5668,-12.413,
24.9351,2.5321,-0.791202,-18.5668,-12.4129,
24.939,2.53424,-0.792372,-18.5673,-12.4092,
24.9649,2.54537,-0.795569,-18.5696,-12.3836,
24.9706,2.54798,-0.797176,-18.5704,-12.3782,
25.0164,2.56919,-0.812824,-18.5794,-12.3361,
25.0312,2.57628,-0.818555,-18.5824,-12.3228,
25.0521,2.58606,-0.826971,-18.5863,-12.3041,
25.0694,2.59349,-0.834234,-18.5902,-12.2889,
25.1157,2.61277,-0.853059,-18.5989,-12.2475,
25.1235,2.61552,-0.856188,-18.6008,-12.2406,
25.2001,2.64529,-0.888851,-18.617,-12.1733,
25.211,2.64977,-0.893334,-18.6196,-12.1636,
25.2372,2.65929,-0.9041,-18.6267,-12.1409,
25.243,2.66128,-0.906512,-18.6281,-12.1358,
25.2668,2.66875,-0.915769,-18.6335,-12.1144,
25.2876,2.67441,-0.923338,-18.6388,-12.0959,
25.2993,2.67706,-0.927743,-18.6413,-12.0853,
25.3145,2.67994,-0.933324,-18.645,-12.0716,
25.3351,2.68371,-0.941619,-18.6497,-12.0534,
25.3508,2.68591,-0.948332,-18.6527,-12.0395,
25.4097,2.69216,-0.968594,-18.6623,-11.9851,
25.4279,2.69339,-0.975947,-18.6652,-11.9686,
25.4623,2.69413,-0.989783,-18.6691,-11.9374,
25.4627,2.69413,-0.989923,-18.6692,-11.9371,
25.4634,2.69397,-0.990117,-18.6692,-11.9364,
25.5081,2.69277,-1.00885,-18.6751,-11.8962,
25.5724,2.68843,-1.032,-18.6828,-11.8367,
25.5874,2.6862,-1.03626,-18.6844,-11.8225,
25.6412,2.67769,-1.05079,-18.6893,-11.7709,
25.6827,2.67112,-1.06263,-18.6939,-11.7314,
25.7174,2.66325,-1.07228,-18.6983,-11.6983,
25.7504,2.65569,-1.08297,-18.7024,-11.6674,
25.7903,2.64667,-1.09574,-18.7072,-11.6299,
25.7994,2.64415,-1.09869,-18.7084,-11.6213,
25.8425,2.6329,-1.11507,-18.7149,-11.582,
25.8425,2.6329,-1.11507,-18.7149,-11.582,
25.8431,2.63272,-1.11522,-18.715,-11.5814,
25.9015,2.61584,-1.14085,-18.7217,-11.5294,
25.9174,2.61115,-1.14785,-18.7241,-11.5154,
25.926,2.60859,-1.15164,-18.7254,-11.5077,
25.9289,2.60754,-1.15279,-18.7258,-11.5051,
25.9806,2.58773,-1.16907,-18.7335,-11.4566,
26.006,2.57839,-1.17923,-18.7366,-11.4336,
26.0406,2.56528,-1.19052,-18.7417,-11.4012,
26.0543,2.56012,-1.19488,-18.7438,-11.3884,
26.0817,2.54895,-1.20558,-18.7478,-11.3635,
26.1379,2.52393,-1.22238,-18.7547,-11.3104,
26.2334,2.48374,-1.25774,-18.766,-11.2224,
26.2423,2.47955,-1.2601,-18.7671,-11.2138,
26.3132,2.44745,-1.28601,-18.7738,-11.1482,
26.3185,2.44466,-1.28699,-18.7743,-11.143,
26.4045,2.40223,-1.31801,-18.7803,-11.063,
26.4179,2.39655,-1.32456,-18.781,-11.0513,
26.4764,2.36808,-1.34525,-18.7833,-10.9967,
26.5404,2.33617,-1.36601,-18.7866,-10.9362,
26.5929,2.31106,-1.38248,-18.7873,-10.8864,
26.5929,2.31105,-1.38249,-18.7873,-10.8864,
26.5986,2.30844,-1.38455,-18.7875,-10.881,
26.6844,2.27119,-1.41894,-18.7866,-10.8025,
26.7439,2.24549,-1.43998,-18.7867,-10.7468,
26.8447,2.20876,-1.47809,-18.789,-10.6536,
26.9199,2.18529,-1.50491,-18.7901,-10.5833,
26.9332,2.18085,-1.51112,-18.7893,-10.5715,
26.9715,2.1673,-1.52908,-18.7878,-10.5378,
27.0639,2.138,-1.56815,-18.7831,-10.4542,
27.15,2.12131,-1.60674,-18.7801,-10.3773,
27.1926,2.11352,-1.62106,-18.7801,-10.3371,
27.2218,2.10753,-1.63272,-18.7803,-10.3104,
27.2243,2.10689,-1.6338,-18.7802,-10.3081,
27.2775,2.09391,-1.65708,-18.7761,-10.2605,
27.2892,2.09091,-1.66216,-18.7748,-10.2499,
27.3934,2.07053,-1.69768,-18.769,-10.1522,
27.4826,2.06285,-1.73012,-18.7669,-10.0691,
27.5296,2.0616,-1.75186,-18.7634,-10.0276,
27.588,2.0606,-1.77257,-18.7593,-9.9732,
27.597,2.06024,-1.77548,-18.7592,-9.96464,
27.6754,2.05423,-1.79488,-18.755,-9.88881,
27.6765,2.05424,-1.79529,-18.755,-9.88776,
27.7688,2.05484,-1.82868,-18.7499,-9.80186,
27.8241,2.05966,-1.84521,-18.7462,-9.74922,
27.846,2.06166,-1.85148,-18.744,-9.72838,
27.8463,2.06168,-1.85157,-18.744,-9.72813,
27.8616,2.06249,-1.85916,-18.7417,-9.71495,
27.8936,2.0637,-1.87164,-18.7371,-9.68586,
27.9559,2.06867,-1.88935,-18.7321,-9.62633,
28.1341,2.10665,-1.93704,-18.7147,-9.45551,
28.1375,2.10765,-1.93791,-18.7143,-9.45232,
28.1899,2.12361,-1.9511,-18.7098,-9.40175,
28.219,2.13253,-1.95979,-18.7057,-9.37426,
28.2222,2.13341,-1.96093,-18.7053,-9.37136,
28.2697,2.14592,-1.97177,-18.7005,-9.32529,
28.3484,2.16628,-1.99608,-18.6886,-9.25144,
28.4057,2.18698,-2.0099,-18.6825,-9.19616,
28.4991,2.22048,-2.04434,-18.6655,-9.11102,
28.5803,2.25251,-2.06922,-18.6473,-9.03586,
28.6587,2.28794,-2.08245,-18.6329,-8.95997,
28.6718,2.29436,-2.08463,-18.6308,-8.94722,
28.7147,2.31652,-2.0929,-18.624,-8.90569,
28.7308,2.32495,-2.09529,-18.6218,-8.88988,
28.7364,2.32793,-2.09687,-18.6208,-8.88464,
28.7364,2.32793,-2.09687,-18.6208,-8.88463,
28.7385,2.32892,-2.09743,-18.6204,-8.8827,
28.82,2.36854,-2.12108,-18.6058,-8.80606,
28.8465,2.38248,-2.12458,-18.6013,-8.78015,
28.8675,2.39334,-2.12898,-18.597,-8.76004,
28.8676,2.3934,-2.129,-18.597,-8.75995,
28.8921,2.40657,-2.13427,-18.5923,-8.73656,
28.9146,2.41852,-2.13837,-18.5876,-8.71488,
28.9895,2.45755,-2.15574,-18.5708,-8.64406,
28.9905,2.45809,-2.15596,-18.5706,-8.64311,
29.0012,2.46328,-2.15855,-18.5674,-8.63315,
29.0659,2.49631,-2.17042,-18.551,-8.57179,
29.1145,2.52019,-2.17708,-18.5387,-8.5252,
29.1325,2.52941,-2.17831,-18.5349,-8.50761,
29.1686,2.54813,-2.18359,-18.5267,-8.47286,
29.2504,2.58807,-2.20583,-18.5032,-8.39774,
29.2505,2.58811,-2.20585,-18.5032,-8.39765,
29.2625,2.59422,-2.20851,-18.5003,-8.38633,
29.3074,2.6158,-2.21704,-18.4884,-8.34387,
29.3356,2.6286,-2.21884,-18.4817,-8.31652,
29.341,2.63072,-2.21995,-18.4802,-8.3115,
29.3752,2.64379,-2.22648,-18.4715,-8.2791,
29.4033,2.65432,-2.23476,-18.4627,-8.25367,
29.4039,2.65452,-2.23494,-18.4625,-8.25312,
29.4304,2.66235,-2.24133,-18.4545,-8.2287,
29.475,2.66045,-2.24983,-18.4418,-8.18683,
29.5088,2.65278,-2.25315,-18.4303,-8.15522,
29.5193,2.65048,-2.25482,-18.4272,-8.14525,
29.5258,2.64906,-2.25596,-18.4251,-8.13924,
29.5916,2.63537,-2.27177,-18.4062,-8.07818,
29.6552,2.62297,-2.28848,-18.3895,-8.01915,
29.7301,2.59857,-2.29898,-18.3638,-7.94966,
29.7631,2.58939,-2.30338,-18.3533,-7.91861,
29.794,2.58102,-2.30852,-18.3444,-7.88947,
29.7947,2.58089,-2.30863,-18.3442,-7.88889,
29.8459,2.56951,-2.31773,-18.3287,-7.84088,
29.846,2.56949,-2.31775,-18.3287,-7.84077,
29.8736,2.56449,-2.32281,-18.3201,-7.81503,
29.9339,2.55444,-2.33715,-18.3022,-7.75932,
29.9571,2.55072,-2.34491,-18.2976,-7.73792,
30.0217,2.53994,-2.36693,-18.2823,-7.67912,
30.0529,2.53256,-2.37058,-18.2715,-7.65009,
30.0606,2.5304,-2.37117,-18.2683,-7.6431,
30.2095,2.50054,-2.38572,-18.2142,-7.50516,
30.256,2.49515,-2.39378,-18.1987,-7.46205,
30.2703,2.49401,-2.39614,-18.1938,-7.44883,
30.2788,2.49366,-2.39819,-18.1912,-7.44098,
30.2998,2.4924,-2.40233,-18.1837,-7.42185,
30.2998,2.4924,-2.40234,-18.1837,-7.42182,
30.3038,2.49201,-2.40321,-18.1825,-7.41818,
30.3039,2.49199,-2.40326,-18.1824,-7.41803,
30.3471,2.48733,-2.41335,-18.1682,-7.37852,
30.3879,2.48223,-2.41484,-18.1513,-7.34145,
30.3891,2.48205,-2.41502,-18.1509,-7.34029,
30.4367,2.47401,-2.42248,-18.1343,-7.29638,
30.4368,2.47399,-2.42249,-18.1342,-7.29626,
30.4529,2.47114,-2.42476,-18.129,-7.2812,
30.6548,2.45281,-2.44173,-18.0496,-7.09631,
30.6768,2.45299,-2.4435,-18.0417,-7.0759,
30.7006,2.45368,-2.44835,-18.034,-7.05391,
30.7008,2.45368,-2.44838,-18.0339,-7.05372,
30.7251,2.45367,-2.45187,-18.0259,-7.03105,
30.7281,2.45348,-2.45198,-18.0248,-7.02825,
30.7916,2.44923,-2.45485,-18.0003,-6.96971,
30.816,2.44763,-2.45581,-17.9915,-6.947,
30.8384,2.44578,-2.4581,-17.9833,-6.92633,
30.8838,2.44453,-2.46406,-17.9664,-6.88456,
30.9306,2.44243,-2.46823,-17.9473,-6.8421,
30.9867,2.44328,-2.47256,-17.9246,-6.79091,
31.0027,2.4441,-2.47372,-17.9184,-6.77616,
31.0093,2.44425,-2.47434,-17.9158,-6.77026,
31.0441,2.44545,-2.47953,-17.9027,-6.73834,
31.0561,2.44572,-2.48139,-17.8987,-6.72726,
31.0565,2.44573,-2.48144,-17.8986,-6.72689,
31.0813,2.44605,-2.48474,-17.8903,-6.70368,
31.1267,2.44688,-2.49263,-17.8751,-6.66169,
31.1568,2.44557,-2.4976,-17.8643,-6.63403,
31.221,2.44426,-2.50686,-17.8413,-6.57483,
31.2574,2.44361,-2.51411,-17.8291,-6.54125,
31.3319,2.44517,-2.52442,-17.8035,-6.47206,
31.3583,2.44619,-2.52866,-17.7938,-6.44785,
31.4168,2.44894,-2.5372,-17.7739,-6.39349,
31.4243,2.44927,-2.53817,-17.7714,-6.38659,
31.4385,2.44959,-2.54026,-17.7659,-6.37356,
31.4399,2.44956,-2.54049,-17.7653,-6.37232,
31.4443,2.4494,-2.54124,-17.7637,-6.36834,
31.4889,2.44899,-2.54796,-17.7471,-6.32747,
31.523,2.44878,-2.55297,-17.7343,-6.29625,
31.5272,2.44888,-2.55361,-17.7329,-6.29241,
31.5381,2.44902,-2.55529,-17.7292,-6.28224,
31.6054,2.44888,-2.56506,-17.7039,-6.22063,
31.6054,2.44888,-2.56507,-17.7039,-6.22059,
31.609,2.44895,-2.56555,-17.7027,-6.21734,
31.6508,2.44991,-2.57067,-17.6879,-6.17857,
31.6744,2.44926,-2.57273,-17.6786,-6.15696,
31.7004,2.44877,-2.57483,-17.6684,-6.1331,
31.7038,2.44876,-2.57515,-17.6672,-6.12999,
31.7055,2.44879,-2.57541,-17.6666,-6.12835,
31.7335,2.44795,-2.57826,-17.6557,-6.10279,
31.7852,2.44667,-2.58282,-17.6368,-6.05489,
31.7905,2.44642,-2.58348,-17.6347,-6.04999,
31.8158,2.44504,-2.58667,-17.6248,-6.02698,
31.8794,2.44201,-2.59295,-17.6008,-5.96839,
31.8978,2.44087,-2.59541,-17.5935,-5.95171,
31.9598,2.43756,-2.60784,-17.5745,-5.89397,
31.9881,2.43688,-2.61524,-17.5667,-5.86783,
32.0108,2.4351,-2.61917,-17.5594,-5.8467,
32.0142,2.43472,-2.61962,-17.5583,-5.84351,
32.0673,2.42966,-2.62772,-17.5408,-5.79408,
32.0861,2.42794,-2.63005,-17.5344,-5.77651,
32.1131,2.42407,-2.63271,-17.5247,-5.75148,
32.1491,2.41973,-2.63895,-17.5124,-5.71823,
32.1662,2.41706,-2.64126,-17.5061,-5.70244,
32.2248,2.40619,-2.64862,-17.4837,-5.64887,
32.2679,2.39855,-2.6517,-17.465,-5.61018,
32.3734,2.38039,-2.65504,-17.4171,-5.51615,
32.4129,2.3762,-2.65798,-17.4015,-5.48005,
32.4542,2.37169,-2.66103,-17.3837,-5.44291,
32.4857,2.36828,-2.66381,-17.3715,-5.41399,
32.537,2.36285,-2.66961,-17.3506,-5.36739,
32.5468,2.36168,-2.67062,-17.347,-5.35843,
32.6173,2.35166,-2.67697,-17.3171,-5.29482,
32.6254,2.35056,-2.67786,-17.3138,-5.28757,
32.7106,2.34044,-2.69023,-17.2803,-5.21016,
32.7464,2.33891,-2.69538,-17.2669,-5.17739,
32.7586,2.3381,-2.69705,-17.2619,-5.16632,
32.7846,2.33465,-2.69853,-17.2496,-5.14351,
32.8392,2.32927,-2.70572,-17.227,-5.09431,
32.8668,2.32568,-2.7065,-17.2137,-5.07012,
32.9073,2.32143,-2.71177,-17.197,-5.03362,
32.9074,2.32142,-2.71178,-17.1969,-5.03357,
32.9231,2.31939,-2.7145,-17.1902,-5.01963,
32.9971,2.3134,-2.73064,-17.1617,-4.95333,
33.0067,2.31298,-2.73253,-17.158,-4.94457,
33.0618,2.31225,-2.74437,-17.1384,-4.89446,
33.1149,2.31378,-2.75314,-17.1188,-4.84599,
33.1778,2.31662,-2.76418,-17.0938,-4.78932,
33.1788,2.31665,-2.76435,-17.0934,-4.78842,
33.2144,2.31661,-2.7687,-17.078,-4.75655,
33.2552,2.31659,-2.77396,-17.0599,-4.72036,
33.2644,2.31646,-2.77527,-17.0556,-4.71232,
33.3136,2.31516,-2.78079,-17.0338,-4.66869,
33.3859,2.31733,-2.78842,-17.0002,-4.60506,
33.3864,2.31736,-2.78849,-17,-4.60459,
33.4367,2.31925,-2.79366,-16.9773,-4.55999,
33.532,2.32367,-2.80724,-16.9345,-4.47596,
33.543,2.32466,-2.80749,-16.9293,-4.46622,
33.6173,2.32769,-2.81229,-16.8945,-4.40085,
33.6905,2.32843,-2.81878,-16.8596,-4.33677,
33.7498,2.33168,-2.82174,-16.8289,-4.28611,
33.7758,2.33314,-2.82264,-16.8146,-4.26443,
33.7924,2.33342,-2.82361,-16.8062,-4.25012,
33.7974,2.33345,-2.82393,-16.8036,-4.24585,
33.8309,2.33428,-2.8261,-16.7857,-4.21765,
33.8671,2.33434,-2.8285,-16.7669,-4.18677,
33.8758,2.33433,-2.82908,-16.7626,-4.17921,
33.8762,2.33433,-2.82916,-16.7624,-4.17888,
33.8771,2.33428,-2.82925,-16.762,-4.17813,
33.9225,2.3299,-2.82954,-16.7368,-4.14033,
34.0012,2.32717,-2.83187,-16.6917,-4.07584,
34.0695,2.32469,-2.83311,-16.6522,-4.02023,
34.0717,2.32452,-2.83304,-16.6508,-4.01852,
34.1095,2.32111,-2.83275,-16.6283,-3.98811,
34.1466,2.31944,-2.83618,-16.607,-3.95797,
34.1553,2.31938,-2.83807,-16.6027,-3.95061,
34.2034,2.31701,-2.84647,-16.5772,-3.91076,
34.2111,2.31663,-2.84762,-16.5732,-3.90425,
34.2467,2.31332,-2.85025,-16.5531,-3.87496,
34.2934,2.3087,-2.85089,-16.5254,-3.83745,
34.3065,2.30751,-2.85274,-16.5181,-3.82666,
34.3463,2.30374,-2.85775,-16.4952,-3.79453,
34.3659,2.30227,-2.86093,-16.4848,-3.77821,
34.3857,2.29999,-2.86389,-16.4736,-3.76217,
34.4132,2.29646,-2.86726,-16.4578,-3.73994,
34.4377,2.29429,-2.87257,-16.445,-3.71963,
34.4732,2.28918,-2.87665,-16.4248,-3.69084,
34.4969,2.28598,-2.88004,-16.4119,-3.67123,
34.5598,2.27637,-2.88894,-16.3752,-3.62089,
34.5627,2.27593,-2.88932,-16.3735,-3.61862,
34.5899,2.27292,-2.89376,-16.3574,-3.59711,
34.6137,2.26999,-2.89899,-16.3443,-3.57796,
34.6255,2.26789,-2.90069,-16.3375,-3.56844,
34.681,2.25642,-2.91069,-16.303,-3.52615,
34.6898,2.25466,-2.91261,-16.2975,-3.51956,
34.7385,2.24364,-2.92531,-16.2664,-3.48427,
34.7415,2.24292,-2.92608,-16.2646,-3.482,
34.7973,2.22775,-2.93495,-16.2262,-3.44251,
34.8177,2.22194,-2.93595,-16.2116,-3.42836,
34.8249,2.21957,-2.93641,-16.2062,-3.42354,
34.8453,2.21233,-2.93752,-16.1913,-3.40954,
34.9023,2.1916,-2.94225,-16.1508,-3.36991,
34.9187,2.18716,-2.94373,-16.1386,-3.35891,
35.0328,2.15853,-2.94678,-16.0533,-3.28324,
35.0829,2.14686,-2.94434,-16.0144,-3.25174,
35.1507,2.13683,-2.94806,-15.9633,-3.20742,
35.1561,2.1361,-2.94836,-15.9593,-3.20372,
35.1824,2.13281,-2.95104,-15.9402,-3.18594,
35.1862,2.13236,-2.95138,-15.9375,-3.18327,
35.2309,2.1253,-2.94945,-15.9039,-3.15375,
35.2394,2.12405,-2.94882,-15.8974,-3.14839,
35.2535,2.12183,-2.94848,-15.8864,-3.1394,
35.3136,2.11319,-2.94715,-15.8412,-3.09992,
35.403,2.10645,-2.94949,-15.7724,-3.04292,
35.502,2.11302,-2.95764,-15.6967,-2.97959,
35.5544,2.12022,-2.95879,-15.6547,-2.94837,
35.558,2.12072,-2.95876,-15.6518,-2.94627,
35.5737,2.12293,-2.95838,-15.6393,-2.93675,
35.5885,2.1249,-2.95804,-15.6273,-2.92801,
35.5899,2.12509,-2.95802,-15.6262,-2.92716,
35.6124,2.12808,-2.96074,-15.6091,-2.91285,
35.6204,2.12889,-2.9615,-15.603,-2.90768,
35.6557,2.13231,-2.96248,-15.5757,-2.88532,
35.6697,2.13353,-2.963,-15.5652,-2.8761,
35.7232,2.13752,-2.96251,-15.5233,-2.84286,
35.7307,2.1381,-2.96256,-15.5174,-2.83819,
35.7755,2.14444,-2.96518,-15.4822,-2.81054,
35.7805,2.14541,-2.96552,-15.4783,-2.8075,
35.8428,2.15811,-2.96587,-15.4281,-2.77058,
35.8475,2.15917,-2.96596,-15.4243,-2.76784,
35.8478,2.15922,-2.96599,-15.4241,-2.7677,
35.9134,2.17729,-2.97293,-15.371,-2.72959,
35.9309,2.18202,-2.97401,-15.3564,-2.72015,
35.988,2.19804,-2.97832,-15.3097,-2.68756,
36.0072,2.20256,-2.9795,-15.2939,-2.67669,
36.0675,2.21674,-2.98595,-15.246,-2.64053,
36.0691,2.21703,-2.98592,-15.2448,-2.63964,
36.0724,2.21756,-2.98585,-15.242,-2.63774,
36.0725,2.21758,-2.98585,-15.2419,-2.63769,
36.0965,2.2219,-2.98534,-15.2221,-2.62419,
36.1312,2.22903,-2.98576,-15.1934,-2.60477,
36.1703,2.23579,-2.98812,-15.1615,-2.58231,
36.209,2.24313,-2.9894,-15.1291,-2.56117,
36.209,2.24314,-2.9894,-15.1291,-2.56113,
36.2127,2.24368,-2.98911,-15.126,-2.55919,
36.2414,2.24736,-2.98845,-15.1025,-2.54269,
36.2626,2.24965,-2.98741,-15.0847,-2.53119,
36.2648,2.24956,-2.9872,-15.0828,-2.53007,
36.3255,2.24274,-2.98685,-15.0294,-2.50127,
36.3751,2.23392,-2.98713,-14.9852,-2.47877,
36.4007,2.22936,-2.98719,-14.9621,-2.46788,
36.4326,2.22108,-2.99086,-14.9339,-2.45337,
36.4554,2.21433,-2.99314,-14.9141,-2.44226,
36.4614,2.21223,-2.99395,-14.909,-2.43907,
36.4964,2.19895,-2.99903,-14.8792,-2.42151,
36.5132,2.19262,-3.0011,-14.8651,-2.4127,
36.5312,2.18674,-3.0007,-14.8493,-2.404,
36.583,2.17153,-2.99777,-14.8029,-2.38103,
36.6043,2.16479,-2.99336,-14.7845,-2.37151,
36.6404,2.1529,-2.98642,-14.7525,-2.35612,
36.6811,2.13526,-2.99087,-14.7179,-2.33509,
36.9062,2.05753,-3.01716,-14.53,-2.21407,
36.9103,2.05679,-3.01713,-14.5264,-2.21205,
36.9334,2.05133,-3.01679,-14.5069,-2.19975,
36.9657,2.04371,-3.0169,-14.479,-2.18338,
37.0043,2.03381,-3.01891,-14.4464,-2.16287,
37.0178,2.03062,-3.01976,-14.4348,-2.15601,
37.0338,2.02652,-3.02078,-14.4213,-2.14758,
37.0418,2.02446,-3.02165,-14.4146,-2.14329,
37.0418,2.02445,-3.02165,-14.4145,-2.14326,
37.048,2.02262,-3.02228,-14.4095,-2.13976,
37.1143,2.00364,-3.02982,-14.3542,-2.10406,
37.3201,1.98594,-3.06896,-14.1906,-1.98546,
37.3237,1.98617,-3.06923,-14.1877,-1.98333,
37.3504,1.98704,-3.07115,-14.1657,-1.96839,
37.3821,1.98797,-3.07113,-14.1395,-1.95033,
37.4006,1.98708,-3.07253,-14.124,-1.94044,
37.5571,1.98813,-3.08875,-13.9944,-1.85426,
37.5761,1.99126,-3.09038,-13.9785,-1.84391,
37.6326,2.00125,-3.09933,-13.9319,-1.81323,
37.6893,2.01279,-3.10653,-13.884,-1.78366,
37.701,2.01575,-3.10793,-13.8742,-1.77751,
37.7361,2.02416,-3.11099,-13.8449,-1.75835,
37.7431,2.02551,-3.11148,-13.8389,-1.75487,
37.8113,2.03943,-3.11461,-13.7808,-1.71936,
37.8301,2.04282,-3.11569,-13.7649,-1.70937,
37.9127,2.06083,-3.1236,-13.6946,-1.66682,
37.9127,2.06084,-3.12361,-13.6945,-1.6668,
37.9233,2.06359,-3.12409,-13.6853,-1.66175,
37.9582,2.07135,-3.12731,-13.6556,-1.64367,
37.99,2.07911,-3.13221,-13.6287,-1.6273,
38.0079,2.08258,-3.1333,-13.6136,-1.61783,
38.0237,2.08524,-3.1343,-13.6004,-1.60922,
38.0771,2.09429,-3.14342,-13.5565,-1.58031,
38.0775,2.09434,-3.14352,-13.5561,-1.58007,
38.1464,2.10213,-3.15468,-13.4986,-1.54397,
38.2063,2.10896,-3.16751,-13.4494,-1.51226,
38.2108,2.10945,-3.16835,-13.4457,-1.50973,
38.2554,2.11174,-3.16762,-13.4088,-1.48463,
38.3104,2.1102,-3.18104,-13.3678,-1.4505,
38.3317,2.10866,-3.18607,-13.3528,-1.43637,
38.3329,2.10855,-3.18637,-13.3519,-1.43557,
38.347,2.10726,-3.18825,-13.3411,-1.42667,
38.3486,2.10704,-3.18847,-13.3399,-1.42571,
38.3635,2.10504,-3.19051,-13.3285,-1.41637,
38.4187,2.09734,-3.20005,-13.287,-1.38108,
38.4197,2.09716,-3.20023,-13.2863,-1.38043,
38.4764,2.08979,-3.20787,-13.243,-1.34471,
38.4799,2.08931,-3.20869,-13.2405,-1.34236,
38.5038,2.08587,-3.2162,-13.2241,-1.32667,
38.5146,2.08357,-3.21798,-13.2163,-1.31938,
38.5763,2.07145,-3.23121,-13.1718,-1.27889,
38.5771,2.07129,-3.2314,-13.1712,-1.27833,
38.6331,2.05998,-3.24483,-13.1314,-1.24127,
38.6642,2.05372,-3.25136,-13.1099,-1.2198,
38.669,2.05269,-3.2526,-13.1067,-1.21649,
38.737,2.04069,-3.26716,-13.0605,-1.16869,
38.7457,2.0394,-3.26887,-13.0548,-1.16237,
38.8438,2.02872,-3.28436,-12.9867,-1.09339,
38.859,2.0281,-3.28818,-12.9766,-1.08272,
38.9116,2.02515,-3.30376,-12.9439,-1.04469,
38.919,2.02481,-3.30624,-12.9393,-1.03934,
38.9193,2.0248,-3.30631,-12.9391,-1.03918,
38.9447,2.02373,-3.31367,-12.9226,-1.02132,
38.9853,2.02184,-3.32412,-12.8965,-0.991903,
39.0086,2.02065,-3.32963,-12.8808,-0.975766,
39.0666,2.01795,-3.34253,-12.8428,-0.933902,
39.0668,2.01795,-3.34255,-12.8426,-0.933748,
39.0941,2.01673,-3.34835,-12.8248,-0.913866,
39.1307,2.01584,-3.3551,-12.7998,-0.888068,
39.2209,2.02198,-3.36758,-12.737,-0.824542,
39.2695,2.02694,-3.37431,-12.7049,-0.788636,
39.2776,2.02751,-3.37602,-12.6996,-0.782748,
39.2799,2.02756,-3.3765,-12.6982,-0.781003,
39.312,2.02932,-3.38123,-12.6771,-0.757227,
39.3463,2.03101,-3.38686,-12.6538,-0.732782,
39.3948,2.03495,-3.39556,-12.6203,-0.698699,
39.4062,2.03538,-3.3977,-12.6131,-0.690209,
39.5126,2.04256,-3.41351,-12.541,-0.61354,
39.5883,2.0545,-3.42536,-12.4922,-0.556916,
39.5967,2.05605,-3.42681,-12.4867,-0.550761,
39.6143,2.05851,-3.42947,-12.4755,-0.537343,
39.6257,2.06004,-3.4306,-12.4684,-0.528561,
39.6436,2.06209,-3.43342,-12.4576,-0.5145,
39.6549,2.06312,-3.43535,-12.4506,-0.505869,
39.6809,2.065,-3.43917,-12.4336,-0.486569,
39.7207,2.06895,-3.44361,-12.4078,-0.45663,
39.7557,2.07077,-3.45086,-12.3855,-0.430642,
39.8267,2.07719,-3.4661,-12.3387,-0.379511,
39.8549,2.08081,-3.47135,-12.3192,-0.3598,
39.8784,2.08369,-3.47571,-12.3034,-0.342918,
39.9313,2.08571,-3.49046,-12.2722,-0.302756,
39.9438,2.08663,-3.4925,-12.2647,-0.293054,
39.9705,2.08878,-3.49706,-12.2479,-0.272737,
40.0131,2.09338,-3.50116,-12.2202,-0.240734,
40.014,2.09352,-3.50127,-12.2196,-0.24006,
40.0591,2.10023,-3.50651,-12.1893,-0.20705,
40.0593,2.10026,-3.50654,-12.1892,-0.206906,
40.1098,2.10877,-3.51345,-12.1542,-0.171045,
40.11,2.10881,-3.51348,-12.1541,-0.170902,
40.127,2.11209,-3.51599,-12.1422,-0.159092,
40.1415,2.11379,-3.5186,-12.1326,-0.148531,
40.1903,2.11678,-3.52961,-12.1,-0.113936,
40.2133,2.11774,-3.53558,-12.0855,-0.0971693,
40.2397,2.11797,-3.54242,-12.0695,-0.0771881,
40.2707,2.11634,-3.54949,-12.0506,-0.0536656,
40.3733,2.11531,-3.57496,-11.9859,0.0217794,
40.4154,2.11634,-3.58351,-11.9575,0.0515957,
40.4426,2.11694,-3.58952,-11.9385,0.0701271,
40.461,2.11621,-3.59322,-11.9254,0.0824367,
40.489,2.11448,-3.59832,-11.9059,0.101894,
40.5643,2.10525,-3.61755,-11.8557,0.15466,
40.6329,2.09862,-3.62584,-11.8078,0.203098,
40.6857,2.09624,-3.63212,-11.7698,0.23921,
40.6911,2.09604,-3.63275,-11.766,0.242977,
40.6991,2.09553,-3.63374,-11.7603,0.248447,
40.7284,2.09369,-3.63753,-11.7389,0.268222,
40.7599,2.09188,-3.64405,-11.717,0.289842,
40.7724,2.09066,-3.64736,-11.7088,0.298731,
40.8616,2.08231,-3.66246,-11.6469,0.361195,
40.9362,2.07964,-3.67623,-11.5944,0.412309,
40.993,2.0807,-3.68724,-11.5531,0.449734,
41.0594,2.08125,-3.69565,-11.5036,0.493093,
41.0707,2.08144,-3.6971,-11.4954,0.500757,
41.0789,2.08118,-3.69821,-11.4893,0.506075,
41.088,2.08065,-3.70046,-11.4827,0.511952,
41.1028,2.07931,-3.704,-11.4722,0.521865,
41.1193,2.07797,-3.70794,-11.4605,0.532697,
41.1598,2.07556,-3.71613,-11.4308,0.558912,
41.1689,2.07474,-3.71849,-11.4244,0.565005,
41.1831,2.0735,-3.72221,-11.4144,0.574393,
41.2315,2.07023,-3.73581,-11.3799,0.605517,
41.2487,2.06938,-3.74066,-11.3675,0.616444,
41.2977,2.0688,-3.75411,-11.3315,0.646709,
41.3603,2.06868,-3.76521,-11.284,0.685958,
41.374,2.06872,-3.76787,-11.2738,0.694748,
41.3835,2.06848,-3.76957,-11.2669,0.701045,
41.3853,2.06837,-3.76988,-11.2656,0.702285,
41.4339,2.06499,-3.78011,-11.231,0.73477,
41.4571,2.06392,-3.78518,-11.2143,0.750055,
41.4951,2.06339,-3.79328,-11.1863,0.774544,
41.498,2.0633,-3.79409,-11.1843,0.776462,
41.5097,2.06304,-3.79657,-11.1757,0.784005,
41.5651,2.0629,-3.81202,-11.1358,0.819281,
41.5919,2.06257,-3.81998,-11.1169,0.836339,
41.5975,2.06247,-3.8215,-11.1128,0.839884,
41.6404,2.06022,-3.83063,-11.082,0.868313,
41.7032,2.05755,-3.84429,-11.0378,0.910829,
41.7716,2.05886,-3.85861,-10.988,0.955453,
41.7734,2.05887,-3.85914,-10.9867,0.956633,
41.8313,2.05923,-3.87532,-10.9455,0.994006,
41.8771,2.05862,-3.88701,-10.9146,1.02565,
41.8902,2.05849,-3.88962,-10.9052,1.03443,
41.969,2.05622,-3.9044,-10.8489,1.08747,
41.9791,2.05667,-3.90639,-10.8414,1.09408,
42.0341,2.05673,-3.91505,-10.8012,1.13057,
42.0763,2.05848,-3.92198,-10.7695,1.15751,
42.1086,2.06035,-3.92653,-10.7457,1.1788,
42.1542,2.06176,-3.93244,-10.7134,1.21057,
42.1791,2.06333,-3.93583,-10.6956,1.2276,
42.2103,2.06603,-3.93942,-10.6727,1.24853,
42.2131,2.06624,-3.93967,-10.6707,1.25033,
42.219,2.06642,-3.94015,-10.6664,1.2544,
42.2583,2.0679,-3.94313,-10.6374,1.28071,
42.3253,2.07067,-3.95139,-10.5907,1.32803,
42.333,2.07099,-3.95253,-10.5851,1.33333,
42.392,2.07353,-3.95969,-10.5441,1.37505,
42.4072,2.07405,-3.96233,-10.5334,1.38548,
42.5125,2.07963,-3.98933,-10.4647,1.46056,
42.5788,2.08371,-4.00349,-10.4214,1.50884,
42.5789,2.08371,-4.0035,-10.4213,1.5089,
42.582,2.08397,-4.00403,-10.4192,1.51113,
42.596,2.08386,-4.00814,-10.4105,1.52132,
42.722,2.09499,-4.03302,-10.3271,1.61239,
42.7258,2.09524,-4.03367,-10.3248,1.61535,
42.7931,2.09944,-4.04547,-10.2823,1.66609,
42.8198,2.10023,-4.04701,-10.2656,1.68681,
42.849,2.10145,-4.04967,-10.2467,1.70908,
42.8919,2.10431,-4.05391,-10.2185,1.74102,
42.8947,2.10428,-4.05423,-10.2168,1.74324,
42.9079,2.10365,-4.05643,-10.209,1.75364,
42.9913,2.1008,-4.06441,-10.1579,1.81909,
42.9914,2.1008,-4.06442,-10.1578,1.81912,
42.9957,2.10072,-4.06482,-10.1553,1.82261,
42.9961,2.10072,-4.06486,-10.1551,1.82292,
43.0278,2.10037,-4.0677,-10.1361,1.84827,
43.0442,2.10029,-4.06907,-10.1261,1.86115,
43.0877,2.10004,-4.07344,-10.1005,1.89605,
43.1254,2.10037,-4.07819,-10.0773,1.92535,
43.1674,2.09894,-4.08453,-10.0534,1.95934,
43.1961,2.09798,-4.09019,-10.0365,1.98172,
43.2413,2.09584,-4.09763,-10.0111,2.01837,
43.271,2.09471,-4.10378,-9.9936,2.04166,
43.3191,2.09362,-4.11251,-9.96641,2.08029,
43.3288,2.09287,-4.11428,-9.96137,2.08842,
43.3451,2.09121,-4.11773,-9.95258,2.10174,
43.3693,2.08803,-4.12419,-9.93876,2.12054,
43.3747,2.08739,-4.12564,-9.93584,2.12476,
43.4496,2.0785,-4.14084,-9.89397,2.18503,
43.5064,2.07475,-4.15322,-9.86034,2.22909,
43.5398,2.07205,-4.1569,-9.84138,2.25639,
43.5402,2.07202,-4.15695,-9.84117,2.25667,
43.5895,2.06855,-4.16418,-9.8116,2.29541,
43.591,2.06843,-4.16438,-9.81069,2.29669,
43.6213,2.06476,-4.16705,-9.7944,2.32202,
43.6657,2.0596,-4.16976,-9.76931,2.35852,
43.6934,2.05663,-4.17039,-9.75448,2.38202,
43.7814,2.0488,-4.19793,-9.70388,2.44853,
43.8043,2.04824,-4.20429,-9.6912,2.46645,
43.8234,2.04807,-4.20656,-9.68077,2.4823,
43.857,2.04624,-4.21141,-9.66399,2.51098,
43.8726,2.04461,-4.21315,-9.65584,2.52413,
43.9388,2.03634,-4.21879,-9.62113,2.58026,
44.0046,2.03202,-4.21793,-9.58601,2.63593,
44.0554,2.03003,-4.22513,-9.55845,2.67797,
44.058,2.02991,-4.22544,-9.55714,2.68017,
44.0733,2.02864,-4.22673,-9.54991,2.6936,
44.106,2.02495,-4.22935,-9.53335,2.72169,
44.1553,2.02033,-4.23387,-9.50965,2.76466,
44.1946,2.01698,-4.23763,-9.48937,2.79814,
44.2024,2.01617,-4.23847,-9.48556,2.80488,
44.2351,2.01146,-4.24338,-9.46828,2.83221,
44.2814,2.00297,-4.24939,-9.44651,2.87265,
44.286,2.00234,-4.24864,-9.44476,2.87686,
44.4447,1.98521,-4.27114,-9.36902,3.01444,
44.4744,1.9856,-4.27281,-9.35441,3.04026,
44.4761,1.98561,-4.27292,-9.35361,3.04178,
44.4958,1.98569,-4.27565,-9.34416,3.05881,
44.5082,1.98551,-4.27729,-9.33791,3.06942,
44.5483,1.98465,-4.28184,-9.31906,3.10447,
44.5484,1.98464,-4.28185,-9.31899,3.10458,
44.5804,1.98149,-4.28625,-9.30347,3.13224,
44.7339,1.97785,-4.31101,-9.2292,3.2642,
44.7713,1.98143,-4.31853,-9.21169,3.29647,
44.8127,1.98586,-4.32706,-9.19364,3.33264,
44.8455,1.98795,-4.33435,-9.17939,3.36132,
44.8539,1.98836,-4.33643,-9.17553,3.36846,
44.8661,1.9883,-4.34091,-9.17005,3.37848,
44.8889,1.98794,-4.34933,-9.15925,3.3967,
44.9059,1.98788,-4.35365,-9.15143,3.41114,
45.0521,2.00689,-4.376,-9.08273,3.5382,
45.0885,2.01558,-4.38489,-9.06606,3.5693,
45.107,2.01994,-4.38966,-9.05802,3.58533,
45.1131,2.02104,-4.39144,-9.05556,3.5906,
45.1434,2.026,-4.40029,-9.04255,3.61644,
45.1593,2.02834,-4.40502,-9.03618,3.63027,
45.2133,2.03588,-4.42402,-9.01302,3.67515,
45.227,2.03746,-4.42929,-9.00656,3.68614,
45.2348,2.03808,-4.43236,-9.0031,3.69235,
45.2589,2.0397,-4.44217,-8.99179,3.7113,
45.2722,2.04058,-4.44745,-8.98568,3.72184,
45.2815,2.04169,-4.4488,-8.98187,3.73019,