"Distance","Diameter","RAS_R","RAS_A","RAS_S"
0,3.37292,9.27481,-32.1939,-9.56909
0.0314872,3.37524,9.24722,-32.1941,-9.55392
0.0474839,3.37581,9.233,-32.1944,-9.5466
0.0486672,3.37582,9.23193,-32.1945,-9.54609
0.12693,3.37569,9.16147,-32.1937,-9.51204
0.130125,3.37568,9.15855,-32.1934,-9.51079
0.199429,3.36731,9.09541,-32.1923,-9.48223
0.207487,3.36603,9.08803,-32.192,-9.47901
0.267073,3.35497,9.03291,-32.1912,-9.45639
0.273484,3.3534,9.02711,-32.1915,-9.45368
0.330106,3.33769,8.97564,-32.1967,-9.43066
0.343504,3.33361,8.96354,-32.1987,-9.42525
0.359122,3.32822,8.94975,-32.2013,-9.41842
0.388262,3.3177,8.92385,-32.2064,-9.40606
0.406239,3.31101,8.90788,-32.209,-9.39824
0.417683,3.30647,8.89772,-32.211,-9.39336
0.49208,3.27528,8.83357,-32.2267,-9.35912
0.505542,3.26962,8.82166,-32.2292,-9.35336
0.513691,3.2657,8.8144,-32.231,-9.3501
0.535477,3.25377,8.79537,-32.2351,-9.34034
0.58253,3.22815,8.75359,-32.2419,-9.31979
0.68607,3.1726,8.66037,-32.2527,-9.27603
0.695015,3.16808,8.65224,-32.2527,-9.27231
0.709776,3.15974,8.63908,-32.2524,-9.26563
0.720297,3.15357,8.62979,-32.252,-9.26072
0.727754,3.14912,8.62316,-32.2516,-9.25731
0.743065,3.13829,8.60966,-32.2523,-9.25013
0.931423,3.01284,8.44556,-32.2527,-9.15765
0.985357,2.97979,8.39771,-32.2488,-9.13309
1.00694,2.96658,8.37871,-32.2467,-9.12306
1.05244,2.93687,8.33859,-32.2444,-9.10173
1.06939,2.92568,8.32387,-32.2437,-9.09335
1.09482,2.90812,8.30151,-32.2433,-9.08125
1.11068,2.89718,8.28793,-32.2443,-9.0731
1.13686,2.87925,8.26503,-32.2422,-9.06061
1.3861,2.71982,8.04829,-32.2311,-8.93803
1.38649,2.71958,8.04796,-32.231,-8.93786
1.44054,2.68426,8.00237,-32.2277,-8.90901
1.50129,2.6442,7.94998,-32.2208,-8.87904
1.58611,2.59106,7.87507,-32.1951,-8.84862
1.63155,2.56166,7.83478,-32.1868,-8.82933
1.65013,2.54993,7.81854,-32.1838,-8.82083
1.69752,2.51835,7.77814,-32.1788,-8.79655
1.85003,2.43367,7.65178,-32.1713,-8.71149
1.85031,2.43354,7.65156,-32.1713,-8.71132
1.88509,2.41813,7.62379,-32.172,-8.6904
1.89688,2.41269,7.61419,-32.1724,-8.68356
1.94866,2.38548,7.57137,-32.1626,-8.65612
1.96847,2.37574,7.55542,-32.1605,-8.64458
2.05382,2.33136,7.48746,-32.164,-8.59304
2.05408,2.33122,7.48724,-32.164,-8.59291
2.07007,2.32263,7.47372,-32.1627,-8.58449
2.29606,2.22353,7.28612,-32.1305,-8.46266
2.29865,2.22262,7.28401,-32.1302,-8.46117
2.36995,2.19632,7.22623,-32.1176,-8.42137
2.42321,2.1759,7.18351,-32.1083,-8.39095
2.45035,2.16628,7.16193,-32.1083,-8.3745
2.54215,2.13483,7.0892,-32.1083,-8.3185
2.62259,2.11017,7.02578,-32.0975,-8.2702
2.69678,2.0914,6.96864,-32.0873,-8.22398
2.75729,2.07633,6.92248,-32.0783,-8.18592
2.77098,2.07315,6.91189,-32.0772,-8.17732
2.81451,2.06292,6.8795,-32.0755,-8.14829
2.8427,2.05643,6.85816,-32.0752,-8.12986
2.93182,2.03123,6.78964,-32.0585,-8.07538
3.02064,2.01076,6.72287,-32.0401,-8.01979
3.06447,2.00266,6.69126,-32.0311,-7.99079
3.07481,2.00071,6.68363,-32.0296,-7.98397
3.11971,1.99145,6.65168,-32.0227,-7.95319
3.12365,1.9906,6.64886,-32.0221,-7.9505
3.17537,1.98092,6.61057,-32.0138,-7.91674
3.21669,1.9737,6.57937,-32.004,-7.89146
3.22155,1.97291,6.57568,-32.003,-7.88848
3.28833,1.96474,6.52648,-31.9914,-7.84485
3.3509,1.96059,6.4821,-31.9798,-7.80225
3.35514,1.96033,6.47914,-31.979,-7.79934
3.37799,1.95881,6.46269,-31.9744,-7.78416
3.46602,1.95662,6.40179,-31.9553,-7.72353
3.48821,1.95668,6.38689,-31.9514,-7.70755
3.55663,1.9608,6.33921,-31.9398,-7.65987
3.58308,1.9631,6.32013,-31.9356,-7.64204
3.59923,1.96435,6.30894,-31.9329,-7.63074
3.62504,1.96641,6.29117,-31.9296,-7.6123
3.66097,1.96961,6.26558,-31.9254,-7.58743
3.66293,1.96982,6.2642,-31.9252,-7.58606
3.72508,1.97413,6.22173,-31.9128,-7.54241
3.73459,1.97523,6.21544,-31.9107,-7.53558
3.86202,1.99155,6.12879,-31.8709,-7.45105
3.86544,1.99213,6.12654,-31.8697,-7.44876
3.93285,2.00594,6.08073,-31.8533,-7.40212
3.94604,2.00898,6.07144,-31.8511,-7.39302
3.97288,2.01355,6.05345,-31.8452,-7.374
4.00276,2.01867,6.03412,-31.8401,-7.35179
4.04709,2.02657,6.00434,-31.8321,-7.31994
4.08563,2.03297,5.97918,-31.8209,-7.29299
4.16007,2.04771,5.92926,-31.7966,-7.2434
4.19508,2.05569,5.90681,-31.7831,-7.22014
4.21662,2.06041,5.89239,-31.7756,-7.20603
4.27301,2.07412,5.85563,-31.7641,-7.16484
4.29752,2.07774,5.83951,-31.7556,-7.14843
4.33708,2.08437,5.81441,-31.7446,-7.11991
4.33712,2.08438,5.81439,-31.7446,-7.11988
4.34904,2.08592,5.80717,-31.7406,-7.11128
4.34921,2.08594,5.80706,-31.7406,-7.11116
4.36307,2.08709,5.79829,-31.7359,-7.10148
4.40239,2.08872,5.77467,-31.7188,-7.0751
4.40669,2.08897,5.77202,-31.7171,-7.07222
4.4271,2.09035,5.75927,-31.7094,-7.05825
4.44364,2.09099,5.74937,-31.7029,-7.04668
4.47854,2.09117,5.72715,-31.6914,-7.02238
4.51545,2.09156,5.70461,-31.68,-6.99545
4.58105,2.09504,5.66279,-31.666,-6.94689
4.62164,2.09542,5.63741,-31.6513,-6.91883
4.6492,2.09643,5.61991,-31.6425,-6.89946
4.65196,2.09648,5.61824,-31.6416,-6.89746
4.71918,2.09877,5.57647,-31.625,-6.84747
4.72162,2.09885,5.57489,-31.6244,-6.84571
4.72405,2.09889,5.57336,-31.6239,-6.84387
4.75186,2.09867,5.55603,-31.6167,-6.82335
4.75372,2.09859,5.55488,-31.6163,-6.82196
4.7646,2.09788,5.54829,-31.6131,-6.81392
4.7846,2.09721,5.53582,-31.6073,-6.79939
4.85302,2.09469,5.49282,-31.5851,-6.751
4.94118,2.09665,5.43792,-31.5617,-6.68612
4.94123,2.09665,5.4379,-31.5617,-6.68609
4.95305,2.09654,5.43108,-31.5571,-6.67758
5.03782,2.09481,5.38089,-31.5169,-6.62232
5.0625,2.09345,5.36637,-31.5058,-6.60573
5.06921,2.09321,5.36237,-31.5031,-6.60109
5.12853,2.09089,5.32572,-31.4782,-6.56164
5.12854,2.09088,5.32571,-31.4782,-6.56163
5.12998,2.0908,5.32486,-31.4778,-6.56055
5.19913,2.08771,5.2823,-31.4584,-6.50961
5.26934,2.08842,5.24117,-31.4341,-6.45817
5.26938,2.08842,5.24114,-31.4341,-6.45814
5.27306,2.08833,5.23915,-31.4325,-6.45549
5.34863,2.08738,5.19722,-31.3969,-6.40363
5.37188,2.08676,5.18425,-31.3884,-6.38633
5.4111,2.08577,5.16099,-31.3763,-6.35715
5.4546,2.08463,5.13613,-31.3616,-6.32465
5.4588,2.08453,5.1336,-31.3602,-6.32162
5.49551,2.08328,5.11191,-31.3477,-6.29473
5.54348,2.0833,5.08446,-31.3328,-6.25832
5.55874,2.08343,5.07536,-31.3293,-6.2466
5.60932,2.08305,5.04733,-31.3213,-6.20526
5.6798,2.08161,5.00793,-31.3061,-6.14882
5.74725,2.08005,4.971,-31.288,-6.09537
5.74786,2.08004,4.97065,-31.2878,-6.09492
5.76874,2.07963,4.95863,-31.2813,-6.07915
5.84449,2.07979,4.91704,-31.2597,-6.01962
5.92253,2.07676,4.87541,-31.2345,-5.95859
5.96836,2.07475,4.85027,-31.2197,-5.92328
6.00538,2.07335,4.83115,-31.2079,-5.89383
6.07678,2.07177,4.7921,-31.1828,-5.83958
6.08706,2.07163,4.7862,-31.1792,-5.83196
6.09968,2.07152,4.77936,-31.1748,-5.82232
6.18833,2.07271,4.73123,-31.1479,-5.7529
6.21699,2.07473,4.71641,-31.1391,-5.73001
6.23502,2.07585,4.70749,-31.1326,-5.71577
6.25018,2.07622,4.69941,-31.1279,-5.70383
6.27066,2.07672,4.68792,-31.126,-5.68698
6.32804,2.07666,4.65806,-31.1075,-5.6416
6.37831,2.0773,4.63093,-31.0869,-5.60464
6.39623,2.07818,4.62115,-31.0819,-5.59049
6.48217,2.07987,4.57425,-31.0526,-5.5247
6.57496,2.0897,4.52669,-31.0238,-5.45044
6.60384,2.09377,4.5128,-31.0165,-5.42619
6.61852,2.09556,4.50552,-31.0113,-5.41453
6.64881,2.09958,4.49082,-30.9985,-5.39136
6.64971,2.09966,4.49041,-30.9981,-5.39065
6.72988,2.10776,4.45223,-30.963,-5.32951
6.75023,2.11036,4.44194,-30.9541,-5.31437
6.77598,2.11269,4.42874,-30.9407,-5.29678
6.86813,2.12342,4.38489,-30.8923,-5.23181
6.88537,2.12563,4.3774,-30.8829,-5.21944
6.95643,2.13631,4.34384,-30.8464,-5.16855
6.96971,2.138,4.3382,-30.8392,-5.1589
7.02291,2.14434,4.31408,-30.8102,-5.12138
7.10905,2.15266,4.27108,-30.7729,-5.05676
7.15173,2.15865,4.25084,-30.7555,-5.02342
7.16614,2.1609,4.24418,-30.7496,-5.01212
7.19749,2.16552,4.22908,-30.7356,-4.98849
7.24766,2.17289,4.2063,-30.7148,-4.94888
7.26739,2.17585,4.19676,-30.7071,-4.93343
7.27267,2.1765,4.19432,-30.7051,-4.9292
7.31261,2.18076,4.17478,-30.6913,-4.89724
7.33016,2.18215,4.16684,-30.6846,-4.88309
7.39953,2.18883,4.13461,-30.6514,-4.83137
7.45421,2.19568,4.11189,-30.6212,-4.79184
7.46623,2.19694,4.10686,-30.6134,-4.78427
7.54335,2.20226,4.07222,-30.5749,-4.72714
7.55152,2.20285,4.06833,-30.5707,-4.72124
7.59815,2.20531,4.04752,-30.5477,-4.68646
7.68513,2.21467,4.00732,-30.5006,-4.62537
7.78149,2.23305,3.96364,-30.4577,-4.55098
7.79206,2.2353,3.95942,-30.4521,-4.54305
7.79955,2.23677,3.95622,-30.4481,-4.53755
7.8367,2.24414,3.93994,-30.43,-4.50953
7.83995,2.24467,3.93863,-30.4284,-4.50702
7.89316,2.25292,3.91581,-30.4015,-4.46715
7.90464,2.25441,3.91052,-30.3958,-4.45874
7.93807,2.25871,3.89563,-30.3795,-4.43364
7.95892,2.26163,3.88581,-30.3692,-4.41836
8.09285,2.29008,3.82224,-30.3104,-4.31621
8.16612,2.31239,3.789,-30.2795,-4.2587
8.17484,2.3152,3.78526,-30.2758,-4.25175
8.23138,2.33319,3.75943,-30.2526,-4.20713
8.24437,2.33733,3.75382,-30.2473,-4.19666
8.25383,2.33994,3.74943,-30.2435,-4.18919
8.26541,2.3429,3.74396,-30.2396,-4.17975
8.30443,2.3537,3.72589,-30.2269,-4.14761
8.31472,2.3565,3.72117,-30.2242,-4.13888
8.32025,2.35796,3.7187,-30.222,-4.13441
8.37467,2.37242,3.69332,-30.2003,-4.09144
8.43102,2.39209,3.66671,-30.1776,-4.04725
8.45998,2.40275,3.65329,-30.1649,-4.02497
8.48229,2.4119,3.64265,-30.155,-4.00805
8.48288,2.41213,3.64237,-30.1547,-4.00762
8.5294,2.43226,3.62003,-30.1343,-3.97231
8.57104,2.45159,3.60095,-30.1147,-3.94091
8.59855,2.46413,3.58873,-30.1029,-3.91927
8.60006,2.46478,3.58803,-30.1022,-3.9181
8.60349,2.46601,3.58642,-30.1013,-3.91522
8.669,2.49266,3.55668,-30.0748,-3.86321
8.68651,2.50024,3.5488,-30.0658,-3.85043
8.70474,2.50723,3.5411,-30.0562,-3.83697
8.82459,2.56064,3.4877,-29.9936,-3.74978
8.87004,2.58313,3.46727,-29.9678,-3.71846
8.9173,2.60808,3.44715,-29.9412,-3.68502
8.92259,2.61062,3.44495,-29.9383,-3.68112
8.92814,2.61323,3.44253,-29.9354,-3.67708
8.93583,2.61671,3.43908,-29.9315,-3.67144
8.96473,2.629,3.42682,-29.9168,-3.64977
8.98215,2.6361,3.41909,-29.9075,-3.63722
9.02229,2.65319,3.40247,-29.8839,-3.6093
9.03418,2.65785,3.39738,-29.8769,-3.60118
9.0437,2.66137,3.39346,-29.8713,-3.59457
9.04719,2.66251,3.39191,-29.8697,-3.59187
9.07644,2.6719,3.38091,-29.8524,-3.571
9.11045,2.68081,3.36913,-29.8339,-3.54504
9.13228,2.68375,3.36072,-29.8248,-3.52707
9.15636,2.68185,3.35051,-29.8136,-3.50832
9.17912,2.67804,3.34159,-29.804,-3.48975
9.17982,2.67791,3.3413,-29.8036,-3.48919
9.18335,2.6776,3.34009,-29.8017,-3.48651
9.19579,2.6761,3.33549,-29.7952,-3.47693
9.1981,2.67576,3.3346,-29.794,-3.47518
9.23376,2.66921,3.32162,-29.7759,-3.44734
9.27705,2.66261,3.30623,-29.7493,-3.41688
9.28077,2.66214,3.30516,-29.7468,-3.41431
9.29693,2.65903,3.29986,-29.7365,-3.40309
9.3324,2.64847,3.28601,-29.7167,-3.37708
9.37063,2.63327,3.2695,-29.6985,-3.34777
9.37418,2.63184,3.26792,-29.6968,-3.34511
9.41581,2.61709,3.25078,-29.6744,-3.31445
9.49302,2.58547,3.21653,-29.6372,-3.25615
9.53635,2.56751,3.19661,-29.6174,-3.22316
9.57162,2.55175,3.18101,-29.6017,-3.19571
9.66453,2.51195,3.13679,-29.5637,-3.12334
9.71664,2.49439,3.11278,-29.5393,-3.08409
9.79492,2.46617,3.07527,-29.5054,-3.0243
9.83314,2.45335,3.05828,-29.4875,-2.9951
9.87847,2.43795,3.03927,-29.4682,-2.95875
9.88401,2.43625,3.03691,-29.4658,-2.9544
9.91746,2.4252,3.02197,-29.4505,-2.92865
10.0529,2.38564,2.96302,-29.3963,-2.81939
10.1321,2.36992,2.92582,-29.3625,-2.75827
10.1511,2.3666,2.91738,-29.3545,-2.7432
10.2197,2.35354,2.88444,-29.3303,-2.68811
10.3668,2.33566,2.82219,-29.2666,-2.57105
10.375,2.33556,2.8188,-29.2625,-2.56479
10.3771,2.33544,2.81785,-29.2615,-2.56319
10.3981,2.33362,2.80898,-29.2513,-2.54713
10.5324,2.32905,2.74855,-29.1966,-2.44036
10.5989,2.33196,2.71675,-29.1695,-2.3887
10.6223,2.33263,2.70678,-29.1599,-2.3698
10.6573,2.33311,2.691,-29.1443,-2.34274
10.702,2.33482,2.67223,-29.1237,-2.30779
10.7809,2.34211,2.63823,-29.0896,-2.24523
10.8158,2.34732,2.62241,-29.0745,-2.21813
10.8757,2.35594,2.59316,-29.0511,-2.17141
10.8928,2.35817,2.58531,-29.0446,-2.15761
10.987,2.37356,2.54062,-29.0042,-2.08517
11.0082,2.37668,2.53172,-28.995,-2.06829
11.0277,2.3801,2.52373,-28.9848,-2.0538
11.0747,2.38797,2.50272,-28.9632,-2.01765
11.0749,2.38799,2.50265,-28.9631,-2.0175
11.0897,2.39009,2.4965,-28.9566,-2.00576
11.1443,2.3977,2.47232,-28.9332,-1.9627
11.2165,2.40989,2.43795,-28.9029,-1.90692
11.2183,2.41023,2.43703,-28.9021,-1.90554
11.2466,2.41581,2.42288,-28.8892,-1.88474
11.262,2.41865,2.41569,-28.8818,-1.87337
11.2873,2.4233,2.4036,-28.8694,-1.85492
11.3294,2.43098,2.38372,-28.8497,-1.82347
11.3673,2.43946,2.36657,-28.8322,-1.79449
11.3963,2.44527,2.35284,-28.82,-1.7721
11.4079,2.4476,2.34694,-28.8156,-1.76319
11.4099,2.44798,2.3459,-28.8148,-1.76166
11.4186,2.44872,2.34174,-28.8117,-1.75464
11.4317,2.44909,2.33566,-28.8074,-1.74389
11.4698,2.44854,2.31846,-28.7949,-1.71228
11.5354,2.44793,2.28594,-28.7732,-1.65957
11.5746,2.44862,2.26492,-28.7605,-1.62905
11.6107,2.44716,2.24555,-28.7487,-1.60098
11.6297,2.44658,2.23565,-28.7422,-1.58605
11.647,2.44592,2.22682,-28.7367,-1.57218
11.6914,2.44387,2.20548,-28.7232,-1.53566
11.7442,2.44048,2.17907,-28.7082,-1.49254
11.7806,2.43857,2.1603,-28.6978,-1.46309
11.7916,2.43823,2.1547,-28.6944,-1.45431
11.7976,2.43803,2.15183,-28.6924,-1.44946
11.8637,2.43594,2.11737,-28.6699,-1.39773
11.907,2.43475,2.09745,-28.6543,-1.36249
11.9161,2.4342,2.09315,-28.6507,-1.3553
11.9168,2.43414,2.09286,-28.6505,-1.35479
11.9808,2.42672,2.06111,-28.63,-1.30316
12.0382,2.42178,2.03437,-28.6127,-1.2554
12.1298,2.41719,1.98731,-28.5845,-1.18194
12.13,2.41718,1.98721,-28.5845,-1.18178
12.179,2.41415,1.96021,-28.57,-1.14363
12.1959,2.41354,1.95107,-28.5649,-1.13034
12.2586,2.40935,1.91872,-28.5452,-1.08035
12.2653,2.40885,1.91532,-28.5433,-1.07488
12.2784,2.40764,1.90856,-28.5392,-1.0644
12.3097,2.40475,1.89298,-28.5292,-1.03924
12.3829,2.39978,1.85563,-28.5088,-0.979687
12.4129,2.39898,1.84005,-28.4998,-0.955721
12.4278,2.39853,1.83223,-28.4952,-0.943817
12.435,2.39782,1.82831,-28.4928,-0.938335
12.444,2.39667,1.82335,-28.49,-0.931297
12.4876,2.3893,1.79936,-28.4779,-0.896991
12.5103,2.38553,1.78693,-28.4711,-0.879332
12.5535,2.37822,1.76331,-28.4593,-0.84504
12.6433,2.36913,1.71636,-28.4354,-0.772383
12.6469,2.36889,1.71444,-28.4343,-0.769495
12.6616,2.36777,1.70617,-28.4302,-0.758051
12.6833,2.36423,1.6945,-28.4253,-0.7404
12.7524,2.35396,1.65714,-28.4068,-0.685368
12.8448,2.34722,1.60463,-28.3812,-0.613773
12.8764,2.3459,1.58708,-28.3713,-0.589358
12.9712,2.34032,1.534,-28.3471,-0.51467
12.9712,2.34032,1.53398,-28.3471,-0.514647
12.9737,2.34005,1.53261,-28.3463,-0.512734
13.0255,2.33469,1.50317,-28.3325,-0.472458
13.0674,2.33193,1.48002,-28.3196,-0.439952
13.0964,2.33078,1.46427,-28.3101,-0.41762
13.1112,2.33043,1.45605,-28.3058,-0.406044
13.2034,2.33206,1.40296,-28.2809,-0.334919
13.236,2.33315,1.38293,-28.2722,-0.310645
13.2679,2.33521,1.36274,-28.2639,-0.28744
13.3109,2.33785,1.33583,-28.2547,-0.255125
13.3639,2.33874,1.30306,-28.2407,-0.215979
13.3887,2.34021,1.28787,-28.2341,-0.197443
13.4509,2.34619,1.25086,-28.2172,-0.150365
13.4735,2.34932,1.23769,-28.2112,-0.133133
13.4783,2.34984,1.23473,-28.2099,-0.129527
13.4877,2.35079,1.22898,-28.2079,-0.122301
13.4974,2.35123,1.22283,-28.206,-0.115039
13.5374,2.35192,1.19723,-28.1972,-0.0856482
13.5378,2.35195,1.19696,-28.1971,-0.0853383
13.5896,2.35515,1.16379,-28.1866,-0.0469159
13.5905,2.35525,1.16326,-28.1865,-0.0463156
13.6303,2.35998,1.13749,-28.1791,-0.016897
13.6345,2.36059,1.13486,-28.1782,-0.0136341
13.674,2.36448,1.11013,-28.1688,0.0156836
13.6818,2.365,1.10509,-28.1667,0.0212496
13.7144,2.36795,1.0848,-28.1577,0.0450116
13.7147,2.36798,1.08456,-28.1576,0.0452761
13.7301,2.36916,1.07461,-28.153,0.0560341
13.7431,2.37048,1.06647,-28.1491,0.065393
13.7606,2.37248,1.05596,-28.1436,0.0782218
13.8124,2.37712,1.02321,-28.1302,0.116172
13.8219,2.37745,1.01689,-28.128,0.122851
13.8242,2.3775,1.01536,-28.1275,0.124494
13.8996,2.37921,0.96424,-28.1098,0.177042
13.9826,2.39095,0.908041,-28.0927,0.235646
13.9836,2.39113,0.907372,-28.0925,0.236381
14.0022,2.39441,0.895183,-28.0881,0.249781
14.0413,2.40111,0.870331,-28.0795,0.278644
14.0415,2.40115,0.870192,-28.0795,0.278809
14.0417,2.40117,0.870088,-28.0794,0.27893
14.0673,2.40391,0.853632,-28.0736,0.297748
14.0684,2.404,0.85294,-28.0734,0.29849
14.0836,2.40534,0.842822,-28.0699,0.309351
14.0868,2.4055,0.840751,-28.0692,0.311704
14.0955,2.40587,0.835136,-28.0672,0.318017
14.1317,2.40718,0.811185,-28.0589,0.343867
14.2668,2.42373,0.718909,-28.0267,0.437101
14.3021,2.43209,0.694592,-28.0203,0.461846
14.3122,2.43452,0.68762,-28.0189,0.469103
14.3629,2.44632,0.653908,-28.0119,0.506215
14.3736,2.44853,0.646698,-28.01,0.513885
14.4051,2.45422,0.626118,-28.0043,0.537127
14.4622,2.46088,0.586658,-27.9922,0.576603
14.5147,2.47171,0.552242,-27.9785,0.613713
14.5171,2.47222,0.550626,-27.9779,0.615379
14.5643,2.48213,0.518796,-27.9672,0.648662
14.5989,2.48959,0.496387,-27.9593,0.673725
14.6094,2.49158,0.489616,-27.9569,0.681439
14.6233,2.49397,0.480374,-27.9538,0.69135
14.6368,2.49573,0.471599,-27.9509,0.701095
14.6407,2.49611,0.46894,-27.95,0.703861
14.6578,2.49792,0.45733,-27.9461,0.715798
14.6875,2.50125,0.43686,-27.9398,0.736383
14.6978,2.50264,0.4297,-27.9375,0.743358
14.7422,2.50919,0.397739,-27.929,0.773073
14.7423,2.5092,0.397695,-27.929,0.773113
14.7576,2.51197,0.386767,-27.9257,0.783312
14.8359,2.52535,0.333188,-27.9074,0.837438
14.9192,2.54364,0.278507,-27.8853,0.896302
14.9558,2.55079,0.253093,-27.8753,0.920696
14.9756,2.55478,0.239211,-27.8696,0.933455
15.0723,2.57301,0.171942,-27.8456,0.998717
15.0904,2.57703,0.15931,-27.8419,1.01109
15.1013,2.57929,0.151611,-27.8395,1.01844
15.1186,2.58287,0.139376,-27.8355,1.03007
15.123,2.58371,0.136248,-27.8344,1.03296
15.1246,2.58392,0.135142,-27.8341,1.03404
15.1554,2.58742,0.114185,-27.8275,1.05564
15.1554,2.58743,0.114175,-27.8275,1.05565
15.1571,2.58759,0.113029,-27.8271,1.05677
15.1763,2.58878,0.0987585,-27.8237,1.0692
15.2011,2.5898,0.0810158,-27.8192,1.08592
15.2029,2.58987,0.0797746,-27.8189,1.08711
15.2713,2.59387,0.0303206,-27.8045,1.13215
15.2943,2.59508,0.0145559,-27.7993,1.14812
15.301,2.59538,0.0100044,-27.798,1.15282
15.3141,2.59583,0.000517678,-27.7958,1.16161
15.3618,2.59724,-0.0331619,-27.7864,1.1941
15.375,2.59788,-0.0428694,-27.7846,1.2029
15.3853,2.5981,-0.0504669,-27.7831,1.20955
15.3993,2.598,-0.0608851,-27.7812,1.21876
15.4127,2.59744,-0.070896,-27.779,1.22746
15.4495,2.59352,-0.0974386,-27.7742,1.25242
15.4937,2.58844,-0.129459,-27.7674,1.28208
15.5095,2.58546,-0.140586,-27.7642,1.29288
15.5677,2.57441,-0.181191,-27.7544,1.33343
15.5758,2.57272,-0.18727,-27.7533,1.33859
15.5932,2.56873,-0.200296,-27.7504,1.34986
15.6594,2.55271,-0.24854,-27.7393,1.3938
15.661,2.55233,-0.249654,-27.7391,1.39488
15.7224,2.53452,-0.292981,-27.7258,1.4364
15.7244,2.534,-0.294368,-27.7254,1.43777
15.7525,2.52516,-0.312283,-27.7169,1.45764
15.8359,2.48096,-0.370796,-27.6911,1.51124
15.8418,2.47756,-0.374638,-27.6891,1.51518
15.9241,2.42995,-0.430746,-27.6636,1.56976
15.939,2.42165,-0.440708,-27.6603,1.58036
16.0205,2.37681,-0.496313,-27.6433,1.63747
16.1103,2.33413,-0.559426,-27.6299,1.6998
16.2004,2.29802,-0.625166,-27.6172,1.76014
16.2641,2.27686,-0.670376,-27.6071,1.80387
16.2867,2.26924,-0.685901,-27.6031,1.8198
16.3134,2.25991,-0.704964,-27.5985,1.83791
16.3527,2.24529,-0.732174,-27.5923,1.8656
16.5922,2.16587,-0.904409,-27.5492,2.02635
16.6435,2.15519,-0.941555,-27.5374,2.05963
16.697,2.14572,-0.979055,-27.5293,2.09704
16.7224,2.14143,-0.996162,-27.5252,2.11531
16.79,2.13182,-1.04024,-27.5149,2.16558
16.8648,2.12576,-1.09098,-27.503,2.21914
16.8923,2.12413,-1.11016,-27.4981,2.23823
16.9289,2.12109,-1.13704,-27.4929,2.26255
16.9865,2.11746,-1.17819,-27.4834,2.30176
17.0068,2.11463,-1.19201,-27.4792,2.31604
17.0885,2.10668,-1.24695,-27.4608,2.37357
17.1126,2.10474,-1.26335,-27.4573,2.39089
17.1446,2.1021,-1.28446,-27.4529,2.41448
17.1541,2.10101,-1.29051,-27.4517,2.42172
17.1963,2.0954,-1.3186,-27.4459,2.45275
17.2129,2.09309,-1.32952,-27.443,2.46484
17.2171,2.09241,-1.33226,-27.4423,2.46798
17.2246,2.09104,-1.33724,-27.4408,2.47332
17.2367,2.08859,-1.34514,-27.4389,2.48228
17.289,2.07801,-1.38057,-27.4308,2.52001
17.2925,2.07705,-1.38265,-27.4315,2.52271
17.312,2.07137,-1.39524,-27.4309,2.5376
17.3755,2.0528,-1.43679,-27.427,2.58547
17.3811,2.0511,-1.44021,-27.4272,2.5898
17.4366,2.03364,-1.47748,-27.4182,2.63
17.4368,2.03359,-1.47758,-27.4182,2.6301
17.5079,2.00821,-1.52676,-27.4047,2.67967
17.5157,2.00557,-1.53236,-27.4039,2.68513
17.5579,1.99232,-1.56242,-27.3955,2.71341
17.6031,1.97875,-1.5955,-27.3905,2.74386
17.6482,1.96505,-1.62887,-27.3808,2.77256
17.6972,1.94849,-1.6655,-27.3697,2.80315
17.7136,1.94309,-1.67803,-27.3649,2.81261
17.7639,1.92507,-1.71551,-27.3549,2.84466
17.7921,1.91613,-1.73682,-27.3457,2.86073
17.8029,1.91235,-1.74463,-27.342,2.86713
17.8319,1.90197,-1.76622,-27.3332,2.88442
17.8731,1.88826,-1.79754,-27.3223,2.9088
17.8732,1.88822,-1.79763,-27.3223,2.90887
17.883,1.8853,-1.8051,-27.3189,2.91424
17.9077,1.87672,-1.82361,-27.3122,2.92919
17.9202,1.8723,-1.83319,-27.3095,2.93675
17.9374,1.86624,-1.84622,-27.3052,2.94721
17.9787,1.8523,-1.87792,-27.2936,2.97086
18.0398,1.83507,-1.92494,-27.2842,3.00882
18.0823,1.82429,-1.95774,-27.2782,3.03508
18.1258,1.81609,-1.99057,-27.2684,3.06191
18.1578,1.81037,-2.0145,-27.2587,3.0809
18.1618,1.80964,-2.01751,-27.2575,3.08312
18.1791,1.80603,-2.03054,-27.2523,3.09327
18.1954,1.80246,-2.04282,-27.2482,3.10322
18.2548,1.79027,-2.0886,-27.2388,3.13989
18.3311,1.77835,-2.14954,-27.2305,3.18501
18.408,1.77446,-2.20963,-27.2152,3.2305
18.4082,1.77446,-2.20976,-27.2151,3.23059
18.4719,1.77104,-2.25993,-27.2026,3.26791
18.4723,1.77104,-2.2602,-27.2025,3.26809
18.536,1.76901,-2.31001,-27.1868,3.30465
18.6462,1.78005,-2.39313,-27.1542,3.36912
18.6462,1.78006,-2.39316,-27.1542,3.36915
18.6505,1.7807,-2.39635,-27.1531,3.37188
18.7215,1.7908,-2.45066,-27.1358,3.41426
18.7468,1.79491,-2.46977,-27.1281,3.42879
18.7697,1.79856,-2.4871,-27.1217,3.44235
18.7906,1.80166,-2.50343,-27.1156,3.45382
18.792,1.80179,-2.50456,-27.1153,3.45469
18.8415,1.80659,-2.54308,-27.1041,3.48368
18.8737,1.80931,-2.56701,-27.0986,3.5045
18.8861,1.8104,-2.57609,-27.0946,3.51187
18.9184,1.81297,-2.5998,-27.088,3.53279
18.9827,1.81983,-2.64866,-27.0782,3.57352
18.9879,1.82038,-2.65248,-27.0776,3.57698
19.0307,1.82424,-2.685,-27.0719,3.60419
19.0346,1.82457,-2.688,-27.0712,3.6066
19.0627,1.82788,-2.70903,-27.0616,3.62258
19.0629,1.8279,-2.70916,-27.0616,3.62266
19.1009,1.83106,-2.73813,-27.0497,3.64425
19.1571,1.83962,-2.78015,-27.031,3.67649
19.1579,1.83976,-2.78073,-27.0307,3.67694
19.1637,1.84071,-2.78494,-27.0285,3.68032
19.1638,1.84072,-2.78501,-27.0284,3.68037
19.1875,1.84344,-2.80273,-27.0208,3.69412
19.2266,1.8484,-2.83259,-27.007,3.7153
19.2438,1.85031,-2.84566,-27.0031,3.72577
19.2548,1.85102,-2.85429,-27.0011,3.73235
19.2696,1.8519,-2.8657,-26.9983,3.74135
19.2953,1.8533,-2.88509,-26.994,3.75754
19.3332,1.85525,-2.91449,-26.9887,3.78099
19.3646,1.85717,-2.93811,-26.9836,3.801
19.3813,1.85842,-2.95041,-26.9801,3.81171
19.4296,1.86375,-2.98627,-26.9622,3.8386
19.45,1.86594,-3.00125,-26.9561,3.85102
19.4618,1.86568,-3.01002,-26.9546,3.85876
19.4631,1.86567,-3.01109,-26.9543,3.85957
19.4633,1.86566,-3.0112,-26.9543,3.85966
19.502,1.8633,-3.04,-26.9461,3.88423
19.5588,1.85967,-3.08261,-26.9356,3.92021
19.606,1.85415,-3.11807,-26.9349,3.95144
19.6552,1.84665,-3.15679,-26.9289,3.98113
19.686,1.84113,-3.17998,-26.9257,4.0012
19.6964,1.83903,-3.18803,-26.9247,4.00767
19.7395,1.83095,-3.22093,-26.9192,4.03502
19.7395,1.83095,-3.22095,-26.9192,4.03503
19.7436,1.83003,-3.22389,-26.9187,4.03775
19.8207,1.81504,-3.27885,-26.9083,4.0908
19.8689,1.80687,-3.3124,-26.9017,4.12486
19.9114,1.79787,-3.34166,-26.8937,4.15452
19.9393,1.79194,-3.36113,-26.889,4.17406
19.9767,1.78563,-3.38804,-26.8804,4.19854
20.0387,1.77693,-3.43143,-26.8668,4.24061
20.0573,1.77412,-3.44373,-26.8627,4.25395
20.1698,1.75151,-3.51977,-26.8528,4.3363
20.1718,1.75124,-3.52116,-26.8526,4.3377
20.1724,1.75117,-3.52157,-26.8525,4.33811
20.2333,1.74181,-3.56301,-26.8443,4.38197
20.2642,1.7359,-3.58326,-26.8402,4.405
20.2995,1.72767,-3.60655,-26.8377,4.43135
20.3139,1.72349,-3.61582,-26.8364,4.44231
20.4467,1.70367,-3.70548,-26.8182,4.53855
20.4803,1.7019,-3.7275,-26.8137,4.56356
20.4942,1.70125,-3.73704,-26.8113,4.57335
20.5386,1.69911,-3.76654,-26.8031,4.60553
20.5632,1.69606,-3.7826,-26.7995,4.62378
20.5633,1.69603,-3.78272,-26.7995,4.62392
20.5698,1.69525,-3.78684,-26.7986,4.62877
20.7069,1.68568,-3.87486,-26.7863,4.73326
20.7492,1.68685,-3.90208,-26.7805,4.76499
20.7638,1.68715,-3.91178,-26.779,4.7758
20.8057,1.68594,-3.93785,-26.7731,4.80814
20.8489,1.68576,-3.96552,-26.7684,4.84103
20.876,1.68628,-3.98329,-26.7661,4.86131
20.8958,1.68748,-3.99685,-26.764,4.87556
20.9452,1.68742,-4.02803,-26.7588,4.91358
20.9899,1.6906,-4.05571,-26.7508,4.94774
20.9904,1.69065,-4.05598,-26.7507,4.94806
21.0423,1.69694,-4.08915,-26.7432,4.98737
21.0427,1.69697,-4.08937,-26.7432,4.98761
21.0625,1.69904,-4.10257,-26.7415,5.00231
21.0625,1.69904,-4.1026,-26.7415,5.00235
21.0761,1.70017,-4.11131,-26.7406,5.01273
21.0865,1.70078,-4.11777,-26.7398,5.02082
21.0933,1.701,-4.12214,-26.7392,5.02603
21.1458,1.70271,-4.15432,-26.7346,5.06726
21.1467,1.70272,-4.15487,-26.7346,5.06797
21.1885,1.70571,-4.17954,-26.729,5.10125
21.21,1.70836,-4.19226,-26.7252,5.11809
21.2119,1.70867,-4.19344,-26.7249,5.11962
21.2257,1.71082,-4.20174,-26.7227,5.13038
21.2304,1.71143,-4.20467,-26.7222,5.134
21.2584,1.71449,-4.22255,-26.7195,5.15545
21.2591,1.71461,-4.22296,-26.7194,5.15592
21.285,1.71924,-4.23964,-26.7155,5.17538
21.2853,1.71929,-4.23983,-26.7155,5.17559
21.309,1.72335,-4.25558,-26.7128,5.1931
21.3099,1.72349,-4.25616,-26.7127,5.19379
21.3296,1.72663,-4.26883,-26.7098,5.20862
21.3336,1.72718,-4.27145,-26.7094,5.21156
21.3412,1.7281,-4.27641,-26.7082,5.21722
21.373,1.72805,-4.29632,-26.7058,5.24196
21.3744,1.72807,-4.29715,-26.7057,5.24301
21.3998,1.72797,-4.31256,-26.7031,5.26313
21.4074,1.72789,-4.31725,-26.7024,5.26897
21.4885,1.72749,-4.37068,-26.6971,5.32986
21.5061,1.72833,-4.38183,-26.6958,5.34339
21.5122,1.72847,-4.38582,-26.6951,5.34794
21.5293,1.72798,-4.3965,-26.693,5.36114
21.5713,1.72521,-4.4223,-26.6864,5.39364
21.6084,1.72038,-4.44501,-26.6835,5.42277
21.6823,1.7138,-4.49097,-26.6787,5.48048
21.6862,1.71352,-4.4933,-26.6781,5.48357
21.6955,1.71233,-4.49903,-26.6765,5.49063
21.6955,1.71232,-4.49906,-26.6765,5.49066
21.6974,1.71204,-4.50019,-26.6761,5.49209
21.7424,1.70393,-4.52832,-26.6713,5.52686
21.7872,1.69374,-4.55553,-26.6669,5.56226
21.7874,1.6937,-4.55561,-26.6669,5.56238
21.8326,1.67934,-4.5852,-26.6688,5.59657
21.8326,1.67934,-4.5852,-26.6688,5.59657
21.8327,1.67933,-4.58523,-26.6688,5.59661
21.881,1.66947,-4.61451,-26.6623,5.63452
21.9034,1.66322,-4.62811,-26.6604,5.65215
21.9534,1.64978,-4.65934,-26.6547,5.69082
21.9714,1.64483,-4.67102,-26.6539,5.70456
22.0325,1.62514,-4.71096,-26.6515,5.75064
22.1042,1.60784,-4.749,-26.6401,5.81042
22.1624,1.59616,-4.77966,-26.6316,5.85905
22.1745,1.59418,-4.78658,-26.63,5.86895
22.182,1.59276,-4.79025,-26.6285,5.87532
22.1852,1.59209,-4.79237,-26.6285,5.8777
22.2155,1.58569,-4.80693,-26.621,5.90313
22.2409,1.58014,-4.82044,-26.6171,5.92435
22.2677,1.57351,-4.83685,-26.6156,5.9455
22.2839,1.56896,-4.8453,-26.6131,5.95907
22.3021,1.56375,-4.85523,-26.6113,5.97422
22.3417,1.55334,-4.87674,-26.6058,6.00692
22.3524,1.5504,-4.88244,-26.6043,6.0159
22.4398,1.53486,-4.92716,-26.5874,6.08902
22.4864,1.53055,-4.95292,-26.5817,6.12749
22.511,1.52929,-4.96723,-26.5805,6.14743
22.5259,1.52844,-4.97628,-26.5796,6.15925
22.5334,1.52802,-4.981,-26.5793,6.16505
22.5618,1.52583,-4.9976,-26.5779,6.18814
22.5694,1.52521,-5.00213,-26.5773,6.19417
22.5763,1.52475,-5.00662,-26.5773,6.19934
22.5764,1.52474,-5.00674,-26.5773,6.19949
22.5921,1.52347,-5.01674,-26.5776,6.21149
22.642,1.52175,-5.05235,-26.5819,6.24622
22.659,1.52072,-5.06329,-26.5819,6.25929
22.6721,1.52044,-5.0719,-26.5815,6.2691
22.6951,1.51915,-5.08437,-26.5777,6.28809
22.7546,1.51869,-5.11624,-26.5707,6.3378
22.7954,1.52079,-5.13827,-26.5684,6.37203
22.8036,1.52129,-5.1435,-26.5686,6.37841
22.8326,1.52252,-5.15927,-26.5666,6.40268
22.8765,1.52459,-5.18304,-26.5624,6.43927
22.9304,1.52864,-5.21318,-26.5549,6.48331
22.9891,1.53539,-5.24495,-26.5464,6.53205
23.0484,1.54622,-5.27592,-26.5402,6.5822
23.1121,1.56095,-5.307,-26.5335,6.63738
23.1312,1.56586,-5.3159,-26.5321,6.65419
23.1391,1.56774,-5.3198,-26.5314,6.66109
23.1416,1.56829,-5.32095,-26.5311,6.66325
23.1892,1.58045,-5.34865,-26.5294,6.70194
23.2438,1.59445,-5.37935,-26.5257,6.74688
23.3088,1.61328,-5.41447,-26.5168,6.80091
23.383,1.63858,-5.44997,-26.5072,6.86537
23.4092,1.64851,-5.462,-26.5047,6.88845
23.4406,1.66057,-5.47756,-26.5014,6.91556
23.4681,1.67091,-5.49029,-26.4986,6.93981
23.51,1.68735,-5.51023,-26.4932,6.97622
23.5136,1.68879,-5.51213,-26.4929,6.97931
23.5373,1.69793,-5.52419,-26.4898,6.99939
23.5392,1.69868,-5.52514,-26.4896,7.00105
23.5973,1.72167,-5.55538,-26.4827,7.0502
23.6478,1.74314,-5.5767,-26.4732,7.09497
23.7007,1.767,-5.59501,-26.4614,7.14314
23.7134,1.77216,-5.5992,-26.458,7.15468
23.7742,1.79949,-5.62675,-26.4486,7.20807
23.7747,1.79972,-5.62701,-26.4485,7.20846
23.8037,1.81426,-5.64276,-26.4456,7.23262
23.8037,1.81427,-5.64277,-26.4456,7.23263
23.8046,1.81468,-5.64322,-26.4456,7.23336
23.8504,1.83634,-5.66871,-26.4415,7.27124
23.9227,1.87475,-5.7088,-26.4383,7.33131
23.9236,1.87519,-5.70905,-26.438,7.33213
23.9421,1.8849,-5.71813,-26.4371,7.34828
23.9904,1.91038,-5.74305,-26.4341,7.3895
23.9964,1.91351,-5.74601,-26.4338,7.3947
24.0437,1.93759,-5.77054,-26.4312,7.43506
24.0705,1.95106,-5.78374,-26.4276,7.45815
24.0717,1.95163,-5.78427,-26.4274,7.45917
24.0994,1.96524,-5.79746,-26.4245,7.48338
24.1187,1.97465,-5.80773,-26.423,7.49969
24.1809,2.00502,-5.83359,-26.411,7.55489
24.1904,2.00984,-5.83725,-26.4093,7.56355
24.257,2.04125,-5.85865,-26.3905,7.62368
24.2592,2.04231,-5.85965,-26.39,7.62563
24.3048,2.06295,-5.87781,-26.3801,7.66628
24.3465,2.08177,-5.89572,-26.3719,7.70299
24.3937,2.10469,-5.91477,-26.3637,7.74539
24.4331,2.12237,-5.93108,-26.3559,7.78043
24.4637,2.13604,-5.94271,-26.3509,7.8083
24.5114,2.15765,-5.9609,-26.3414,7.85136
24.5232,2.16293,-5.9652,-26.3394,7.86212
24.5244,2.16342,-5.96566,-26.3391,7.8632
24.5473,2.17266,-5.97413,-26.3344,7.88401
24.5688,2.18138,-5.98176,-26.3303,7.90369
24.5956,2.19108,-5.99173,-26.3243,7.92775
24.634,2.20363,-6.0018,-26.3138,7.96339
24.6411,2.20586,-6.00346,-26.312,7.96994
24.6423,2.2063,-6.00392,-26.3118,7.97114
24.6762,2.21707,-6.01637,-26.3053,8.00188
24.6833,2.21946,-6.01893,-26.3039,8.00847
24.6973,2.22396,-6.02403,-26.3013,8.02123
24.7113,2.22833,-6.02889,-26.2989,8.03408
24.7242,2.23197,-6.03328,-26.2961,8.04589
24.7324,2.23408,-6.03595,-26.2945,8.05354
24.7808,2.24698,-6.05175,-26.2844,8.09816
24.7894,2.24943,-6.05482,-26.2827,8.106
24.8244,2.25897,-6.0677,-26.2771,8.13807
24.8766,2.27388,-6.0881,-26.2678,8.1852
24.9109,2.28339,-6.1013,-26.263,8.21643
24.9473,2.29326,-6.11599,-26.2568,8.24919
24.9657,2.29834,-6.12238,-26.2526,8.26593
24.9657,2.29834,-6.12238,-26.2526,8.26593
24.9669,2.29864,-6.12277,-26.2523,8.26702
24.9711,2.29959,-6.12413,-26.2515,8.27089
25.0093,2.30756,-6.13589,-26.2446,8.30657
25.0117,2.30804,-6.13668,-26.2441,8.30878
25.0236,2.31037,-6.14049,-26.2417,8.31983
25.0237,2.31038,-6.14051,-26.2416,8.31989
25.0412,2.3142,-6.14637,-26.2382,8.33604
25.0415,2.31426,-6.14646,-26.2381,8.3363
25.0762,2.32147,-6.15739,-26.232,8.36865
25.0836,2.32296,-6.1599,-26.2306,8.37549
25.0854,2.32332,-6.16055,-26.2303,8.37715
25.0859,2.32342,-6.16071,-26.2302,8.37758
25.1088,2.32823,-6.16856,-26.2257,8.39864
25.1187,2.33026,-6.17213,-26.2237,8.40759
25.1205,2.3306,-6.17279,-26.2233,8.40931
25.1895,2.34695,-6.19938,-26.2092,8.47137
25.1898,2.34702,-6.1995,-26.2091,8.47165
25.2357,2.35667,-6.21653,-26.1994,8.51312
25.2404,2.35739,-6.21816,-26.1986,8.51743
25.2506,2.35877,-6.22159,-26.1967,8.52685
25.3056,2.36661,-6.24057,-26.188,8.57776
25.3695,2.37816,-6.2638,-26.176,8.63607
25.3809,2.3805,-6.26813,-26.1737,8.64631
25.4193,2.38812,-6.28215,-26.1662,8.68128
25.4317,2.39096,-6.2859,-26.1632,8.69277
25.4605,2.39664,-6.29542,-26.156,8.71893
25.5055,2.40569,-6.30959,-26.1457,8.76042
25.5122,2.40693,-6.31138,-26.1442,8.76663
25.5317,2.40992,-6.31691,-26.1405,8.78504
25.5559,2.41369,-6.32421,-26.1359,8.80763
25.5559,2.4137,-6.32422,-26.1359,8.80765
25.5602,2.41408,-6.32527,-26.1349,8.81167
25.6354,2.42472,-6.34506,-26.1185,8.88234
25.6971,2.43594,-6.36173,-26.1034,8.93974
25.6972,2.43597,-6.36177,-26.1033,8.93987
25.7326,2.44266,-6.37252,-26.094,8.97231
25.7348,2.44309,-6.37315,-26.0934,8.97431
25.7597,2.44794,-6.38045,-26.0873,8.99727
25.7756,2.44997,-6.38478,-26.0841,9.01224
25.7884,2.4508,-6.38782,-26.0808,9.02424
25.7974,2.45135,-6.38989,-26.0785,9.03272
25.8181,2.45231,-6.39468,-26.0739,9.05229
25.8831,2.45692,-6.41206,-26.0581,9.11291
25.9862,2.4708,-6.43682,-26.029,9.20871
26.0215,2.47707,-6.44329,-26.0195,9.24203
26.0301,2.47856,-6.44484,-26.0171,9.25011
26.0467,2.48092,-6.44817,-26.0128,9.26579
26.0492,2.48126,-6.44874,-26.0121,9.2682
26.054,2.48177,-6.44975,-26.0109,9.27272
26.075,2.48405,-6.45429,-26.0059,9.29262
26.0901,2.4854,-6.45722,-26.002,9.30684
26.168,2.49348,-6.47672,-25.9842,9.38019
26.2499,2.50676,-6.49843,-25.9632,9.45634
26.2631,2.50927,-6.50197,-25.9595,9.46842
26.2866,2.51348,-6.51003,-25.9531,9.48966
26.3017,2.51597,-6.51512,-25.9494,9.5033
26.3112,2.5177,-6.51839,-25.9472,9.51199
26.3282,2.5207,-6.52504,-25.9433,9.52716
26.3365,2.52219,-6.5283,-25.9416,9.53455
26.3491,2.52387,-6.53293,-25.9391,9.54601
26.3621,2.52518,-6.53739,-25.9361,9.55792
26.3944,2.52707,-6.54872,-25.9276,9.58689
26.4831,2.52459,-6.57201,-25.9006,9.66813
26.502,2.5241,-6.57724,-25.8948,9.68534
26.5823,2.51902,-6.5954,-25.8685,9.75895
26.588,2.51869,-6.59688,-25.8669,9.76426
26.6065,2.51602,-6.60243,-25.8626,9.78131
26.6309,2.51222,-6.60911,-25.8576,9.80427
26.6532,2.50867,-6.61496,-25.8516,9.82499
26.7335,2.49818,-6.63358,-25.8324,9.90063
26.7629,2.49455,-6.63926,-25.8248,9.92846
26.8514,2.48399,-6.65914,-25.7951,10.0095
26.8707,2.48005,-6.66401,-25.7889,10.0271
27.0062,2.46109,-6.7018,-25.7487,10.1508
27.0737,2.45787,-6.71799,-25.7289,10.2133
27.0943,2.45682,-6.72267,-25.7229,10.2325
27.1287,2.45463,-6.72974,-25.7132,10.2647
27.1328,2.45438,-6.73045,-25.712,10.2685
27.1753,2.45164,-6.73822,-25.7029,10.3093
27.1966,2.45055,-6.74251,-25.6986,10.3297
27.2669,2.44356,-6.76073,-25.6778,10.3943
27.2795,2.44233,-6.7644,-25.6743,10.4059
27.3968,2.43304,-6.79392,-25.6373,10.5133
27.4461,2.43186,-6.80429,-25.6218,10.5589
27.4646,2.43179,-6.80759,-25.616,10.5761
27.5052,2.43247,-6.81427,-25.6084,10.6155
27.5052,2.43247,-6.81428,-25.6084,10.6155
27.5087,2.43251,-6.81495,-25.6077,10.6188
27.5639,2.43298,-6.8247,-25.5946,10.6716
27.5812,2.43307,-6.82832,-25.5906,10.688
27.5853,2.43302,-6.82914,-25.5896,10.6919
27.6438,2.43252,-6.84252,-25.5748,10.7469
27.6597,2.43239,-6.84661,-25.5711,10.7618
27.7367,2.43339,-6.86367,-25.5545,10.8349
27.7831,2.43664,-6.8728,-25.5429,10.8789
27.8211,2.4391,-6.88068,-25.533,10.9148
27.8672,2.44361,-6.88879,-25.5218,10.9588
27.9341,2.45146,-6.90137,-25.5098,11.0234
27.9451,2.45163,-6.90373,-25.5063,11.0335
27.9903,2.4523,-6.91341,-25.4918,11.0753
28.0152,2.45309,-6.91933,-25.4848,11.0984
28.0384,2.45412,-6.92458,-25.4783,11.1201
28.1113,2.45965,-6.93956,-25.457,11.1882
28.1175,2.46034,-6.94075,-25.4552,11.194
28.1623,2.46543,-6.94846,-25.4417,11.2359
28.1769,2.46729,-6.95074,-25.4374,11.2497
28.2108,2.4711,-6.95697,-25.4283,11.2818
28.2227,2.4726,-6.95898,-25.4255,11.2932
28.2309,2.47353,-6.96035,-25.423,11.3009
28.2426,2.47471,-6.96212,-25.4193,11.3118
28.2533,2.47527,-6.96411,-25.416,11.3218
28.2749,2.47569,-6.96871,-25.4091,11.3418
28.3122,2.4769,-6.97598,-25.3978,11.3766
28.3981,2.47738,-6.99177,-25.3688,11.4558
28.498,2.48674,-7.00804,-25.3448,11.5514
28.5397,2.49055,-7.01453,-25.3342,11.5912
28.5541,2.49137,-7.01741,-25.3305,11.6049
28.5773,2.49286,-7.02216,-25.3252,11.6269
28.5821,2.49303,-7.02301,-25.3241,11.6316
28.6279,2.49385,-7.0321,-25.3126,11.6749
28.6355,2.49405,-7.0335,-25.3106,11.6822
28.702,2.49438,-7.04475,-25.2856,11.7427
28.7039,2.49435,-7.04508,-25.2848,11.7444
28.7275,2.49451,-7.04882,-25.275,11.7655
28.7406,2.49476,-7.05077,-25.2697,11.7773
28.7609,2.49529,-7.05413,-25.263,11.7962
28.7841,2.49448,-7.05751,-25.2542,11.8175
28.842,2.49134,-7.06868,-25.2353,11.871
28.8445,2.49116,-7.06908,-25.2344,11.8733
28.8874,2.4875,-7.07738,-25.2222,11.9136
28.9606,2.48377,-7.08928,-25.2022,11.983
28.9611,2.48373,-7.08934,-25.2021,11.9834
28.9842,2.48164,-7.09205,-25.193,12.0046
29.0055,2.47949,-7.09411,-25.1842,12.0238
29.0624,2.47408,-7.10046,-25.166,12.0774
29.0784,2.47245,-7.10182,-25.1597,12.092
29.1075,2.4666,-7.10627,-25.1499,12.119
29.1284,2.46207,-7.10903,-25.1423,12.1383
29.1946,2.44583,-7.11668,-25.1233,12.2013
29.2236,2.43771,-7.12017,-25.1159,12.2291
29.3034,2.41407,-7.13024,-25.0939,12.3051
29.3597,2.39824,-7.13949,-25.0757,12.3576
29.3978,2.38798,-7.14473,-25.0624,12.3929
29.4024,2.38671,-7.14522,-25.0609,12.3972
29.4667,2.36768,-7.15437,-25.0388,12.4569
29.4806,2.36354,-7.15677,-25.0335,12.4696
29.5015,2.35765,-7.15973,-25.03,12.49
29.5027,2.35723,-7.15994,-25.0298,12.4912
29.6087,2.32187,-7.17485,-25.0011,12.592
29.6204,2.31779,-7.17609,-24.9955,12.6023
29.6935,2.29221,-7.18535,-24.9732,12.6713
29.709,2.28733,-7.18671,-24.9701,12.6864
29.7479,2.27354,-7.19155,-24.9564,12.7224
29.8333,2.24096,-7.20335,-24.9305,12.803
29.8335,2.24091,-7.20337,-24.9305,12.8032
29.8526,2.2347,-7.20631,-24.9273,12.8218
29.8529,2.23462,-7.20634,-24.9273,12.8221
29.9242,2.21341,-7.21544,-24.915,12.8918
29.9682,2.20231,-7.21997,-24.9066,12.9347
29.9748,2.20035,-7.22061,-24.9061,12.9412
30.0513,2.17494,-7.22832,-24.8803,13.0129
30.1108,2.1563,-7.23608,-24.8575,13.0673
30.1355,2.14862,-7.23961,-24.8473,13.0895
30.1651,2.13939,-7.24321,-24.8342,13.1158
30.2048,2.127,-7.24948,-24.8195,13.1521
30.2807,2.10384,-7.25992,-24.7886,13.2207
30.3473,2.08689,-7.26609,-24.7617,13.2813
30.3673,2.08158,-7.26876,-24.7533,13.2993
30.3701,2.08093,-7.26902,-24.7525,13.3019
30.4377,2.06378,-7.27702,-24.7239,13.3627
30.4423,2.06274,-7.27749,-24.7223,13.3669
30.4478,2.06121,-7.27827,-24.7204,13.372
30.5054,2.0462,-7.28588,-24.6994,13.4252
30.5118,2.04473,-7.28654,-24.6975,13.4312
30.5162,2.04351,-7.28715,-24.6961,13.4353
30.5747,2.02842,-7.29485,-24.674,13.489
30.6238,2.01815,-7.29968,-24.6572,13.5348
30.6298,2.01685,-7.30052,-24.6551,13.5404
30.6517,2.01218,-7.30335,-24.6487,13.5611
30.7141,2.00005,-7.30977,-24.6279,13.6196
30.7254,1.99795,-7.31131,-24.6243,13.6302
30.7428,1.99461,-7.31337,-24.6191,13.6467
30.7637,1.98979,-7.31652,-24.6135,13.6666
30.7638,1.98976,-7.31654,-24.6135,13.6667
30.8049,1.98144,-7.32206,-24.6019,13.7058
30.819,1.97901,-7.32358,-24.5987,13.7194
30.8833,1.96429,-7.33245,-24.5766,13.7791
30.9331,1.95531,-7.33749,-24.56,13.8257
30.9791,1.94868,-7.34345,-24.5467,13.8694
31.0409,1.93764,-7.35279,-24.5241,13.9262
31.0641,1.93263,-7.35667,-24.514,13.9467
31.1032,1.92422,-7.36201,-24.4986,13.9823
31.1381,1.91681,-7.36794,-24.4854,14.0139
31.1979,1.90697,-7.37552,-24.4694,14.0711
31.2723,1.89462,-7.38587,-24.4428,14.1398
31.2836,1.89281,-7.38782,-24.4375,14.1496
31.3014,1.89033,-7.39092,-24.4288,14.1648
31.3105,1.88883,-7.39276,-24.425,14.1728
31.3687,1.8799,-7.40259,-24.4057,14.2269
31.3849,1.87758,-7.40586,-24.3993,14.2414
31.4233,1.87132,-7.41236,-24.3798,14.2738
31.4561,1.86672,-7.4189,-24.3652,14.3024
31.4677,1.86491,-7.42078,-24.3609,14.3131
31.4937,1.86032,-7.42419,-24.3517,14.3372
31.497,1.85969,-7.42472,-24.3506,14.3402
31.5323,1.85396,-7.43041,-24.3391,14.3731
31.5834,1.8477,-7.43957,-24.3257,14.4215
31.5996,1.8455,-7.44305,-24.3201,14.4363
31.6272,1.84133,-7.44826,-24.3093,14.4612
31.6775,1.83137,-7.45718,-24.2906,14.5071
31.7061,1.82652,-7.46308,-24.2805,14.5331
31.7181,1.82409,-7.46511,-24.2762,14.5442
31.7745,1.81329,-7.47612,-24.2501,14.593
31.7802,1.8121,-7.47706,-24.2476,14.598
31.8432,1.80139,-7.48922,-24.2229,14.6546
31.8515,1.79998,-7.49078,-24.22,14.6623
31.8869,1.79567,-7.49852,-24.2064,14.694
31.901,1.7938,-7.50114,-24.2022,14.7073
31.957,1.78703,-7.51338,-24.1853,14.7592
31.9597,1.78669,-7.51387,-24.1845,14.7617
31.9769,1.78416,-7.51732,-24.1767,14.7767
31.9874,1.7825,-7.5196,-24.1723,14.7859
32.075,1.76812,-7.53753,-24.1475,14.868
32.1351,1.75889,-7.55016,-24.1334,14.925
32.1979,1.753,-7.56421,-24.1043,14.9789
32.2707,1.7469,-7.5812,-24.0769,15.0441
32.2724,1.74672,-7.58152,-24.0761,15.0456
32.3562,1.74106,-7.60021,-24.0407,15.1193
32.3633,1.74083,-7.60154,-24.0378,15.1255
32.3657,1.74075,-7.60196,-24.0367,15.1276
32.3936,1.73956,-7.60624,-24.0228,15.1514
32.4152,1.73898,-7.61013,-24.012,15.1698
32.4419,1.73739,-7.61442,-23.9994,15.193
32.5173,1.73785,-7.62913,-23.9639,15.2578
32.5284,1.73821,-7.63157,-23.9577,15.2667
32.5551,1.73857,-7.63757,-23.9409,15.2865
32.6116,1.73879,-7.64793,-23.9079,15.3313
32.6282,1.7393,-7.65027,-23.8983,15.3446
32.6964,1.74268,-7.66122,-23.86,15.3999
32.7035,1.74296,-7.66208,-23.8557,15.4054
32.7632,1.74566,-7.67204,-23.823,15.4544
32.8109,1.75066,-7.68154,-23.7972,15.4935
32.8595,1.758,-7.69269,-23.7714,15.533
32.8628,1.75848,-7.69336,-23.7697,15.5358
32.8721,1.75981,-7.69515,-23.7649,15.5435
32.9365,1.76935,-7.70455,-23.7288,15.5961
32.9845,1.77678,-7.71281,-23.7112,15.6399
33.0375,1.78464,-7.72008,-23.6826,15.684
33.0471,1.78603,-7.72165,-23.6774,15.6918
33.1591,1.81255,-7.74333,-23.6175,15.784
33.1689,1.81534,-7.7449,-23.6124,15.7922
33.1708,1.81589,-7.74527,-23.6115,15.7938
33.2302,1.83208,-7.75842,-23.5831,15.8444
33.2404,1.8345,-7.75988,-23.5746,15.8498
33.2511,1.83677,-7.76127,-23.5663,15.8564
33.2712,1.84095,-7.76473,-23.5556,15.8731
33.3203,1.85181,-7.77515,-23.5331,15.9154
33.3979,1.87505,-7.78933,-23.4985,15.9834
33.4575,1.89675,-7.8005,-23.4653,16.0317
33.4689,1.90101,-7.80234,-23.4587,16.0408
33.4738,1.90272,-7.80324,-23.4558,16.0446
33.4747,1.903,-7.80344,-23.4552,16.0453
33.4956,1.90955,-7.80858,-23.4461,16.0633
33.542,1.92486,-7.81881,-23.4253,16.1036
33.5609,1.93124,-7.82333,-23.4165,16.1196
33.5729,1.93518,-7.82588,-23.411,16.13
33.5852,1.93911,-7.82808,-23.4037,16.1397
33.6424,1.9584,-7.83819,-23.3758,16.1886
33.7118,1.98631,-7.85255,-23.3426,16.2478
33.7143,1.98736,-7.85317,-23.3414,16.2499
33.7722,2.01051,-7.86658,-23.3193,16.3018
33.7889,2.01667,-7.87083,-23.3113,16.3157
33.8548,2.04024,-7.88468,-23.2793,16.3717
33.855,2.04033,-7.88472,-23.2792,16.3718
33.869,2.04569,-7.88707,-23.2708,16.3827
33.9161,2.06484,-7.89558,-23.2465,16.4222
33.9166,2.06501,-7.89565,-23.2461,16.4225
33.991,2.09225,-7.91213,-23.2105,16.4858
34.03,2.10582,-7.92005,-23.19,16.5179
34.0591,2.11593,-7.92661,-23.1741,16.5415
34.0718,2.12067,-7.92915,-23.1674,16.5519
34.1254,2.14071,-7.93948,-23.1378,16.5953
34.14,2.14656,-7.94197,-23.13,16.6075
34.1506,2.15078,-7.94387,-23.1249,16.6165
34.1966,2.16899,-7.95448,-23.1068,16.6576
34.2055,2.17255,-7.95624,-23.103,16.6654
34.254,2.19119,-7.9661,-23.0785,16.7061
34.2549,2.1915,-7.96624,-23.0781,16.7068
34.2699,2.19715,-7.96876,-23.0702,16.7194
34.2896,2.20398,-7.97264,-23.0599,16.7357
34.3271,2.21683,-7.9811,-23.0408,16.7668
34.3399,2.22155,-7.98365,-23.0344,16.7776
34.391,2.24033,-7.99339,-23.0076,16.82
34.3998,2.24307,-7.99563,-23.0031,16.8272
34.4361,2.25386,-8.0038,-22.9847,16.8575
34.4468,2.257,-8.00614,-22.9791,16.8662
34.4589,2.26084,-8.00865,-22.973,16.8763
34.4844,2.26889,-8.01362,-22.9602,16.8979
34.5246,2.28106,-8.02243,-22.9389,16.9309
34.5788,2.29671,-8.03435,-22.9119,16.9762
34.6036,2.30383,-8.03962,-22.8989,16.9967
34.607,2.30485,-8.04028,-22.8972,16.9996
34.6165,2.30763,-8.04242,-22.8928,17.0077
34.6695,2.32293,-8.05467,-22.8701,17.054
34.6835,2.32691,-8.05798,-22.8662,17.0671
34.704,2.33139,-8.06347,-22.856,17.084
34.7313,2.33712,-8.07071,-22.8442,17.1075
34.7622,2.34364,-8.07864,-22.8335,17.1354
34.77,2.34523,-8.08073,-22.8307,17.1423
34.7938,2.3503,-8.08759,-22.8218,17.1634
34.8186,2.35522,-8.09456,-22.8136,17.1856
34.8231,2.35604,-8.09572,-22.8121,17.1898
34.8909,2.36822,-8.11541,-22.7905,17.2509
34.9106,2.37127,-8.1206,-22.7829,17.2683
34.9816,2.38257,-8.14184,-22.7558,17.3305
34.9844,2.38301,-8.14248,-22.7543,17.3327
35.0403,2.39245,-8.1566,-22.7233,17.377
35.0757,2.39894,-8.1659,-22.704,17.4052
35.123,2.40826,-8.18007,-22.6778,17.442
35.1232,2.40828,-8.1801,-22.6777,17.4421
35.1317,2.41008,-8.18263,-22.6725,17.4483
35.1617,2.41489,-8.19071,-22.6549,17.4713
35.1693,2.41612,-8.19294,-22.6507,17.4772
35.2258,2.42539,-8.21185,-22.6235,17.523
35.2406,2.42787,-8.21654,-22.6167,17.5352
35.2445,2.42819,-8.2175,-22.6143,17.5383
35.2592,2.4291,-8.22136,-22.6061,17.5497
35.3118,2.43403,-8.23603,-22.577,17.5911
35.3214,2.43481,-8.23877,-22.5711,17.5981
35.3709,2.43698,-8.25341,-22.5455,17.6379
35.4194,2.44036,-8.26803,-22.5175,17.6747
35.4595,2.44379,-8.28265,-22.4991,17.7072
35.4746,2.44428,-8.28801,-22.4924,17.7197
35.5274,2.44713,-8.30671,-22.4664,17.7615
35.5388,2.44747,-8.31111,-22.4606,17.7702
35.5545,2.44731,-8.31696,-22.4526,17.7826
35.5925,2.44503,-8.33038,-22.4357,17.8138
35.6392,2.44272,-8.34728,-22.4122,17.8505
35.6741,2.44086,-8.35865,-22.3943,17.8782
35.72,2.43879,-8.37489,-22.3709,17.9141
35.7434,2.43773,-8.38292,-22.3593,17.9329
35.7559,2.43698,-8.38734,-22.3535,17.943
35.778,2.43541,-8.39575,-22.3437,17.9608
35.8337,2.42845,-8.41424,-22.3098,18.001
35.8341,2.42839,-8.41441,-22.3096,18.0014
35.8923,2.4196,-8.43592,-22.2847,18.0494
35.9186,2.4152,-8.4458,-22.2714,18.0697
35.9594,2.40703,-8.45863,-22.2477,18.1004
35.9633,2.40622,-8.45993,-22.2454,18.1033
36.02,2.39451,-8.4814,-22.215,18.1461
36.0205,2.39442,-8.48156,-22.2148,18.1464
36.0415,2.38939,-8.49029,-22.2032,18.1616
36.0988,2.37547,-8.51229,-22.1715,18.204
36.1217,2.36938,-8.52107,-22.158,18.2203
36.1509,2.36094,-8.53203,-22.1423,18.2423
36.1954,2.34891,-8.55009,-22.1204,18.2767
36.2239,2.33961,-8.56067,-22.103,18.2965
36.27,2.32491,-8.58132,-22.0854,18.3338
36.31,2.3104,-8.59682,-22.0611,18.3615
36.368,2.29076,-8.61913,-22.0298,18.405
36.4553,2.26709,-8.65031,-21.9824,18.4714
36.4895,2.25916,-8.66314,-21.9629,18.4963
36.4897,2.25912,-8.66319,-21.9628,18.4965
36.5001,2.25647,-8.6668,-21.9568,18.5043
36.5165,2.25209,-8.67281,-21.9505,18.5181
36.5647,2.23556,-8.69175,-21.927,18.5557
36.5915,2.22592,-8.70082,-21.9114,18.5755
36.7448,2.1785,-8.75365,-21.8212,18.6876
36.7903,2.1698,-8.77058,-21.7947,18.7205
36.7982,2.16817,-8.77326,-21.79,18.7262
36.8463,2.15798,-8.79151,-21.7626,18.7613
36.8756,2.15039,-8.80142,-21.7477,18.7845
36.8788,2.14952,-8.80259,-21.7461,18.787
36.9143,2.13852,-8.81505,-21.7253,18.8129
36.9831,2.11959,-8.83787,-21.6872,18.8655
37.0525,2.10475,-8.86263,-21.6493,18.9181
37.0775,2.09949,-8.87056,-21.635,18.937
37.1377,2.08998,-8.89605,-21.6114,18.9862
37.1552,2.08559,-8.90181,-21.6006,18.9986
37.1691,2.08172,-8.90561,-21.5912,19.0082
37.2395,2.06355,-8.92849,-21.5506,19.0609
37.341,2.04382,-8.95996,-21.4922,19.1378
37.4081,2.03172,-8.97867,-21.4501,19.1866
37.4318,2.02552,-8.98514,-21.4362,19.2046
37.4394,2.02346,-8.98713,-21.4313,19.2101
37.4781,2.01421,-8.99889,-21.4084,19.239
37.5089,2.00633,-9.00714,-21.3893,19.2616
37.5331,2.00122,-9.01436,-21.3741,19.2791
37.6244,1.98381,-9.04146,-21.3206,19.348
37.6272,1.98337,-9.04221,-21.3191,19.3501
37.698,1.97279,-9.06362,-21.2801,19.4053
37.7266,1.96842,-9.07291,-21.2659,19.4282
37.7285,1.96805,-9.07348,-21.2649,19.4298
37.7946,1.956,-9.09298,-21.2242,19.4781
37.797,1.95567,-9.09385,-21.2231,19.48
37.8831,1.94341,-9.12155,-21.1793,19.5488
37.9367,1.93527,-9.13706,-21.15,19.5909
37.9407,1.93442,-9.13816,-21.1476,19.5939
38.0025,1.92234,-9.15363,-21.1095,19.64
38.0061,1.92176,-9.15474,-21.1075,19.6427
38.0113,1.92082,-9.15627,-21.1046,19.6468
38.051,1.91265,-9.16753,-21.0806,19.6764
38.099,1.90435,-9.18123,-21.053,19.7132
38.1142,1.90176,-9.18516,-21.044,19.7248
38.1471,1.89647,-9.19284,-21.0243,19.75
38.1923,1.88849,-9.20544,-20.9969,19.7838
38.2098,1.88535,-9.21034,-20.9883,19.7981
38.2442,1.87886,-9.2206,-20.9703,19.8256
38.2975,1.87088,-9.23771,-20.9421,19.8674
38.3452,1.86514,-9.25111,-20.916,19.905
38.365,1.86206,-9.25614,-20.9032,19.9192
38.4519,1.84461,-9.27461,-20.8441,19.9803
38.4879,1.83636,-9.28269,-20.8214,20.007
38.5326,1.8289,-9.29589,-20.7975,20.0425
38.5662,1.82413,-9.30484,-20.7795,20.0694
38.5838,1.82139,-9.30916,-20.77,20.0835
38.6267,1.81663,-9.32061,-20.7469,20.1177
38.6515,1.81371,-9.32844,-20.7344,20.1377
38.6547,1.81333,-9.32952,-20.7327,20.1403
38.6597,1.81256,-9.33089,-20.7295,20.1438
38.6982,1.80553,-9.34004,-20.7049,20.172
38.7591,1.7981,-9.35681,-20.6673,20.2168
38.7683,1.79736,-9.35937,-20.662,20.2239
38.7702,1.79715,-9.35985,-20.6609,20.2254
38.7744,1.79665,-9.36089,-20.6584,20.2286
38.8337,1.79147,-9.37884,-20.627,20.2756
38.8478,1.79027,-9.38265,-20.6177,20.2856
38.8504,1.78998,-9.38342,-20.6161,20.2874
38.9027,1.78031,-9.39637,-20.5837,20.3264
38.9346,1.77692,-9.40714,-20.5677,20.3518
38.946,1.77511,-9.41033,-20.5617,20.3609
39.0092,1.76561,-9.42694,-20.5233,20.4083
39.0487,1.7637,-9.44207,-20.5065,20.4407
39.0699,1.76161,-9.45097,-20.4967,20.4573
39.1066,1.75693,-9.46206,-20.4744,20.4842
39.1591,1.75132,-9.47676,-20.4439,20.5244
39.1609,1.75115,-9.4774,-20.4431,20.5258
39.1961,1.7474,-9.48971,-20.4269,20.5545
39.2184,1.74497,-9.4976,-20.4156,20.572
39.2223,1.74446,-9.49871,-20.4131,20.5749
39.3031,1.73271,-9.52203,-20.3644,20.635
39.3033,1.7327,-9.52209,-20.3644,20.6351
39.3462,1.73064,-9.53794,-20.3424,20.6684
39.4159,1.73024,-9.55944,-20.3033,20.7219
39.4773,1.73131,-9.58104,-20.2747,20.7718
39.5447,1.72858,-9.59793,-20.2293,20.8186
39.5451,1.72856,-9.59804,-20.229,20.819
39.6598,1.7312,-9.63132,-20.1582,20.9027
39.6721,1.73244,-9.63488,-20.1512,20.9122
39.6729,1.7325,-9.63519,-20.1507,20.9129
39.7039,1.73485,-9.64621,-20.1348,20.9371
39.7041,1.73487,-9.64628,-20.1347,20.9372
39.7092,1.73528,-9.64801,-20.1321,20.9412
39.7438,1.73734,-9.65943,-20.1119,20.967
39.7895,1.7414,-9.67222,-20.0842,21.0009
39.8723,1.74793,-9.69823,-20.0367,21.0635
39.921,1.75383,-9.71551,-20.0097,21.1002
39.9531,1.75899,-9.72669,-19.9925,21.1249
39.9646,1.76104,-9.73056,-19.9863,21.1339
39.9792,1.76358,-9.73568,-19.9794,21.1457
40.0183,1.77001,-9.74977,-19.9591,21.1759
40.0317,1.77207,-9.75441,-19.9525,21.1867
40.0869,1.78118,-9.77151,-19.9203,21.2281
40.1149,1.78728,-9.78005,-19.9024,21.2478
40.1758,1.80114,-9.79734,-19.8631,21.291
40.1862,1.80405,-9.79954,-19.8559,21.2982
40.2091,1.81011,-9.80422,-19.8402,21.3141
40.2261,1.81414,-9.8085,-19.8285,21.3258
40.2362,1.81603,-9.81124,-19.8215,21.3324
40.2585,1.82034,-9.81667,-19.8057,21.3473
40.2812,1.82488,-9.82229,-19.7901,21.3627
40.2952,1.82768,-9.8256,-19.7806,21.3724
40.3424,1.83711,-9.83832,-19.7485,21.4046
40.3433,1.83731,-9.83853,-19.7478,21.4053
40.3718,1.84242,-9.85049,-19.7353,21.4279
