Distance,Diameter,Radius,,Text File Input
0,2.39001,1.195005,,0 1.195005 0
0.0414178,2.38429,1.192145,,0.0414178 1.192145 0
0.0870975,2.37891,1.189455,,0.0870975 1.189455 0
0.153601,2.37151,1.185755,,0.153601 1.185755 0
0.161649,2.37106,1.18553,,0.161649 1.18553 0
0.238942,2.36935,1.184675,,0.238942 1.184675 0
0.24714,2.36923,1.184615,,0.24714 1.184615 0
0.248568,2.36911,1.184555,,0.248568 1.184555 0
0.348727,2.36165,1.180825,,0.348727 1.180825 0
0.358158,2.36115,1.180575,,0.358158 1.180575 0
0.373924,2.35946,1.17973,,0.373924 1.17973 0
0.47226,2.35074,1.17537,,0.47226 1.17537 0
0.528464,2.34953,1.174765,,0.528464 1.174765 0
0.591582,2.35031,1.175155,,0.591582 1.175155 0
0.608659,2.35057,1.175285,,0.608659 1.175285 0
0.639869,2.35084,1.17542,,0.639869 1.17542 0
0.686823,2.34937,1.174685,,0.686823 1.174685 0
0.694783,2.34875,1.174375,,0.694783 1.174375 0
0.814504,2.34013,1.170065,,0.814504 1.170065 0
0.821312,2.33981,1.169905,,0.821312 1.169905 0
0.932725,2.33531,1.167655,,0.932725 1.167655 0
0.95183,2.3354,1.1677,,0.95183 1.1677 0
1.03219,2.33433,1.167165,,1.03219 1.167165 0
1.03481,2.33411,1.167055,,1.03481 1.167055 0
1.11372,2.32047,1.160235,,1.11372 1.160235 0
1.13324,2.3178,1.1589,,1.13324 1.1589 0
1.20767,2.31306,1.15653,,1.20767 1.15653 0
1.28657,2.30654,1.15327,,1.28657 1.15327 0
1.28695,2.3065,1.15325,,1.28695 1.15325 0
1.31086,2.30402,1.15201,,1.31086 1.15201 0
1.41696,2.28807,1.144035,,1.41696 1.144035 0
1.44058,2.28473,1.142365,,1.44058 1.142365 0
1.45477,2.28235,1.141175,,1.45477 1.141175 0
1.46721,2.28087,1.140435,,1.46721 1.140435 0
1.56492,2.26796,1.13398,,1.56492 1.13398 0
1.59415,2.26497,1.132485,,1.59415 1.132485 0
1.71209,2.25937,1.129685,,1.71209 1.129685 0
1.71232,2.25936,1.12968,,1.71232 1.12968 0
1.78568,2.25541,1.127705,,1.78568 1.127705 0
1.80643,2.25436,1.12718,,1.80643 1.12718 0
1.88481,2.24793,1.123965,,1.88481 1.123965 0
1.88663,2.24782,1.12391,,1.88663 1.12391 0
1.99491,2.24269,1.121345,,1.99491 1.121345 0
2.03594,2.24223,1.121115,,2.03594 1.121115 0
2.08072,2.24127,1.120635,,2.08072 1.120635 0
2.08673,2.24128,1.12064,,2.08673 1.12064 0
2.13318,2.23965,1.119825,,2.13318 1.119825 0
2.18252,2.23782,1.11891,,2.18252 1.11891 0
2.20019,2.23688,1.11844,,2.20019 1.11844 0
2.25979,2.23267,1.116335,,2.25979 1.116335 0
2.31595,2.23059,1.115295,,2.31595 1.115295 0
2.39776,2.22767,1.113835,,2.39776 1.113835 0
2.40396,2.22752,1.11376,,2.40396 1.11376 0
2.45844,2.22745,1.113725,,2.45844 1.113725 0
2.49286,2.22852,1.11426,,2.49286 1.11426 0
2.54495,2.22939,1.114695,,2.54495 1.114695 0
2.56227,2.2291,1.11455,,2.56227 1.11455 0
2.62072,2.22822,1.11411,,2.62072 1.11411 0
2.64406,2.22766,1.11383,,2.64406 1.11383 0
2.67929,2.2261,1.11305,,2.67929 1.11305 0
2.76391,2.22485,1.112425,,2.76391 1.112425 0
2.77286,2.22475,1.112375,,2.77286 1.112375 0
2.84092,2.22479,1.112395,,2.84092 1.112395 0
2.84433,2.22479,1.112395,,2.84433 1.112395 0
2.89337,2.22406,1.11203,,2.89337 1.11203 0
2.92212,2.22178,1.11089,,2.92212 1.11089 0
2.92231,2.22176,1.11088,,2.92231 1.11088 0
2.93412,2.2201,1.11005,,2.93412 1.11005 0
3.00545,2.2102,1.1051,,3.00545 1.1051 0
3.02371,2.20807,1.104035,,3.02371 1.104035 0
3.0521,2.20402,1.10201,,3.0521 1.10201 0
3.08461,2.20041,1.100205,,3.08461 1.100205 0
3.09114,2.19961,1.099805,,3.09114 1.099805 0
3.12489,2.19449,1.097245,,3.12489 1.097245 0
3.18045,2.18549,1.092745,,3.18045 1.092745 0
3.19139,2.18323,1.091615,,3.19139 1.091615 0
3.24995,2.17095,1.085475,,3.24995 1.085475 0
3.2693,2.16618,1.08309,,3.2693 1.08309 0
3.3203,2.15108,1.07554,,3.3203 1.07554 0
3.35275,2.14133,1.070665,,3.35275 1.070665 0
3.39719,2.12606,1.06303,,3.39719 1.06303 0
3.43644,2.11283,1.056415,,3.43644 1.056415 0
3.47927,2.09719,1.048595,,3.47927 1.048595 0
3.48085,2.09659,1.048295,,3.48085 1.048295 0
3.48119,2.09646,1.04823,,3.48119 1.04823 0
3.53196,2.07716,1.03858,,3.53196 1.03858 0
3.53477,2.07611,1.038055,,3.53477 1.038055 0
3.60361,2.04975,1.024875,,3.60361 1.024875 0
3.63661,2.0379,1.01895,,3.63661 1.01895 0
3.65097,2.0327,1.01635,,3.65097 1.01635 0
3.65309,2.03191,1.015955,,3.65309 1.015955 0
3.71514,2.00968,1.00484,,3.71514 1.00484 0
3.73154,2.00408,1.00204,,3.73154 1.00204 0
3.73297,2.00355,1.001775,,3.73297 1.001775 0
3.80916,1.97668,0.98834,,3.80916 0.98834 0
3.84169,1.96704,0.98352,,3.84169 0.98352 0
3.86001,1.96172,0.98086,,3.86001 0.98086 0
3.87941,1.95608,0.97804,,3.87941 0.97804 0
3.9561,1.93438,0.96719,,3.9561 0.96719 0
3.98858,1.92687,0.963435,,3.98858 0.963435 0
4.0065,1.92189,0.960945,,4.0065 0.960945 0
4.02514,1.91714,0.95857,,4.02514 0.95857 0
4.0588,1.90845,0.954225,,4.0588 0.954225 0
4.07094,1.90522,0.95261,,4.07094 0.95261 0
4.12552,1.89099,0.945495,,4.12552 0.945495 0
4.2271,1.87549,0.937745,,4.2271 0.937745 0
4.26217,1.87095,0.935475,,4.26217 0.935475 0
4.28492,1.86948,0.93474,,4.28492 0.93474 0
4.2887,1.86924,0.93462,,4.2887 0.93462 0
4.33073,1.86699,0.933495,,4.33073 0.933495 0
4.38518,1.86474,0.93237,,4.38518 0.93237 0
4.41117,1.86369,0.931845,,4.41117 0.931845 0
4.42195,1.86306,0.93153,,4.42195 0.93153 0
4.4378,1.86184,0.93092,,4.4378 0.93092 0
4.49525,1.85793,0.928965,,4.49525 0.928965 0
4.50333,1.85772,0.92886,,4.50333 0.92886 0
4.61225,1.85891,0.929455,,4.61225 0.929455 0
4.62581,1.85941,0.929705,,4.62581 0.929705 0
4.68795,1.86114,0.93057,,4.68795 0.93057 0
4.70755,1.86093,0.930465,,4.70755 0.930465 0
4.76757,1.86055,0.930275,,4.76757 0.930275 0
4.79278,1.8609,0.93045,,4.79278 0.93045 0
4.82802,1.86098,0.93049,,4.82802 0.93049 0
4.84477,1.86076,0.93038,,4.84477 0.93038 0
4.88733,1.85933,0.929665,,4.88733 0.929665 0
4.9284,1.85774,0.92887,,4.9284 0.92887 0
4.95182,1.85675,0.928375,,4.95182 0.928375 0
4.95978,1.85625,0.928125,,4.95978 0.928125 0
5.00475,1.85236,0.92618,,5.00475 0.92618 0
5.01552,1.85118,0.92559,,5.01552 0.92559 0
5.05562,1.84637,0.923185,,5.05562 0.923185 0
5.09373,1.84194,0.92097,,5.09373 0.92097 0
5.11022,1.83986,0.91993,,5.11022 0.91993 0
5.16913,1.83254,0.91627,,5.16913 0.91627 0
5.18104,1.83086,0.91543,,5.18104 0.91543 0
5.19786,1.82808,0.91404,,5.19786 0.91404 0
5.22763,1.82274,0.91137,,5.22763 0.91137 0
5.24375,1.81987,0.909935,,5.24375 0.909935 0
5.25044,1.81838,0.90919,,5.25044 0.90919 0
5.25074,1.81809,0.909045,,5.25074 0.909045 0
5.29142,1.80676,0.90338,,5.29142 0.90338 0
5.30329,1.80307,0.901535,,5.30329 0.901535 0
5.35784,1.78657,0.893285,,5.35784 0.893285 0
5.38096,1.78,0.89,,5.38096 0.89 0
5.40839,1.7718,0.8859,,5.40839 0.8859 0
5.42121,1.76771,0.883855,,5.42121 0.883855 0
5.47882,1.74993,0.874965,,5.47882 0.874965 0
5.48457,1.74805,0.874025,,5.48457 0.874025 0
5.53692,1.73182,0.86591,,5.53692 0.86591 0
5.54275,1.72995,0.864975,,5.54275 0.864975 0
5.55597,1.72501,0.862505,,5.55597 0.862505 0
5.57124,1.71897,0.859485,,5.57124 0.859485 0
5.63033,1.69627,0.848135,,5.63033 0.848135 0
5.66781,1.68223,0.841115,,5.66781 0.841115 0
5.6892,1.673,0.8365,,5.6892 0.8365 0
5.691,1.67226,0.83613,,5.691 0.83613 0
5.74753,1.64974,0.82487,,5.74753 0.82487 0
5.77186,1.63913,0.819565,,5.77186 0.819565 0
5.79546,1.62872,0.81436,,5.79546 0.81436 0
5.83921,1.60957,0.804785,,5.83921 0.804785 0
5.8723,1.59598,0.79799,,5.8723 0.79799 0
5.89967,1.58548,0.79274,,5.89967 0.79274 0
5.93621,1.57154,0.78577,,5.93621 0.78577 0
5.95199,1.56545,0.782725,,5.95199 0.782725 0
5.98086,1.55437,0.777185,,5.98086 0.777185 0
6.01946,1.53993,0.769965,,6.01946 0.769965 0
6.05473,1.52695,0.763475,,6.05473 0.763475 0
6.07171,1.51999,0.759995,,6.07171 0.759995 0
6.12247,1.49957,0.749785,,6.12247 0.749785 0
6.17463,1.48087,0.740435,,6.17463 0.740435 0
6.21822,1.46537,0.732685,,6.21822 0.732685 0
6.29915,1.44154,0.72077,,6.29915 0.72077 0
6.31035,1.4386,0.7193,,6.31035 0.7193 0
6.33043,1.43315,0.716575,,6.33043 0.716575 0
6.33966,1.43019,0.715095,,6.33966 0.715095 0
6.41197,1.41,0.705,,6.41197 0.705 0
6.46946,1.39892,0.69946,,6.46946 0.69946 0
6.49604,1.39484,0.69742,,6.49604 0.69742 0
6.55778,1.3867,0.69335,,6.55778 0.69335 0
6.64341,1.38457,0.692285,,6.64341 0.692285 0
6.68339,1.38366,0.69183,,6.68339 0.69183 0
6.71012,1.38361,0.691805,,6.71012 0.691805 0
6.71721,1.38365,0.691825,,6.71721 0.691825 0
6.76568,1.38442,0.69221,,6.76568 0.69221 0
6.80488,1.38663,0.693315,,6.80488 0.693315 0
6.81207,1.38695,0.693475,,6.81207 0.693475 0
6.90725,1.39932,0.69966,,6.90725 0.69966 0
6.98938,1.42084,0.71042,,6.98938 0.71042 0
6.99002,1.42101,0.710505,,6.99002 0.710505 0
6.99422,1.42213,0.711065,,6.99422 0.711065 0
7.05028,1.43794,0.71897,,7.05028 0.71897 0
7.07887,1.4469,0.72345,,7.07887 0.72345 0
7.10962,1.45531,0.727655,,7.10962 0.727655 0
7.13682,1.46324,0.73162,,7.13682 0.73162 0
7.20149,1.48548,0.74274,,7.20149 0.74274 0
7.24634,1.50473,0.752365,,7.24634 0.752365 0
7.25452,1.50845,0.754225,,7.25452 0.754225 0
7.29159,1.52665,0.763325,,7.29159 0.763325 0
7.29287,1.52728,0.76364,,7.29287 0.76364 0
7.31184,1.53694,0.76847,,7.31184 0.76847 0
7.31512,1.53844,0.76922,,7.31512 0.76922 0
7.36126,1.55939,0.779695,,7.36126 0.779695 0
7.38454,1.57021,0.785105,,7.38454 0.785105 0
7.4307,1.59161,0.795805,,7.4307 0.795805 0
7.44856,1.60017,0.800085,,7.44856 0.800085 0
7.47461,1.61259,0.806295,,7.47461 0.806295 0
7.50879,1.62971,0.814855,,7.50879 0.814855 0
7.51686,1.63374,0.81687,,7.51686 0.81687 0
7.55869,1.65402,0.82701,,7.55869 0.82701 0
7.56875,1.65868,0.82934,,7.56875 0.82934 0
7.57682,1.6623,0.83115,,7.57682 0.83115 0
7.62072,1.68188,0.84094,,7.62072 0.84094 0
7.63467,1.68825,0.844125,,7.63467 0.844125 0
7.65902,1.69865,0.849325,,7.65902 0.849325 0
7.68428,1.70921,0.854605,,7.68428 0.854605 0
7.70824,1.7188,0.8594,,7.70824 0.8594 0
7.70831,1.71883,0.859415,,7.70831 0.859415 0
7.72626,1.72573,0.862865,,7.72626 0.862865 0
7.72868,1.72657,0.863285,,7.72868 0.863285 0
7.78094,1.74548,0.87274,,7.78094 0.87274 0
7.80045,1.75161,0.875805,,7.80045 0.875805 0
7.8046,1.75287,0.876435,,7.8046 0.876435 0
7.82257,1.75693,0.878465,,7.82257 0.878465 0
7.87182,1.76967,0.884835,,7.87182 0.884835 0
7.87964,1.77127,0.885635,,7.87964 0.885635 0
7.88011,1.77135,0.885675,,7.88011 0.885675 0
7.89452,1.77338,0.88669,,7.89452 0.88669 0
7.94147,1.78085,0.890425,,7.94147 0.890425 0
7.95851,1.78356,0.89178,,7.95851 0.89178 0
7.96355,1.78398,0.89199,,7.96355 0.89199 0
8.00901,1.78735,0.893675,,8.00901 0.893675 0
8.02687,1.78871,0.894355,,8.02687 0.894355 0
8.06371,1.79248,0.89624,,8.06371 0.89624 0
8.11509,1.79268,0.89634,,8.11509 0.89634 0
8.12961,1.79187,0.895935,,8.12961 0.895935 0
8.15022,1.79111,0.895555,,8.15022 0.895555 0
8.18077,1.78965,0.894825,,8.18077 0.894825 0
8.21019,1.78847,0.894235,,8.21019 0.894235 0
8.24844,1.78739,0.893695,,8.24844 0.893695 0
8.27016,1.78666,0.89333,,8.27016 0.89333 0
8.29617,1.78556,0.89278,,8.29617 0.89278 0
8.30288,1.7849,0.89245,,8.30288 0.89245 0
8.33712,1.78208,0.89104,,8.33712 0.89104 0
8.35808,1.78027,0.890135,,8.35808 0.890135 0
8.43058,1.77505,0.887525,,8.43058 0.887525 0
8.46285,1.77487,0.887435,,8.46285 0.887435 0
8.51208,1.77582,0.88791,,8.51208 0.88791 0
8.51219,1.77582,0.88791,,8.51219 0.88791 0
8.52627,1.77623,0.888115,,8.52627 0.888115 0
8.54857,1.77631,0.888155,,8.54857 0.888155 0
8.61849,1.77868,0.88934,,8.61849 0.88934 0
8.61902,1.7787,0.88935,,8.61902 0.88935 0
8.62229,1.77889,0.889445,,8.62229 0.889445 0
8.66779,1.7815,0.89075,,8.66779 0.89075 0
8.68148,1.78296,0.89148,,8.68148 0.89148 0
8.73564,1.78838,0.89419,,8.73564 0.89419 0
8.76678,1.79303,0.896515,,8.76678 0.896515 0
8.80266,1.79629,0.898145,,8.80266 0.898145 0
8.81576,1.79741,0.898705,,8.81576 0.898705 0
8.8406,1.79904,0.89952,,8.8406 0.89952 0
8.88979,1.80283,0.901415,,8.88979 0.901415 0
8.92009,1.80409,0.902045,,8.92009 0.902045 0
8.95424,1.80579,0.902895,,8.95424 0.902895 0
8.99777,1.80864,0.90432,,8.99777 0.90432 0
9.00619,1.80904,0.90452,,9.00619 0.90452 0
9.06048,1.81261,0.906305,,9.06048 0.906305 0
9.115,1.81822,0.90911,,9.115 0.90911 0
9.13858,1.8205,0.91025,,9.13858 0.91025 0
9.18207,1.82412,0.91206,,9.18207 0.91206 0
9.1986,1.82505,0.912525,,9.1986 0.912525 0
9.21541,1.82519,0.912595,,9.21541 0.912595 0
9.21891,1.82519,0.912595,,9.21891 0.912595 0
9.26143,1.82542,0.91271,,9.26143 0.91271 0
9.29274,1.82511,0.912555,,9.29274 0.912555 0
9.30045,1.82497,0.912485,,9.30045 0.912485 0
9.30396,1.82487,0.912435,,9.30396 0.912435 0
9.35825,1.82366,0.91183,,9.35825 0.91183 0
9.3776,1.8234,0.9117,,9.3776 0.9117 0
9.40855,1.82009,0.910045,,9.40855 0.910045 0
9.42998,1.81729,0.908645,,9.42998 0.908645 0
9.4561,1.81376,0.90688,,9.4561 0.90688 0
9.48207,1.8101,0.90505,,9.48207 0.90505 0
9.49404,1.80877,0.904385,,9.49404 0.904385 0
9.54427,1.80346,0.90173,,9.54427 0.90173 0
9.58305,1.8005,0.90025,,9.58305 0.90025 0
9.64106,1.79947,0.899735,,9.64106 0.899735 0
9.64269,1.79947,0.899735,,9.64269 0.899735 0
9.68748,1.79647,0.898235,,9.68748 0.898235 0
9.7194,1.79438,0.89719,,9.7194 0.89719 0
9.75797,1.79168,0.89584,,9.75797 0.89584 0
9.78695,1.78888,0.89444,,9.78695 0.89444 0
9.84593,1.78511,0.892555,,9.84593 0.892555 0
9.85174,1.78479,0.892395,,9.85174 0.892395 0
9.89641,1.78245,0.891225,,9.89641 0.891225 0
9.92015,1.78171,0.890855,,9.92015 0.890855 0
9.96703,1.78059,0.890295,,9.96703 0.890295 0
10.0029,1.77887,0.889435,,10.0029 0.889435 0
10.0198,1.77819,0.889095,,10.0198 0.889095 0
10.0284,1.77799,0.888995,,10.0284 0.888995 0
10.0719,1.77683,0.888415,,10.0719 0.888415 0
10.1418,1.78111,0.890555,,10.1418 0.890555 0
10.1418,1.78112,0.89056,,10.1418 0.89056 0
10.1489,1.78185,0.890925,,10.1489 0.890925 0
10.201,1.78841,0.894205,,10.201 0.894205 0
10.2381,1.79332,0.89666,,10.2381 0.89666 0
10.2479,1.79482,0.89741,,10.2479 0.89741 0
10.2608,1.79635,0.898175,,10.2608 0.898175 0
10.2954,1.80074,0.90037,,10.2954 0.90037 0
10.3139,1.80324,0.90162,,10.3139 0.90162 0
10.394,1.81402,0.90701,,10.394 0.90701 0
10.4307,1.8206,0.9103,,10.4307 0.9103 0
10.4585,1.82634,0.91317,,10.4585 0.91317 0
10.4585,1.82635,0.913175,,10.4585 0.913175 0
10.4709,1.82847,0.914235,,10.4709 0.914235 0
10.4878,1.83179,0.915895,,10.4878 0.915895 0
10.5133,1.83666,0.91833,,10.5133 0.91833 0
10.5311,1.84026,0.92013,,10.5311 0.92013 0
10.5311,1.84027,0.920135,,10.5311 0.920135 0
10.5427,1.8426,0.9213,,10.5427 0.9213 0
10.5614,1.84596,0.92298,,10.5614 0.92298 0
10.5651,1.84666,0.92333,,10.5651 0.92333 0
10.5785,1.84899,0.924495,,10.5785 0.924495 0
10.6097,1.85421,0.927105,,10.6097 0.927105 0
10.6138,1.85423,0.927115,,10.6138 0.927115 0
10.6585,1.85376,0.92688,,10.6585 0.92688 0
10.6687,1.85305,0.926525,,10.6687 0.926525 0
10.7205,1.84932,0.92466,,10.7205 0.92466 0
10.721,1.84928,0.92464,,10.721 0.92464 0
10.8272,1.84683,0.923415,,10.8272 0.923415 0
10.8413,1.8474,0.9237,,10.8413 0.9237 0
10.8894,1.8491,0.92455,,10.8894 0.92455 0
10.907,1.8498,0.9249,,10.907 0.9249 0
10.9293,1.85061,0.925305,,10.9293 0.925305 0
10.9522,1.8509,0.92545,,10.9522 0.92545 0
10.9691,1.85104,0.92552,,10.9691 0.92552 0
11.0191,1.85206,0.92603,,11.0191 0.92603 0
11.1196,1.85302,0.92651,,11.1196 0.92651 0
11.1219,1.85315,0.926575,,11.1219 0.926575 0
11.1291,1.85341,0.926705,,11.1291 0.926705 0
11.1493,1.85352,0.92676,,11.1493 0.92676 0
11.1511,1.85362,0.92681,,11.1511 0.92681 0
11.2187,1.85556,0.92778,,11.2187 0.92778 0
11.231,1.85601,0.928005,,11.231 0.928005 0
11.2961,1.86086,0.93043,,11.2961 0.93043 0
11.3131,1.86184,0.93092,,11.3131 0.93092 0
11.3411,1.86262,0.93131,,11.3411 0.93131 0
11.3816,1.86496,0.93248,,11.3816 0.93248 0
11.5071,1.87739,0.938695,,11.5071 0.938695 0
11.5311,1.88283,0.941415,,11.5311 0.941415 0
11.5633,1.88888,0.94444,,11.5633 0.94444 0
11.5861,1.89325,0.946625,,11.5861 0.946625 0
11.6108,1.89832,0.94916,,11.6108 0.94916 0
11.6167,1.89946,0.94973,,11.6167 0.94973 0
11.652,1.90346,0.95173,,11.652 0.95173 0
11.6737,1.90687,0.953435,,11.6737 0.953435 0
11.7413,1.91935,0.959675,,11.7413 0.959675 0
11.7439,1.91983,0.959915,,11.7439 0.959915 0
11.7763,1.92545,0.962725,,11.7763 0.962725 0
11.7944,1.92727,0.963635,,11.7944 0.963635 0
11.8023,1.9277,0.96385,,11.8023 0.96385 0
11.8688,1.92957,0.964785,,11.8688 0.964785 0
11.8717,1.92969,0.964845,,11.8717 0.964845 0
11.8911,1.93049,0.965245,,11.8911 0.965245 0
11.9199,1.93099,0.965495,,11.9199 0.965495 0
11.9579,1.93223,0.966115,,11.9579 0.966115 0
11.9999,1.9338,0.9669,,11.9999 0.9669 0
12.0326,1.93396,0.96698,,12.0326 0.96698 0
12.0421,1.93371,0.966855,,12.0421 0.966855 0
12.0833,1.93285,0.966425,,12.0833 0.966425 0
12.1202,1.93053,0.965265,,12.1202 0.965265 0
12.1515,1.9288,0.9644,,12.1515 0.9644 0
12.1841,1.92828,0.96414,,12.1841 0.96414 0
12.2327,1.92924,0.96462,,12.2327 0.96462 0
12.2511,1.92961,0.964805,,12.2511 0.964805 0
12.2536,1.92963,0.964815,,12.2536 0.964815 0
12.3015,1.93044,0.96522,,12.3015 0.96522 0
12.3128,1.93003,0.965015,,12.3128 0.965015 0
12.3167,1.92982,0.96491,,12.3167 0.96491 0
12.3262,1.92906,0.96453,,12.3262 0.96453 0
12.3359,1.92823,0.964115,,12.3359 0.964115 0
12.3495,1.9268,0.9634,,12.3495 0.9634 0
12.3499,1.92676,0.96338,,12.3499 0.96338 0
12.3789,1.92429,0.962145,,12.3789 0.962145 0
12.4068,1.92218,0.96109,,12.4068 0.96109 0
12.4247,1.92043,0.960215,,12.4247 0.960215 0
12.4393,1.91914,0.95957,,12.4393 0.95957 0
12.5033,1.91571,0.957855,,12.5033 0.957855 0
12.5175,1.9156,0.9578,,12.5175 0.9578 0
12.5464,1.91453,0.957265,,12.5464 0.957265 0
12.5537,1.91427,0.957135,,12.5537 0.957135 0
12.5596,1.91399,0.956995,,12.5596 0.956995 0
12.6134,1.91167,0.955835,,12.6134 0.955835 0
12.6148,1.91164,0.95582,,12.6148 0.95582 0
12.7016,1.91501,0.957505,,12.7016 0.957505 0
12.7114,1.91587,0.957935,,12.7114 0.957935 0
12.7388,1.91774,0.95887,,12.7388 0.95887 0
12.7557,1.91812,0.95906,,12.7557 0.95906 0
12.7559,1.91812,0.95906,,12.7559 0.95906 0
12.7875,1.91788,0.95894,,12.7875 0.95894 0
12.7903,1.91775,0.958875,,12.7903 0.958875 0
12.9182,1.92265,0.961325,,12.9182 0.961325 0
12.9513,1.92761,0.963805,,12.9513 0.963805 0
12.9588,1.92806,0.96403,,12.9588 0.96403 0
12.9661,1.92839,0.964195,,12.9661 0.964195 0
13.0091,1.93006,0.96503,,13.0091 0.96503 0
13.0339,1.93105,0.965525,,13.0339 0.965525 0
13.0413,1.93141,0.965705,,13.0413 0.965705 0
13.0695,1.9329,0.96645,,13.0695 0.96645 0
13.1088,1.93459,0.967295,,13.1088 0.967295 0
13.1554,1.93833,0.969165,,13.1554 0.969165 0
13.1561,1.93835,0.969175,,13.1561 0.969175 0
13.1644,1.93874,0.96937,,13.1644 0.96937 0
13.195,1.94036,0.97018,,13.195 0.97018 0
13.2086,1.94111,0.970555,,13.2086 0.970555 0
13.2739,1.94216,0.97108,,13.2739 0.97108 0
13.282,1.94251,0.971255,,13.282 0.971255 0
13.3067,1.94336,0.97168,,13.3067 0.97168 0
13.3473,1.94471,0.972355,,13.3473 0.972355 0
13.3995,1.94862,0.97431,,13.3995 0.97431 0
13.4021,1.94875,0.974375,,13.4021 0.974375 0
13.4065,1.94888,0.97444,,13.4065 0.97444 0
13.4301,1.94904,0.97452,,13.4301 0.97452 0
13.4771,1.94952,0.97476,,13.4771 0.97476 0
13.4838,1.94963,0.974815,,13.4838 0.974815 0
13.4839,1.94963,0.974815,,13.4839 0.974815 0
13.5392,1.94948,0.97474,,13.5392 0.97474 0
13.6212,1.9462,0.9731,,13.6212 0.9731 0
13.6312,1.94517,0.972585,,13.6312 0.972585 0
13.6371,1.94431,0.972155,,13.6371 0.972155 0
13.6971,1.93537,0.967685,,13.6971 0.967685 0
13.7435,1.93002,0.96501,,13.7435 0.96501 0
13.7856,1.92402,0.96201,,13.7856 0.96201 0
13.7981,1.92239,0.961195,,13.7981 0.961195 0
13.8111,1.92012,0.96006,,13.8111 0.96006 0
13.8419,1.91403,0.957015,,13.8419 0.957015 0
13.8636,1.91066,0.95533,,13.8636 0.95533 0
13.9178,1.90346,0.95173,,13.9178 0.95173 0
13.9333,1.90211,0.951055,,13.9333 0.951055 0
13.9358,1.90184,0.95092,,13.9358 0.95092 0
13.9654,1.89771,0.948855,,13.9654 0.948855 0
13.9942,1.8939,0.94695,,13.9942 0.94695 0
14.0997,1.88112,0.94056,,14.0997 0.94056 0
14.132,1.87858,0.93929,,14.132 0.93929 0
14.1734,1.87326,0.93663,,14.1734 0.93663 0
14.2323,1.86389,0.931945,,14.2323 0.931945 0
14.343,1.85691,0.928455,,14.343 0.928455 0
14.4126,1.86051,0.930255,,14.4126 0.930255 0
14.4586,1.86396,0.93198,,14.4586 0.93198 0
14.4647,1.86427,0.932135,,14.4647 0.932135 0
14.4807,1.86499,0.932495,,14.4807 0.932495 0
14.523,1.86682,0.93341,,14.523 0.93341 0
14.5433,1.86747,0.933735,,14.5433 0.933735 0
14.5787,1.86927,0.934635,,14.5787 0.934635 0
14.58,1.86938,0.93469,,14.58 0.93469 0
14.6148,1.87236,0.93618,,14.6148 0.93618 0
14.615,1.87238,0.93619,,14.615 0.93619 0
14.6536,1.87765,0.938825,,14.6536 0.938825 0
14.6569,1.87815,0.939075,,14.6569 0.939075 0
14.679,1.8815,0.94075,,14.679 0.94075 0
14.7,1.8852,0.9426,,14.7 0.9426 0
14.7036,1.88598,0.94299,,14.7036 0.94299 0
14.7235,1.89036,0.94518,,14.7235 0.94518 0
14.7236,1.89037,0.945185,,14.7236 0.945185 0
14.7372,1.89371,0.946855,,14.7372 0.946855 0
14.7787,1.90048,0.95024,,14.7787 0.95024 0
14.8525,1.90775,0.953875,,14.8525 0.953875 0
14.8682,1.9094,0.9547,,14.8682 0.9547 0
14.9165,1.91474,0.95737,,14.9165 0.95737 0
14.9231,1.91516,0.95758,,14.9231 0.95758 0
14.9755,1.92043,0.960215,,14.9755 0.960215 0
15.0075,1.92355,0.961775,,15.0075 0.961775 0
15.0545,1.93125,0.965625,,15.0545 0.965625 0
15.0796,1.93563,0.967815,,15.0796 0.967815 0
15.0995,1.93955,0.969775,,15.0995 0.969775 0
15.1063,1.94033,0.970165,,15.1063 0.970165 0
15.1559,1.94585,0.972925,,15.1559 0.972925 0
15.2116,1.9544,0.9772,,15.2116 0.9772 0
15.2196,1.95545,0.977725,,15.2196 0.977725 0
15.2219,1.95584,0.97792,,15.2219 0.97792 0
15.3318,1.97929,0.989645,,15.3318 0.989645 0
15.3321,1.97935,0.989675,,15.3321 0.989675 0
15.342,1.98186,0.99093,,15.342 0.99093 0
15.3855,1.99304,0.99652,,15.3855 0.99652 0
15.3868,1.99336,0.99668,,15.3868 0.99668 0
15.4301,2.0026,1.0013,,15.4301 1.0013 0
15.4496,2.00695,1.003475,,15.4496 1.003475 0
15.5015,2.02227,1.011135,,15.5015 1.011135 0
15.5663,2.03982,1.01991,,15.5663 1.01991 0
15.5763,2.04286,1.02143,,15.5763 1.02143 0
15.6003,2.05078,1.02539,,15.6003 1.02539 0
15.6004,2.0508,1.0254,,15.6004 1.0254 0
15.6107,2.05393,1.026965,,15.6107 1.026965 0
15.6435,2.06063,1.030315,,15.6435 1.030315 0
15.669,2.06324,1.03162,,15.669 1.03162 0
15.6943,2.0654,1.0327,,15.6943 1.0327 0
15.7335,2.06963,1.034815,,15.7335 1.034815 0
15.7571,2.07155,1.035775,,15.7571 1.035775 0
15.7582,2.07158,1.03579,,15.7582 1.03579 0
15.7842,2.07045,1.035225,,15.7842 1.035225 0
15.836,2.06328,1.03164,,15.836 1.03164 0
15.9575,2.04859,1.024295,,15.9575 1.024295 0
16.0264,2.03797,1.018985,,16.0264 1.018985 0
16.0403,2.03576,1.01788,,16.0403 1.01788 0
16.0893,2.02809,1.014045,,16.0893 1.014045 0
16.1261,2.02364,1.01182,,16.1261 1.01182 0
16.131,2.02286,1.01143,,16.131 1.01143 0
16.1472,2.02047,1.010235,,16.1472 1.010235 0
16.1957,2.01316,1.00658,,16.1957 1.00658 0
16.2176,2.01017,1.005085,,16.2176 1.005085 0
16.2968,2.00251,1.001255,,16.2968 1.001255 0
16.2978,2.00242,1.00121,,16.2978 1.00121 0
16.3321,1.99853,0.999265,,16.3321 0.999265 0
16.3329,1.99844,0.99922,,16.3329 0.99922 0
16.3679,1.99415,0.997075,,16.3679 0.997075 0
16.4364,1.98361,0.991805,,16.4364 0.991805 0
16.4823,1.97551,0.987755,,16.4823 0.987755 0
16.6314,1.96723,0.983615,,16.6314 0.983615 0
16.6677,1.96929,0.984645,,16.6677 0.984645 0
16.6703,1.96944,0.98472,,16.6703 0.98472 0
16.6989,1.97106,0.98553,,16.6989 0.98553 0
16.699,1.97106,0.98553,,16.699 0.98553 0
16.7105,1.9711,0.98555,,16.7105 0.98555 0
16.777,1.97211,0.986055,,16.777 0.986055 0
16.782,1.97205,0.986025,,16.782 0.986025 0
16.7929,1.97177,0.985885,,16.7929 0.985885 0
16.8923,1.97267,0.986335,,16.8923 0.986335 0
16.955,1.97868,0.98934,,16.955 0.98934 0
16.9586,1.97888,0.98944,,16.9586 0.98944 0
16.9978,1.98018,0.99009,,16.9978 0.99009 0
17.0514,1.98043,0.990215,,17.0514 0.990215 0
17.0673,1.98043,0.990215,,17.0673 0.990215 0
17.1045,1.9796,0.9898,,17.1045 0.9898 0
17.1951,1.98306,0.99153,,17.1951 0.99153 0
17.239,1.98733,0.993665,,17.239 0.993665 0
17.2487,1.98819,0.994095,,17.2487 0.994095 0
17.2522,1.98844,0.99422,,17.2522 0.99422 0
17.2635,1.98932,0.99466,,17.2635 0.99466 0
17.3093,1.99243,0.996215,,17.3093 0.996215 0
17.3555,1.99406,0.99703,,17.3555 0.99703 0
17.3713,1.99419,0.997095,,17.3713 0.997095 0
17.3957,1.99426,0.99713,,17.3957 0.99713 0
17.4452,1.9939,0.99695,,17.4452 0.99695 0
17.4973,1.99562,0.99781,,17.4973 0.99781 0
17.5006,1.99571,0.997855,,17.5006 0.997855 0
17.5477,1.99495,0.997475,,17.5477 0.997475 0
17.5542,1.99479,0.997395,,17.5542 0.997395 0
17.5662,1.9942,0.9971,,17.5662 0.9971 0
17.6257,1.99222,0.99611,,17.6257 0.99611 0
17.6397,1.99181,0.995905,,17.6397 0.995905 0
17.644,1.99159,0.995795,,17.644 0.995795 0
17.693,1.98979,0.994895,,17.693 0.994895 0
17.7139,1.98986,0.99493,,17.7139 0.99493 0
17.7224,1.99003,0.995015,,17.7224 0.995015 0
17.7354,1.98994,0.99497,,17.7354 0.99497 0
17.7409,1.98966,0.99483,,17.7409 0.99483 0
17.7513,1.98907,0.994535,,17.7513 0.994535 0
17.8082,1.98643,0.993215,,17.8082 0.993215 0
17.8571,1.98408,0.99204,,17.8571 0.99204 0
17.8623,1.98382,0.99191,,17.8623 0.99191 0
17.8761,1.98302,0.99151,,17.8761 0.99151 0
17.9435,1.98064,0.99032,,17.9435 0.99032 0
17.9832,1.98069,0.990345,,17.9832 0.990345 0
17.9834,1.98069,0.990345,,17.9834 0.990345 0
18.0047,1.98066,0.99033,,18.0047 0.99033 0
18.0293,1.98066,0.99033,,18.0293 0.99033 0
18.0931,1.98074,0.99037,,18.0931 0.99037 0
18.1192,1.98096,0.99048,,18.1192 0.99048 0
18.1425,1.98109,0.990545,,18.1425 0.990545 0
18.2001,1.98267,0.991335,,18.2001 0.991335 0
18.2291,1.98452,0.99226,,18.2291 0.99226 0
18.2292,1.98453,0.992265,,18.2292 0.992265 0
18.2506,1.98647,0.993235,,18.2506 0.993235 0
18.2942,1.99078,0.99539,,18.2942 0.99539 0
18.3156,1.99171,0.995855,,18.3156 0.995855 0
18.3618,1.99415,0.997075,,18.3618 0.997075 0
18.4078,1.99759,0.998795,,18.4078 0.998795 0
18.4199,1.99822,0.99911,,18.4199 0.99911 0
18.4398,1.99973,0.999865,,18.4398 0.999865 0
18.4849,2.00363,1.001815,,18.4849 1.001815 0
18.5059,2.00614,1.00307,,18.5059 1.00307 0
18.5603,2.01452,1.00726,,18.5603 1.00726 0
18.5665,2.01556,1.00778,,18.5665 1.00778 0
18.5731,2.01664,1.00832,,18.5731 1.00832 0
18.6257,2.02461,1.012305,,18.6257 1.012305 0
18.6334,2.02573,1.012865,,18.6334 1.012865 0
18.6711,2.03035,1.015175,,18.6711 1.015175 0
18.692,2.03263,1.016315,,18.692 1.016315 0
18.7619,2.03852,1.01926,,18.7619 1.01926 0
18.7627,2.03858,1.01929,,18.7627 1.01929 0
18.8387,2.04191,1.020955,,18.8387 1.020955 0
18.8405,2.04195,1.020975,,18.8405 1.020975 0
18.9027,2.04339,1.021695,,18.9027 1.021695 0
18.9051,2.04331,1.021655,,18.9051 1.021655 0
18.9589,2.04097,1.020485,,18.9589 1.020485 0
18.9649,2.04087,1.020435,,18.9649 1.020435 0
19.0314,2.04175,1.020875,,19.0314 1.020875 0
19.0365,2.04188,1.02094,,19.0365 1.02094 0
19.0832,2.04185,1.020925,,19.0832 1.020925 0
19.0938,2.04204,1.02102,,19.0938 1.02102 0
19.1278,2.0427,1.02135,,19.1278 1.02135 0
19.1318,2.04274,1.02137,,19.1318 1.02137 0
19.1812,2.04264,1.02132,,19.1812 1.02132 0
19.2314,2.04314,1.02157,,19.2314 1.02157 0
19.2368,2.04332,1.02166,,19.2368 1.02166 0
19.277,2.04525,1.022625,,19.277 1.022625 0
19.2874,2.04606,1.02303,,19.2874 1.02303 0
19.2939,2.04658,1.02329,,19.2939 1.02329 0
19.3051,2.04703,1.023515,,19.3051 1.023515 0
19.3243,2.04756,1.02378,,19.3243 1.02378 0
19.335,2.04755,1.023775,,19.335 1.023775 0
19.3735,2.04877,1.024385,,19.3735 1.024385 0
19.3836,2.0488,1.0244,,19.3836 1.0244 0
19.4275,2.04924,1.02462,,19.4275 1.02462 0
19.455,2.04892,1.02446,,19.455 1.02446 0
19.5077,2.05109,1.025545,,19.5077 1.025545 0
19.6032,2.06334,1.03167,,19.6032 1.03167 0
19.6578,2.07151,1.035755,,19.6578 1.035755 0
19.6602,2.07182,1.03591,,19.6602 1.03591 0
19.7179,2.07932,1.03966,,19.7179 1.03966 0
19.7187,2.0794,1.0397,,19.7187 1.0397 0
19.7518,2.08334,1.04167,,19.7518 1.04167 0
19.7549,2.08382,1.04191,,19.7549 1.04191 0
19.939,2.12702,1.06351,,19.939 1.06351 0
19.9432,2.12838,1.06419,,19.9432 1.06419 0
19.9746,2.13862,1.06931,,19.9746 1.06931 0
19.9749,2.13871,1.069355,,19.9749 1.069355 0
20.0189,2.15175,1.075875,,20.0189 1.075875 0
20.0255,2.15334,1.07667,,20.0255 1.07667 0
20.0664,2.16363,1.081815,,20.0664 1.081815 0
20.0726,2.16516,1.08258,,20.0726 1.08258 0
20.1582,2.19051,1.095255,,20.1582 1.095255 0
20.1789,2.19778,1.09889,,20.1789 1.09889 0
20.2299,2.21559,1.107795,,20.2299 1.107795 0
20.2369,2.21814,1.10907,,20.2369 1.10907 0
20.2558,2.22456,1.11228,,20.2558 1.11228 0
20.2664,2.22752,1.11376,,20.2664 1.11376 0
20.3187,2.2417,1.12085,,20.3187 1.12085 0
20.3188,2.24172,1.12086,,20.3188 1.12086 0
20.3384,2.24708,1.12354,,20.3384 1.12354 0
20.3716,2.25327,1.126635,,20.3716 1.126635 0
20.4013,2.25828,1.12914,,20.4013 1.12914 0
20.4048,2.25887,1.129435,,20.4048 1.129435 0
20.4048,2.25887,1.129435,,20.4048 1.129435 0
20.4111,2.25974,1.12987,,20.4111 1.12987 0
20.4215,2.26095,1.130475,,20.4215 1.130475 0
20.4658,2.26434,1.13217,,20.4658 1.13217 0
20.5085,2.26463,1.132315,,20.5085 1.132315 0
20.5205,2.26441,1.132205,,20.5205 1.132205 0
20.6435,2.21981,1.109905,,20.6435 1.109905 0
20.6882,2.19824,1.09912,,20.6882 1.09912 0
20.6894,2.19758,1.09879,,20.6894 1.09879 0
20.7287,2.17714,1.08857,,20.7287 1.08857 0
20.7797,2.1503,1.07515,,20.7797 1.07515 0
20.9426,2.08527,1.042635,,20.9426 1.042635 0
20.9577,2.08053,1.040265,,20.9577 1.040265 0
20.9916,2.06956,1.03478,,20.9916 1.03478 0
21.0132,2.06136,1.03068,,21.0132 1.03068 0
21.0329,2.05259,1.026295,,21.0329 1.026295 0
21.0716,2.03567,1.017835,,21.0716 1.017835 0
21.0815,2.03127,1.015635,,21.0815 1.015635 0
21.2149,1.98342,0.99171,,21.2149 0.99171 0
21.2875,1.96491,0.982455,,21.2875 0.982455 0
21.291,1.96407,0.982035,,21.291 0.982035 0
21.3294,1.9553,0.97765,,21.3294 0.97765 0
21.3772,1.94274,0.97137,,21.3772 0.97137 0
21.4166,1.93308,0.96654,,21.4166 0.96654 0
21.4663,1.9215,0.96075,,21.4663 0.96075 0
21.478,1.91897,0.959485,,21.478 0.959485 0
21.4984,1.91469,0.957345,,21.4984 0.957345 0
21.5731,1.90242,0.95121,,21.5731 0.95121 0
21.5844,1.90021,0.950105,,21.5844 0.950105 0
21.6644,1.88945,0.944725,,21.6644 0.944725 0
21.7272,1.88443,0.942215,,21.7272 0.942215 0
21.7291,1.88426,0.94213,,21.7291 0.94213 0
21.7806,1.87868,0.93934,,21.7806 0.93934 0
21.7812,1.87858,0.93929,,21.7812 0.93929 0
21.8428,1.86805,0.934025,,21.8428 0.934025 0
21.9182,1.86173,0.930865,,21.9182 0.930865 0
21.9385,1.86127,0.930635,,21.9385 0.930635 0
21.9577,1.86045,0.930225,,21.9577 0.930225 0
21.9977,1.85922,0.92961,,21.9977 0.92961 0
22.0141,1.858,0.929,,22.0141 0.929 0
22.0553,1.8555,0.92775,,22.0553 0.92775 0
22.0848,1.85202,0.92601,,22.0848 0.92601 0
22.1894,1.84661,0.923305,,22.1894 0.923305 0
22.2427,1.84922,0.92461,,22.2427 0.92461 0
22.253,1.84962,0.92481,,22.253 0.92481 0
22.3027,1.84955,0.924775,,22.3027 0.924775 0
22.3216,1.84968,0.92484,,22.3216 0.92484 0
22.3388,1.84949,0.924745,,22.3388 0.924745 0
22.3859,1.84807,0.924035,,22.3859 0.924035 0
22.4553,1.85142,0.92571,,22.4553 0.92571 0
22.4723,1.85293,0.926465,,22.4723 0.926465 0
22.511,1.85763,0.928815,,22.511 0.928815 0
22.5255,1.85872,0.92936,,22.5255 0.92936 0
22.5504,1.86067,0.930335,,22.5504 0.930335 0
22.566,1.86099,0.930495,,22.566 0.930495 0
22.5665,1.86099,0.930495,,22.5665 0.930495 0
22.632,1.86168,0.93084,,22.632 0.93084 0
22.6323,1.8617,0.93085,,22.6323 0.93085 0
22.6603,1.86313,0.931565,,22.6603 0.931565 0
22.6605,1.86315,0.931575,,22.6605 0.931575 0
22.7024,1.86882,0.93441,,22.7024 0.93441 0
22.7026,1.86886,0.93443,,22.7026 0.93443 0
22.7203,1.87254,0.93627,,22.7203 0.93627 0
22.7375,1.87695,0.938475,,22.7375 0.938475 0
22.7431,1.8785,0.93925,,22.7431 0.93925 0
22.754,1.88107,0.940535,,22.754 0.940535 0
22.7674,1.88364,0.94182,,22.7674 0.94182 0
22.7731,1.88431,0.942155,,22.7731 0.942155 0
22.7849,1.88545,0.942725,,22.7849 0.942725 0
22.7858,1.8855,0.94275,,22.7858 0.94275 0
22.8181,1.88715,0.943575,,22.8181 0.943575 0
22.8328,1.88799,0.943995,,22.8328 0.943995 0
22.8537,1.8894,0.9447,,22.8537 0.9447 0
22.8825,1.89235,0.946175,,22.8825 0.946175 0
22.8828,1.89241,0.946205,,22.8828 0.946205 0
22.925,1.90008,0.95004,,22.925 0.95004 0
22.9252,1.90011,0.950055,,22.9252 0.950055 0
22.9507,1.90484,0.95242,,22.9507 0.95242 0
22.9508,1.90484,0.95242,,22.9508 0.95242 0
22.9546,1.90538,0.95269,,22.9546 0.95269 0
22.9556,1.90558,0.95279,,22.9556 0.95279 0
22.9975,1.91373,0.956865,,22.9975 0.956865 0
23.0136,1.91653,0.958265,,23.0136 0.958265 0
23.0171,1.91717,0.958585,,23.0171 0.958585 0
23.0412,1.92093,0.960465,,23.0412 0.960465 0
23.0485,1.92237,0.961185,,23.0485 0.961185 0
23.0544,1.92368,0.96184,,23.0544 0.96184 0
23.0698,1.92648,0.96324,,23.0698 0.96324 0
23.0759,1.92755,0.963775,,23.0759 0.963775 0
23.0882,1.9297,0.96485,,23.0882 0.96485 0
23.0957,1.92992,0.96496,,23.0957 0.96496 0
23.1169,1.92879,0.964395,,23.1169 0.964395 0
23.1616,1.92048,0.96024,,23.1616 0.96024 0
23.1616,1.92047,0.960235,,23.1616 0.960235 0
23.1723,1.91897,0.959485,,23.1723 0.959485 0
23.2351,1.91145,0.955725,,23.2351 0.955725 0
23.2853,1.90858,0.95429,,23.2853 0.95429 0
23.2898,1.90822,0.95411,,23.2898 0.95411 0
23.3227,1.90573,0.952865,,23.3227 0.952865 0
23.3641,1.90334,0.95167,,23.3641 0.95167 0
23.3778,1.90209,0.951045,,23.3778 0.951045 0
23.399,1.89934,0.94967,,23.399 0.94967 0
23.415,1.89671,0.948355,,23.415 0.948355 0
23.4154,1.89665,0.948325,,23.4154 0.948325 0
23.4821,1.88619,0.943095,,23.4821 0.943095 0
23.5252,1.8817,0.94085,,23.5252 0.94085 0
23.5284,1.88161,0.940805,,23.5284 0.940805 0
23.5612,1.87927,0.939635,,23.5612 0.939635 0
23.5924,1.87741,0.938705,,23.5924 0.938705 0
23.5974,1.8771,0.93855,,23.5974 0.93855 0
23.6174,1.87589,0.937945,,23.6174 0.937945 0
23.6578,1.87341,0.936705,,23.6578 0.936705 0
23.7146,1.87046,0.93523,,23.7146 0.93523 0
23.7385,1.86971,0.934855,,23.7385 0.934855 0
23.8018,1.8699,0.93495,,23.8018 0.93495 0
23.8073,1.86999,0.934995,,23.8073 0.934995 0
23.8303,1.86981,0.934905,,23.8303 0.934905 0
23.8586,1.86979,0.934895,,23.8586 0.934895 0
23.8682,1.86991,0.934955,,23.8682 0.934955 0
23.8901,1.87016,0.93508,,23.8901 0.93508 0
23.8963,1.86993,0.934965,,23.8963 0.934965 0
23.9152,1.86861,0.934305,,23.9152 0.934305 0
23.9488,1.86657,0.933285,,23.9488 0.933285 0
23.9514,1.86636,0.93318,,23.9514 0.93318 0
24.006,1.86239,0.931195,,24.006 0.931195 0
24.0747,1.86182,0.93091,,24.0747 0.93091 0
24.0788,1.86187,0.930935,,24.0788 0.930935 0
24.094,1.86226,0.93113,,24.094 0.93113 0
24.1444,1.86527,0.932635,,24.1444 0.932635 0
24.145,1.86524,0.93262,,24.145 0.93262 0
24.2035,1.86255,0.931275,,24.2035 0.931275 0
24.2589,1.86127,0.930635,,24.2589 0.930635 0
24.3527,1.86833,0.934165,,24.3527 0.934165 0
24.3708,1.87055,0.935275,,24.3708 0.935275 0
24.3832,1.87208,0.93604,,24.3832 0.93604 0
24.3885,1.87272,0.93636,,24.3885 0.93636 0
24.4099,1.87553,0.937765,,24.4099 0.937765 0
24.4115,1.87575,0.937875,,24.4115 0.937875 0
24.4445,1.87969,0.939845,,24.4445 0.939845 0
24.4457,1.87977,0.939885,,24.4457 0.939885 0
24.4712,1.88092,0.94046,,24.4712 0.94046 0
24.4741,1.88102,0.94051,,24.4741 0.94051 0
24.503,1.88257,0.941285,,24.503 0.941285 0
24.508,1.88286,0.94143,,24.508 0.94143 0
24.5597,1.88525,0.942625,,24.5597 0.942625 0
24.5768,1.88651,0.943255,,24.5768 0.943255 0
24.5777,1.88657,0.943285,,24.5777 0.943285 0
24.6118,1.88831,0.944155,,24.6118 0.944155 0
24.6129,1.88837,0.944185,,24.6129 0.944185 0
24.6446,1.89052,0.94526,,24.6446 0.94526 0
24.6627,1.89152,0.94576,,24.6627 0.94576 0
24.6841,1.89254,0.94627,,24.6841 0.94627 0
24.7058,1.89342,0.94671,,24.7058 0.94671 0
24.7372,1.89371,0.946855,,24.7372 0.946855 0
24.7426,1.89399,0.946995,,24.7426 0.946995 0
24.7704,1.89436,0.94718,,24.7704 0.94718 0
24.7899,1.89478,0.94739,,24.7899 0.94739 0
24.7913,1.89479,0.947395,,24.7913 0.947395 0
24.799,1.8949,0.94745,,24.799 0.94745 0
24.8103,1.89496,0.94748,,24.8103 0.94748 0
24.8538,1.89509,0.947545,,24.8538 0.947545 0
24.885,1.89567,0.947835,,24.885 0.947835 0
24.9118,1.89534,0.94767,,24.9118 0.94767 0
24.9336,1.89574,0.94787,,24.9336 0.94787 0
24.946,1.8948,0.9474,,24.946 0.9474 0
24.9729,1.89324,0.94662,,24.9729 0.94662 0
25.0023,1.89183,0.945915,,25.0023 0.945915 0
25.0295,1.88919,0.944595,,25.0295 0.944595 0
25.0408,1.88795,0.943975,,25.0408 0.943975 0
25.0512,1.88656,0.94328,,25.0512 0.94328 0
25.0853,1.88311,0.941555,,25.0853 0.941555 0
25.1287,1.87909,0.939545,,25.1287 0.939545 0
25.1553,1.87698,0.93849,,25.1553 0.93849 0
25.1786,1.87552,0.93776,,25.1786 0.93776 0
25.1924,1.87502,0.93751,,25.1924 0.93751 0
25.2435,1.87359,0.936795,,25.2435 0.936795 0
25.2691,1.87378,0.93689,,25.2691 0.93689 0
25.3147,1.87326,0.93663,,25.3147 0.93663 0
25.3195,1.87318,0.93659,,25.3195 0.93659 0
25.3818,1.8731,0.93655,,25.3818 0.93655 0
25.3848,1.87311,0.936555,,25.3848 0.936555 0
25.4441,1.87326,0.93663,,25.4441 0.93663 0
25.4463,1.87323,0.936615,,25.4463 0.936615 0
25.4756,1.87252,0.93626,,25.4756 0.93626 0
25.4983,1.87171,0.935855,,25.4983 0.935855 0
25.5649,1.87017,0.935085,,25.5649 0.935085 0
25.5708,1.87003,0.935015,,25.5708 0.935015 0
25.621,1.86992,0.93496,,25.621 0.93496 0
25.6439,1.87064,0.93532,,25.6439 0.93532 0
25.6477,1.87076,0.93538,,25.6477 0.93538 0
25.6768,1.87255,0.936275,,25.6768 0.936275 0
25.7279,1.87318,0.93659,,25.7279 0.93659 0
25.7489,1.87408,0.93704,,25.7489 0.93704 0
25.7572,1.87441,0.937205,,25.7572 0.937205 0
25.7928,1.87517,0.937585,,25.7928 0.937585 0
25.8272,1.87691,0.938455,,25.8272 0.938455 0
25.8694,1.87879,0.939395,,25.8694 0.939395 0
25.8986,1.88089,0.940445,,25.8986 0.940445 0
25.9095,1.88165,0.940825,,25.9095 0.940825 0
25.9559,1.88549,0.942745,,25.9559 0.942745 0
26.0139,1.893,0.9465,,26.0139 0.9465 0
26.0271,1.89477,0.947385,,26.0271 0.947385 0
26.0672,1.89987,0.949935,,26.0672 0.949935 0
26.1272,1.90906,0.95453,,26.1272 0.95453 0
26.184,1.92107,0.960535,,26.184 0.960535 0
26.1938,1.92318,0.96159,,26.1938 0.96159 0
26.2699,1.93909,0.969545,,26.2699 0.969545 0
26.3023,1.94797,0.973985,,26.3023 0.973985 0
26.3422,1.95787,0.978935,,26.3422 0.978935 0
26.382,1.96772,0.98386,,26.382 0.98386 0
26.3927,1.97042,0.98521,,26.3927 0.98521 0
26.4056,1.97396,0.98698,,26.4056 0.98698 0
26.4427,1.98509,0.992545,,26.4427 0.992545 0
26.4797,1.9971,0.99855,,26.4797 0.99855 0
26.5101,2.0066,1.0033,,26.5101 1.0033 0
26.542,2.0171,1.00855,,26.542 1.00855 0
26.5626,2.02401,1.012005,,26.5626 1.012005 0
26.5995,2.03723,1.018615,,26.5995 1.018615 0
26.6697,2.0623,1.03115,,26.6697 1.03115 0
26.6863,2.06854,1.03427,,26.6863 1.03427 0
26.6978,2.07261,1.036305,,26.6978 1.036305 0
26.7156,2.07878,1.03939,,26.7156 1.03939 0
26.779,2.10148,1.05074,,26.779 1.05074 0
26.798,2.10852,1.05426,,26.798 1.05426 0
26.8248,2.11925,1.059625,,26.8248 1.059625 0
26.8492,2.12889,1.064445,,26.8492 1.064445 0
26.8881,2.14308,1.07154,,26.8881 1.07154 0
26.9089,2.15021,1.075105,,26.9089 1.075105 0
26.9727,2.17158,1.08579,,26.9727 1.08579 0
26.9988,2.17943,1.089715,,26.9988 1.089715 0
27.0895,2.2106,1.1053,,27.0895 1.1053 0
27.0895,2.2106,1.1053,,27.0895 1.1053 0
27.0896,2.21063,1.105315,,27.0896 1.105315 0
27.1533,2.23229,1.116145,,27.1533 1.116145 0
27.1533,2.23231,1.116155,,27.1533 1.116155 0
27.1735,2.23774,1.11887,,27.1735 1.11887 0
27.2176,2.24619,1.123095,,27.2176 1.123095 0
27.2483,2.25093,1.125465,,27.2483 1.125465 0
27.2809,2.25504,1.12752,,27.2809 1.12752 0
27.281,2.25505,1.127525,,27.281 1.127525 0
27.2921,2.25619,1.128095,,27.2921 1.128095 0
27.3496,2.26209,1.131045,,27.3496 1.131045 0
27.3578,2.26321,1.131605,,27.3578 1.131605 0
27.4002,2.26511,1.132555,,27.4002 1.132555 0
27.4586,2.26752,1.13376,,27.4586 1.13376 0
27.4747,2.26723,1.133615,,27.4747 1.133615 0
27.534,2.26385,1.131925,,27.534 1.131925 0
27.5363,2.26356,1.13178,,27.5363 1.13178 0
27.5997,2.25577,1.127885,,27.5997 1.127885 0
27.6298,2.25223,1.126115,,27.6298 1.126115 0
27.648,2.24973,1.124865,,27.648 1.124865 0
27.7291,2.24043,1.120215,,27.7291 1.120215 0
27.7545,2.23806,1.11903,,27.7545 1.11903 0
27.761,2.23745,1.118725,,27.761 1.118725 0
27.7998,2.2337,1.11685,,27.7998 1.11685 0
27.8174,2.23142,1.11571,,27.8174 1.11571 0
27.8368,2.22796,1.11398,,27.8368 1.11398 0
27.8832,2.21955,1.109775,,27.8832 1.109775 0
27.8848,2.21921,1.109605,,27.8848 1.109605 0
27.9606,2.20185,1.100925,,27.9606 1.100925 0
27.9733,2.19921,1.099605,,27.9733 1.099605 0
28.068,2.17948,1.08974,,28.068 1.08974 0
28.1271,2.17026,1.08513,,28.1271 1.08513 0
28.1401,2.16846,1.08423,,28.1401 1.08423 0
28.1588,2.16579,1.082895,,28.1588 1.082895 0
28.1732,2.16378,1.08189,,28.1732 1.08189 0
28.3054,2.14628,1.07314,,28.3054 1.07314 0
28.3385,2.14317,1.071585,,28.3385 1.071585 0
28.3988,2.13846,1.06923,,28.3988 1.06923 0
28.4563,2.13745,1.068725,,28.4563 1.068725 0
28.5432,2.13426,1.06713,,28.5432 1.06713 0
28.6334,2.13324,1.06662,,28.6334 1.06662 0
28.6431,2.13338,1.06669,,28.6431 1.06669 0
28.6563,2.13356,1.06678,,28.6563 1.06678 0
28.7005,2.1343,1.06715,,28.7005 1.06715 0
28.7612,2.13808,1.06904,,28.7612 1.06904 0
28.7617,2.13812,1.06906,,28.7617 1.06906 0
28.7957,2.14077,1.070385,,28.7957 1.070385 0
28.7961,2.1408,1.0704,,28.7961 1.0704 0
28.8359,2.14407,1.072035,,28.8359 1.072035 0
28.932,2.15678,1.07839,,28.932 1.07839 0
28.9429,2.15843,1.079215,,28.9429 1.079215 0
28.9719,2.16256,1.08128,,28.9719 1.08128 0
29.0424,2.16686,1.08343,,29.0424 1.08343 0
29.0532,2.16761,1.083805,,29.0532 1.083805 0
29.116,2.17108,1.08554,,29.116 1.08554 0
29.178,2.17775,1.088875,,29.178 1.088875 0
29.251,2.18747,1.093735,,29.251 1.093735 0
29.258,2.18864,1.09432,,29.258 1.09432 0
29.3083,2.19426,1.09713,,29.3083 1.09713 0
29.345,2.19921,1.099605,,29.345 1.099605 0
29.3699,2.20203,1.101015,,29.3699 1.101015 0
29.403,2.20569,1.102845,,29.403 1.102845 0
29.4428,2.2109,1.10545,,29.4428 1.10545 0
29.489,2.21573,1.107865,,29.489 1.107865 0
29.4904,2.21583,1.107915,,29.4904 1.107915 0
29.5656,2.22085,1.110425,,29.5656 1.110425 0
29.6476,2.22934,1.11467,,29.6476 1.11467 0
29.6512,2.22994,1.11497,,29.6512 1.11497 0
29.7298,2.24321,1.121605,,29.7298 1.121605 0
29.7333,2.24383,1.121915,,29.7333 1.121915 0
29.8197,2.25819,1.129095,,29.8197 1.129095 0
29.8217,2.25848,1.12924,,29.8217 1.12924 0
29.8957,2.26921,1.134605,,29.8957 1.134605 0
29.9204,2.2731,1.13655,,29.9204 1.13655 0
29.9958,2.28535,1.142675,,29.9958 1.142675 0
30.0246,2.29166,1.14583,,30.0246 1.14583 0
30.08,2.303,1.1515,,30.08 1.1515 0
30.0819,2.30343,1.151715,,30.0819 1.151715 0
30.1493,2.31862,1.15931,,30.1493 1.15931 0
30.2239,2.33659,1.168295,,30.2239 1.168295 0
30.2257,2.33712,1.16856,,30.2257 1.16856 0
30.2984,2.36,1.18,,30.2984 1.18 0
30.2984,2.36001,1.180005,,30.2984 1.180005 0
30.3024,2.36139,1.180695,,30.3024 1.180695 0
30.3274,2.36905,1.184525,,30.3274 1.184525 0
30.3426,2.37395,1.186975,,30.3426 1.186975 0
30.3789,2.38584,1.19292,,30.3789 1.19292 0
30.417,2.39659,1.198295,,30.417 1.198295 0
30.4183,2.39696,1.19848,,30.4183 1.19848 0
30.4385,2.40284,1.20142,,30.4385 1.20142 0
30.4621,2.4097,1.20485,,30.4621 1.20485 0
30.5046,2.4222,1.2111,,30.5046 1.2111 0
30.5476,2.43602,1.21801,,30.5476 1.21801 0
30.5482,2.4362,1.2181,,30.5482 1.2181 0
30.6234,2.4631,1.23155,,30.6234 1.23155 0
30.7108,2.49849,1.249245,,30.7108 1.249245 0
30.7266,2.50597,1.252985,,30.7266 1.252985 0
30.8115,2.54658,1.27329,,30.8115 1.27329 0
30.8212,2.55057,1.275285,,30.8212 1.275285 0
30.8577,2.56606,1.28303,,30.8577 1.28303 0
30.8595,2.56684,1.28342,,30.8595 1.28342 0
30.8886,2.57809,1.289045,,30.8886 1.289045 0
30.9374,2.59826,1.29913,,30.9374 1.29913 0
30.9375,2.59827,1.299135,,30.9375 1.299135 0
30.9389,2.59886,1.29943,,30.9389 1.29943 0
31.039,2.63973,1.319865,,31.039 1.319865 0
31.0793,2.65826,1.32913,,31.0793 1.32913 0
31.109,2.6718,1.3359,,31.109 1.3359 0
31.1454,2.68797,1.343985,,31.1454 1.343985 0
31.16,2.69401,1.347005,,31.16 1.347005 0
31.1951,2.70829,1.354145,,31.1951 1.354145 0
31.1979,2.7093,1.35465,,31.1979 1.35465 0
31.2173,2.71498,1.35749,,31.2173 1.35749 0
31.2331,2.71798,1.35899,,31.2331 1.35899 0
31.2335,2.71801,1.359005,,31.2335 1.359005 0
31.3,2.72423,1.362115,,31.3 1.362115 0
31.3005,2.72427,1.362135,,31.3005 1.362135 0
31.335,2.72572,1.36286,,31.335 1.36286 0
31.3615,2.72664,1.36332,,31.3615 1.36332 0
31.4117,2.72395,1.361975,,31.4117 1.361975 0
31.4383,2.72267,1.361335,,31.4383 1.361335 0
31.4752,2.71897,1.359485,,31.4752 1.359485 0
31.5228,2.71441,1.357205,,31.5228 1.357205 0
31.5428,2.71241,1.356205,,31.5428 1.356205 0
31.5495,2.71172,1.35586,,31.5495 1.35586 0
31.5628,2.71015,1.355075,,31.5628 1.355075 0
31.5986,2.70527,1.352635,,31.5986 1.352635 0
31.6496,2.69638,1.34819,,31.6496 1.34819 0
31.7242,2.6815,1.34075,,31.7242 1.34075 0
31.7258,2.68114,1.34057,,31.7258 1.34057 0
31.8005,2.66486,1.33243,,31.8005 1.33243 0
31.8164,2.66178,1.33089,,31.8164 1.33089 0
31.8957,2.64696,1.32348,,31.8957 1.32348 0
31.9283,2.64079,1.320395,,31.9283 1.320395 0
31.9367,2.63928,1.31964,,31.9367 1.31964 0
31.9816,2.631,1.3155,,31.9816 1.3155 0
32.0051,2.62539,1.312695,,32.0051 1.312695 0
32.0644,2.6131,1.30655,,32.0644 1.30655 0
32.1539,2.59815,1.299075,,32.1539 1.299075 0
32.1957,2.59252,1.29626,,32.1957 1.29626 0
32.2262,2.58884,1.29442,,32.2262 1.29442 0
32.2774,2.58083,1.290415,,32.2774 1.290415 0
32.3572,2.57263,1.286315,,32.3572 1.286315 0
32.3681,2.57156,1.28578,,32.3681 1.28578 0
32.4453,2.56553,1.282765,,32.4453 1.282765 0
32.4494,2.56521,1.282605,,32.4494 1.282605 0
32.5344,2.56032,1.28016,,32.5344 1.28016 0
32.5525,2.55947,1.279735,,32.5525 1.279735 0
32.6296,2.55744,1.27872,,32.6296 1.27872 0
32.6353,2.55742,1.27871,,32.6353 1.27871 0
32.6714,2.55715,1.278575,,32.6714 1.278575 0
32.7193,2.55786,1.27893,,32.7193 1.27893 0
32.7246,2.55803,1.279015,,32.7246 1.279015 0
32.8254,2.56219,1.281095,,32.8254 1.281095 0
32.8317,2.56263,1.281315,,32.8317 1.281315 0
32.8372,2.56278,1.28139,,32.8372 1.28139 0
32.8531,2.56263,1.281315,,32.8531 1.281315 0
32.8944,2.56186,1.28093,,32.8944 1.28093 0
32.8993,2.56173,1.280865,,32.8993 1.280865 0
32.9403,2.55989,1.279945,,32.9403 1.279945 0
32.9698,2.55859,1.279295,,32.9698 1.279295 0
33.1231,2.56417,1.282085,,33.1231 1.282085 0
33.1565,2.56778,1.28389,,33.1565 1.28389 0
33.1919,2.57137,1.285685,,33.1919 1.285685 0
33.1941,2.57155,1.285775,,33.1941 1.285775 0
33.2169,2.5734,1.2867,,33.2169 1.2867 0
33.2169,2.57341,1.286705,,33.2169 1.286705 0
33.2218,2.5736,1.2868,,33.2218 1.2868 0
33.2505,2.5733,1.28665,,33.2505 1.28665 0
33.3197,2.57109,1.285545,,33.3197 1.285545 0
33.3286,2.57081,1.285405,,33.3286 1.285405 0
33.4121,2.57143,1.285715,,33.4121 1.285715 0
33.4239,2.57196,1.28598,,33.4239 1.28598 0
33.4845,2.57598,1.28799,,33.4845 1.28799 0
33.5185,2.58007,1.290035,,33.5185 1.290035 0
33.5191,2.5801,1.29005,,33.5191 1.29005 0
33.5983,2.58364,1.29182,,33.5983 1.29182 0
33.6154,2.58409,1.292045,,33.6154 1.292045 0
33.6257,2.58403,1.292015,,33.6257 1.292015 0
33.6298,2.58397,1.291985,,33.6298 1.291985 0
33.696,2.5838,1.2919,,33.696 1.2919 0
33.7224,2.58406,1.29203,,33.7224 1.29203 0
33.7456,2.58347,1.291735,,33.7456 1.291735 0
33.7911,2.58064,1.29032,,33.7911 1.29032 0
33.881,2.57945,1.289725,,33.881 1.289725 0
33.9375,2.57971,1.289855,,33.9375 1.289855 0
33.9701,2.58045,1.290225,,33.9701 1.290225 0
33.9777,2.58012,1.29006,,33.9777 1.29006 0
33.9887,2.57921,1.289605,,33.9887 1.289605 0
34.0442,2.57392,1.28696,,34.0442 1.28696 0
34.0688,2.57193,1.285965,,34.0688 1.285965 0
34.2113,2.57011,1.285055,,34.2113 1.285055 0
34.2666,2.57328,1.28664,,34.2666 1.28664 0
34.3267,2.57375,1.286875,,34.3267 1.286875 0
34.3268,2.57374,1.28687,,34.3268 1.28687 0
34.3431,2.57305,1.286525,,34.3431 1.286525 0
34.4222,2.57108,1.28554,,34.4222 1.28554 0
34.5072,2.57439,1.287195,,34.5072 1.287195 0
34.5075,2.57443,1.287215,,34.5075 1.287215 0
34.5821,2.58275,1.291375,,34.5821 1.291375 0
34.5823,2.58278,1.29139,,34.5823 1.29139 0
34.6052,2.58589,1.292945,,34.6052 1.292945 0
34.6127,2.58714,1.29357,,34.6127 1.29357 0
34.6341,2.59097,1.295485,,34.6341 1.295485 0
34.6505,2.59391,1.296955,,34.6505 1.296955 0
34.6842,2.60041,1.300205,,34.6842 1.300205 0
34.7114,2.60656,1.30328,,34.7114 1.30328 0
34.7121,2.60671,1.303355,,34.7121 1.303355 0
34.7248,2.60924,1.30462,,34.7248 1.30462 0
34.7249,2.60925,1.304625,,34.7249 1.304625 0
34.7434,2.61335,1.306675,,34.7434 1.306675 0
34.7636,2.61706,1.30853,,34.7636 1.30853 0
34.7797,2.61953,1.309765,,34.7797 1.309765 0
34.8124,2.62427,1.312135,,34.8124 1.312135 0
34.8127,2.62432,1.31216,,34.8127 1.31216 0
34.8501,2.62978,1.31489,,34.8501 1.31489 0
34.8571,2.63069,1.315345,,34.8571 1.315345 0
34.9026,2.63631,1.318155,,34.9026 1.318155 0
34.9185,2.63889,1.319445,,34.9185 1.319445 0
34.9192,2.63902,1.31951,,34.9192 1.31951 0
34.9769,2.64974,1.32487,,34.9769 1.32487 0
34.9866,2.65211,1.326055,,34.9866 1.326055 0
35.0722,2.67858,1.33929,,35.0722 1.33929 0
35.0861,2.68299,1.341495,,35.0861 1.341495 0
35.1318,2.69623,1.348115,,35.1318 1.348115 0
35.1521,2.70116,1.35058,,35.1521 1.35058 0
35.1792,2.70718,1.35359,,35.1792 1.35359 0
35.2085,2.7135,1.35675,,35.2085 1.35675 0
35.2269,2.71717,1.358585,,35.2269 1.358585 0
35.2275,2.71731,1.358655,,35.2275 1.358655 0
35.24,2.72007,1.360035,,35.24 1.360035 0
35.2409,2.72022,1.36011,,35.2409 1.36011 0
35.2512,2.72181,1.360905,,35.2512 1.360905 0
35.2541,2.72224,1.36112,,35.2541 1.36112 0
35.2554,2.72242,1.36121,,35.2554 1.36121 0
35.2844,2.7265,1.36325,,35.2844 1.36325 0
35.3018,2.72871,1.364355,,35.3018 1.364355 0
35.3359,2.73275,1.366375,,35.3359 1.366375 0
35.3455,2.73397,1.366985,,35.3455 1.366985 0
35.3672,2.73649,1.368245,,35.3672 1.368245 0
35.4199,2.73549,1.367745,,35.4199 1.367745 0
35.4301,2.73526,1.36763,,35.4301 1.36763 0
35.5048,2.73304,1.36652,,35.5048 1.36652 0
35.505,2.73303,1.366515,,35.505 1.366515 0
35.5147,2.73264,1.36632,,35.5147 1.36632 0
35.5869,2.72835,1.364175,,35.5869 1.364175 0
35.5873,2.72831,1.364155,,35.5873 1.364155 0
35.6143,2.72561,1.362805,,35.6143 1.362805 0
35.6751,2.71911,1.359555,,35.6751 1.359555 0
35.6907,2.71731,1.358655,,35.6907 1.358655 0
35.7349,2.71182,1.35591,,35.7349 1.35591 0
35.7585,2.70931,1.354655,,35.7585 1.354655 0
35.7612,2.70901,1.354505,,35.7612 1.354505 0
35.8208,2.70349,1.351745,,35.8208 1.351745 0
35.8368,2.70137,1.350685,,35.8368 1.350685 0
35.8731,2.69746,1.34873,,35.8731 1.34873 0
35.9282,2.69398,1.34699,,35.9282 1.34699 0
36.0022,2.69192,1.34596,,36.0022 1.34596 0
36.055,2.68966,1.34483,,36.055 1.34483 0
36.108,2.68626,1.34313,,36.108 1.34313 0
36.1097,2.68609,1.343045,,36.1097 1.343045 0
36.1219,2.68462,1.34231,,36.1219 1.34231 0
36.1852,2.6785,1.33925,,36.1852 1.33925 0
36.2379,2.67502,1.33751,,36.2379 1.33751 0
36.2789,2.67213,1.336065,,36.2789 1.336065 0
36.352,2.669,1.3345,,36.352 1.3345 0
36.3787,2.66835,1.334175,,36.3787 1.334175 0
36.3934,2.6677,1.33385,,36.3934 1.33385 0
36.4494,2.66496,1.33248,,36.4494 1.33248 0
36.4701,2.66349,1.331745,,36.4701 1.331745 0
36.5982,2.66271,1.331355,,36.5982 1.331355 0
36.6153,2.66313,1.331565,,36.6153 1.331565 0
36.6408,2.66338,1.33169,,36.6408 1.33169 0
36.6536,2.66313,1.331565,,36.6536 1.331565 0
36.7047,2.66011,1.330055,,36.7047 1.330055 0
36.7138,2.65966,1.32983,,36.7138 1.32983 0
36.7329,2.65821,1.329105,,36.7329 1.329105 0
36.7997,2.65395,1.326975,,36.7997 1.326975 0
36.8392,2.65199,1.325995,,36.8392 1.325995 0
36.9511,2.65257,1.326285,,36.9511 1.326285 0
36.9517,2.65259,1.326295,,36.9517 1.326295 0
36.9571,2.65284,1.32642,,36.9571 1.32642 0
36.9701,2.65237,1.326185,,36.9701 1.326185 0
36.9738,2.65226,1.32613,,36.9738 1.32613 0
37.0567,2.64964,1.32482,,37.0567 1.32482 0
37.0978,2.64768,1.32384,,37.0978 1.32384 0
37.1915,2.64649,1.323245,,37.1915 1.323245 0
37.1962,2.64645,1.323225,,37.1962 1.323225 0
37.2782,2.64607,1.323035,,37.2782 1.323035 0
37.3397,2.64853,1.324265,,37.3397 1.324265 0
37.3435,2.64868,1.32434,,37.3435 1.32434 0
37.3455,2.64875,1.324375,,37.3455 1.324375 0
37.399,2.64926,1.32463,,37.399 1.32463 0
37.4392,2.64922,1.32461,,37.4392 1.32461 0
37.442,2.64915,1.324575,,37.442 1.324575 0
37.5243,2.64749,1.323745,,37.5243 1.323745 0
37.588,2.64774,1.32387,,37.588 1.32387 0
37.6029,2.64774,1.32387,,37.6029 1.32387 0
37.6151,2.6476,1.3238,,37.6151 1.3238 0
37.6157,2.64759,1.323795,,37.6157 1.323795 0
37.6272,2.64738,1.32369,,37.6272 1.32369 0
37.6339,2.64723,1.323615,,37.6339 1.323615 0
37.6535,2.6452,1.3226,,37.6535 1.3226 0
37.6709,2.64331,1.321655,,37.6709 1.321655 0
37.719,2.63851,1.319255,,37.719 1.319255 0
37.7283,2.63765,1.318825,,37.7283 1.318825 0
37.8048,2.63262,1.31631,,37.8048 1.31631 0
37.819,2.63228,1.31614,,37.819 1.31614 0
37.8623,2.63042,1.31521,,37.8623 1.31521 0
37.9144,2.62608,1.31304,,37.9144 1.31304 0
37.9283,2.62414,1.31207,,37.9283 1.31207 0
37.9578,2.62043,1.310215,,37.9578 1.310215 0
38.086,2.60884,1.30442,,38.086 1.30442 0
38.1295,2.60508,1.30254,,38.1295 1.30254 0
38.1754,2.6014,1.3007,,38.1754 1.3007 0
38.2158,2.59757,1.298785,,38.2158 1.298785 0
38.2421,2.59507,1.297535,,38.2421 1.297535 0
38.2678,2.59202,1.29601,,38.2678 1.29601 0
38.2841,2.59015,1.295075,,38.2841 1.295075 0
38.3274,2.58504,1.29252,,38.3274 1.29252 0
38.3333,2.58408,1.29204,,38.3333 1.29204 0
38.3611,2.57933,1.289665,,38.3611 1.289665 0
38.3748,2.57703,1.288515,,38.3748 1.288515 0
38.4527,2.56155,1.280775,,38.4527 1.280775 0
38.4661,2.55904,1.27952,,38.4661 1.27952 0
38.4923,2.5528,1.2764,,38.4923 1.2764 0
38.5566,2.53854,1.26927,,38.5566 1.26927 0
38.6018,2.53061,1.265305,,38.6018 1.265305 0
38.6453,2.52387,1.261935,,38.6453 1.261935 0
38.6731,2.51845,1.259225,,38.6731 1.259225 0
38.7314,2.50798,1.25399,,38.7314 1.25399 0
38.7353,2.50734,1.25367,,38.7353 1.25367 0
38.8063,2.49365,1.246825,,38.8063 1.246825 0
38.8911,2.48194,1.24097,,38.8911 1.24097 0
38.9462,2.47824,1.23912,,38.9462 1.23912 0
38.9893,2.47532,1.23766,,38.9893 1.23766 0
39.0803,2.46822,1.23411,,39.0803 1.23411 0
39.1202,2.46578,1.23289,,39.1202 1.23289 0
39.1551,2.46392,1.23196,,39.1551 1.23196 0
39.1611,2.46351,1.231755,,39.1611 1.231755 0
39.2427,2.45991,1.229955,,39.2427 1.229955 0
39.3382,2.46196,1.23098,,39.3382 1.23098 0
39.372,2.46451,1.232255,,39.372 1.232255 0
39.3751,2.46469,1.232345,,39.3751 1.232345 0
39.4206,2.46757,1.233785,,39.4206 1.233785 0
39.4335,2.46831,1.234155,,39.4335 1.234155 0
39.5107,2.46988,1.23494,,39.5107 1.23494 0
39.523,2.47109,1.235545,,39.523 1.235545 0
39.5328,2.47156,1.23578,,39.5328 1.23578 0
39.5918,2.47788,1.23894,,39.5918 1.23894 0
39.6063,2.47972,1.23986,,39.6063 1.23986 0
39.6126,2.48027,1.240135,,39.6126 1.240135 0
39.6543,2.48395,1.241975,,39.6543 1.241975 0
39.731,2.49387,1.246935,,39.731 1.246935 0
39.7532,2.49744,1.24872,,39.7532 1.24872 0
39.7775,2.50009,1.250045,,39.7775 1.250045 0
39.7819,2.50057,1.250285,,39.7819 1.250285 0
39.7873,2.50121,1.250605,,39.7873 1.250605 0
39.8274,2.50582,1.25291,,39.8274 1.25291 0
39.869,2.51053,1.255265,,39.869 1.255265 0
39.8807,2.51152,1.25576,,39.8807 1.25576 0
39.9616,2.51732,1.25866,,39.9616 1.25866 0
40.0257,2.52285,1.261425,,40.0257 1.261425 0
40.0459,2.52481,1.262405,,40.0459 1.262405 0
40.0664,2.52686,1.26343,,40.0664 1.26343 0
40.0775,2.52788,1.26394,,40.0775 1.26394 0
40.1093,2.53092,1.26546,,40.1093 1.26546 0
40.136,2.53344,1.26672,,40.136 1.26672 0
40.1686,2.53538,1.26769,,40.1686 1.26769 0
40.2374,2.54254,1.27127,,40.2374 1.27127 0
40.2864,2.54795,1.273975,,40.2864 1.273975 0
40.2866,2.54797,1.273985,,40.2866 1.273985 0
40.3037,2.54945,1.274725,,40.3037 1.274725 0
40.3041,2.54947,1.274735,,40.3041 1.274735 0
40.3264,2.55096,1.27548,,40.3264 1.27548 0
40.3265,2.55096,1.27548,,40.3265 1.27548 0
40.3301,2.55112,1.27556,,40.3301 1.27556 0
40.3449,2.55129,1.275645,,40.3449 1.275645 0
40.3873,2.55482,1.27741,,40.3873 1.27741 0
40.393,2.55529,1.277645,,40.393 1.277645 0
40.4137,2.55639,1.278195,,40.4137 1.278195 0
40.4499,2.55768,1.27884,,40.4499 1.27884 0
40.4772,2.5588,1.2794,,40.4772 1.2794 0
40.4997,2.55995,1.279975,,40.4997 1.279975 0
40.5264,2.56094,1.28047,,40.5264 1.28047 0
40.5423,2.56071,1.280355,,40.5423 1.280355 0
40.5715,2.55963,1.279815,,40.5715 1.279815 0
40.5886,2.55912,1.27956,,40.5886 1.27956 0
40.6075,2.5575,1.27875,,40.6075 1.27875 0
40.623,2.55609,1.278045,,40.623 1.278045 0
40.6946,2.55023,1.275115,,40.6946 1.275115 0
40.7106,2.54947,1.274735,,40.7106 1.274735 0
40.7185,2.54914,1.27457,,40.7185 1.27457 0
40.776,2.54555,1.272775,,40.776 1.272775 0
40.8111,2.543,1.2715,,40.8111 1.2715 0
40.8443,2.53861,1.269305,,40.8443 1.269305 0
40.8744,2.53385,1.266925,,40.8744 1.266925 0
40.936,2.52456,1.26228,,40.936 1.26228 0
41.0175,2.51557,1.257785,,41.0175 1.257785 0
41.0193,2.51538,1.25769,,41.0193 1.25769 0
41.1055,2.50419,1.252095,,41.1055 1.252095 0
41.1065,2.50401,1.252005,,41.1065 1.252005 0
41.2076,2.48561,1.242805,,41.2076 1.242805 0
41.2958,2.47436,1.23718,,41.2958 1.23718 0
41.3375,2.47002,1.23501,,41.3375 1.23501 0
41.3927,2.46477,1.232385,,41.3927 1.232385 0
41.4121,2.46181,1.230905,,41.4121 1.230905 0
41.4613,2.45338,1.22669,,41.4613 1.22669 0
41.4685,2.45228,1.22614,,41.4685 1.22614 0
41.4689,2.4522,1.2261,,41.4689 1.2261 0
41.5911,2.4322,1.2161,,41.5911 1.2161 0
41.6475,2.42516,1.21258,,41.6475 1.21258 0
41.7051,2.41743,1.208715,,41.7051 1.208715 0
41.7146,2.41619,1.208095,,41.7146 1.208095 0
41.7951,2.40423,1.202115,,41.7951 1.202115 0
41.8193,2.40087,1.200435,,41.8193 1.200435 0
41.8347,2.39836,1.19918,,41.8347 1.19918 0
41.9022,2.38378,1.19189,,41.9022 1.19189 0
41.9138,2.38076,1.19038,,41.9138 1.19038 0
42.0395,2.35311,1.176555,,42.0395 1.176555 0
42.0811,2.3476,1.1738,,42.0811 1.1738 0
42.1021,2.34491,1.172455,,42.1021 1.172455 0
42.1128,2.34313,1.171565,,42.1128 1.171565 0
42.1561,2.33543,1.167715,,42.1561 1.167715 0
42.2596,2.30928,1.15464,,42.2596 1.15464 0
42.312,2.30015,1.150075,,42.312 1.150075 0
42.3162,2.29916,1.14958,,42.3162 1.14958 0
42.3695,2.28422,1.14211,,42.3695 1.14211 0
42.3738,2.283,1.1415,,42.3738 1.1415 0
42.4207,2.26665,1.133325,,42.4207 1.133325 0
42.4851,2.24614,1.12307,,42.4851 1.12307 0
42.5273,2.23421,1.117105,,42.5273 1.117105 0
42.5274,2.23418,1.11709,,42.5274 1.11709 0
42.5946,2.2144,1.1072,,42.5946 1.1072 0
42.6134,2.20876,1.10438,,42.6134 1.10438 0
42.7117,2.18292,1.09146,,42.7117 1.09146 0
42.7463,2.1748,1.0874,,42.7463 1.0874 0
42.8673,2.14656,1.07328,,42.8673 1.07328 0
42.8674,2.14654,1.07327,,42.8674 1.07327 0
42.8934,2.14103,1.070515,,42.8934 1.070515 0
42.9739,2.12712,1.06356,,42.9739 1.06356 0
43.155,2.11142,1.05571,,43.155 1.05571 0
43.2362,2.11449,1.057245,,43.2362 1.057245 0
43.3068,2.10844,1.05422,,43.3068 1.05422 0
43.3361,2.10686,1.05343,,43.3361 1.05343 0
43.3364,2.10684,1.05342,,43.3364 1.05342 0
43.37,2.1054,1.0527,,43.37 1.0527 0
43.5881,2.11334,1.05667,,43.5881 1.05667 0
43.6076,2.11644,1.05822,,43.6076 1.05822 0
43.6256,2.11824,1.05912,,43.6256 1.05912 0
43.6559,2.12092,1.06046,,43.6559 1.06046 0
43.7609,2.12486,1.06243,,43.7609 1.06243 0
43.8377,2.13345,1.066725,,43.8377 1.066725 0
43.9137,2.14467,1.072335,,43.9137 1.072335 0
43.9143,2.14469,1.072345,,43.9143 1.072345 0
44.0328,2.14675,1.073375,,44.0328 1.073375 0
44.0463,2.14801,1.074005,,44.0463 1.074005 0
44.0548,2.14888,1.07444,,44.0548 1.07444 0
44.0552,2.14891,1.074455,,44.0552 1.074455 0
44.08,2.15098,1.07549,,44.08 1.07549 0
44.0926,2.15209,1.076045,,44.0926 1.076045 0
44.1335,2.15228,1.07614,,44.1335 1.07614 0
44.1364,2.152,1.076,,44.1364 1.076 0
44.1469,2.15074,1.07537,,44.1469 1.07537 0
44.151,2.15026,1.07513,,44.151 1.07513 0
44.1633,2.14873,1.074365,,44.1633 1.074365 0
44.205,2.14426,1.07213,,44.205 1.07213 0
44.2102,2.14359,1.071795,,44.2102 1.071795 0
44.239,2.13887,1.069435,,44.239 1.069435 0
44.2712,2.13327,1.066635,,44.2712 1.066635 0
44.2869,2.13047,1.065235,,44.2869 1.065235 0
44.3026,2.12783,1.063915,,44.3026 1.063915 0
44.3357,2.12236,1.06118,,44.3357 1.06118 0
44.3475,2.12034,1.06017,,44.3475 1.06017 0
44.415,2.11086,1.05543,,44.415 1.05543 0
44.4254,2.10931,1.054655,,44.4254 1.054655 0
44.4511,2.10445,1.052225,,44.4511 1.052225 0
44.4924,2.09735,1.048675,,44.4924 1.048675 0
44.5141,2.09298,1.04649,,44.5141 1.04649 0
44.5619,2.08396,1.04198,,44.5619 1.04198 0
44.6209,2.07581,1.037905,,44.6209 1.037905 0
44.6245,2.07533,1.037665,,44.6245 1.037665 0
44.6249,2.07527,1.037635,,44.6249 1.037635 0
44.7088,2.06467,1.032335,,44.7088 1.032335 0
44.7102,2.06451,1.032255,,44.7102 1.032255 0
44.7524,2.05996,1.02998,,44.7524 1.02998 0
44.7766,2.05722,1.02861,,44.7766 1.02861 0
44.8223,2.05107,1.025535,,44.8223 1.025535 0
44.839,2.04858,1.02429,,44.839 1.02429 0
44.8488,2.04689,1.023445,,44.8488 1.023445 0
44.8701,2.04262,1.02131,,44.8701 1.02131 0
44.9091,2.03464,1.01732,,44.9091 1.01732 0
44.9091,2.03464,1.01732,,44.9091 1.01732 0
44.9375,2.02847,1.014235,,44.9375 1.014235 0
44.9531,2.02527,1.012635,,44.9531 1.012635 0
45.0667,2.01216,1.00608,,45.0667 1.00608 0
45.1139,2.00815,1.004075,,45.1139 1.004075 0
45.1437,2.00381,1.001905,,45.1437 1.001905 0
45.1552,2.00158,1.00079,,45.1552 1.00079 0
45.1555,2.00152,1.00076,,45.1555 1.00076 0
45.31,1.98539,0.992695,,45.31 0.992695 0
45.331,1.98526,0.99263,,45.331 0.99263 0
45.3529,1.98509,0.992545,,45.3529 0.992545 0
45.3825,1.98513,0.992565,,45.3825 0.992565 0
45.3826,1.98512,0.99256,,45.3826 0.99256 0
45.3871,1.98492,0.99246,,45.3871 0.99246 0
45.4021,1.98317,0.991585,,45.4021 0.991585 0
45.4611,1.97836,0.98918,,45.4611 0.98918 0
45.4734,1.97674,0.98837,,45.4734 0.98837 0
45.4987,1.97362,0.98681,,45.4987 0.98681 0
45.4989,1.97338,0.98669,,45.4989 0.98669 0
45.5068,1.96171,0.980855,,45.5068 0.980855 0
